Job,Event,Track,Parent,Patch,Creation Time [ns],Death Time [ns]
0,0,400184,388664,AlPatch_1_1,9340.6360612233,9340.7269820161
0,0,400183,388664,AlPatch_1_1,9340.6360612233,9340.7323994154
0,0,400398,376623,AlPatch_1_0,6309.9626657691,6310.0524691288
0,0,400397,376623,AlPatch_1_0,6309.9626657691,6310.0630841238
0,0,400436,373378,AlPatch_2_0,2795.6641198238,2795.7522316581
0,0,400435,373378,AlPatch_2_0,2795.6641198238,2795.7514666365
0,0,400600,362649,AlPatch_2_0,719.54491443598,719.6357559854
0,0,400599,362649,AlPatch_2_0,719.54491443598,719.63322516912
0,0,400892,344668,AlPatch_1_0,12956.500161421,12956.592593833
0,0,400891,344668,AlPatch_1_0,12956.500161421,12956.594173323
0,0,400930,342673,AlPatch_2_1,8988.0377793023,8988.1268554897
0,0,400929,342673,AlPatch_2_1,8988.0377793023,8988.1376790195
0,0,401158,330759,AlPatch_0_0,14600.132722707,14600.234987802
0,0,401157,330759,AlPatch_0_0,14600.132722707,14600.220407049
0,0,401600,304740,AlPatch_1_1,10592.921037278,10593.012939883
0,0,401599,304740,AlPatch_1_1,10592.921037278,10593.017148549
0,0,401768,293099,AlPatch_2_1,767.2610750668,767.34794557618
0,0,401767,293099,AlPatch_2_1,767.2610750668,767.34759120261
0,0,401842,288500,AlPatch_2_0,5542.0739784251,5542.1663683413
0,0,401841,288500,AlPatch_2_0,5542.0739784251,5542.1675801568
0,0,402240,261515,AlPatch_2_0,633.2126413727,633.30016773178
0,0,402239,261515,AlPatch_2_0,633.2126413727,633.30438112896
0,0,402460,249114,AlPatch_0_0,4450.1986927447,4450.29689584
0,0,402459,249114,AlPatch_0_0,4450.1986927447,4450.2986560545
0,0,402512,245512,AlPatch_1_0,9643.5273498015,9643.6220929885
0,0,402511,245512,AlPatch_1_0,9643.5273498015,9643.6202612496
0,0,402534,244725,AlPatch_0_1,2468.3264529932,2468.4130409106
0,0,402533,244725,AlPatch_0_1,2468.3264529932,2468.4131322884
0,0,402632,238884,AlPatch_1_0,2987.0146672931,2987.1049486747
0,0,402631,238884,AlPatch_1_0,2987.0146672931,2987.1118606975
0,0,402706,234837,AlPatch_2_0,4026.4823402531,4026.5700988519
0,0,402705,234837,AlPatch_2_0,4026.4823402531,4026.5796774808
0,0,402776,230605,AlPatch_1_1,10226.097876655,10226.199124252
0,0,402775,230605,AlPatch_1_1,10226.097876655,10226.186854782
0,0,402780,230201,AlPatch_2_0,678.61421979706,678.7144471429
0,0,402779,230201,AlPatch_2_0,678.61421979706,678.70228235978
0,0,402838,226085,AlPatch_0_1,11963.442477815,11963.54709702
0,0,402837,226085,AlPatch_0_1,11963.442477815,11963.528098224
0,0,402848,225498,AlPatch_2_0,10355.526082939,10355.617701975
0,0,402847,225498,AlPatch_2_0,10355.526082939,10355.620825526
0,0,402858,225056,AlPatch_2_0,770.36821572599,770.47367039213
0,0,402857,225056,AlPatch_2_0,770.36821572599,770.45412137642
0,0,403470,188098,AlPatch_2_0,865.87975640714,865.97870665141
0,0,403469,188098,AlPatch_2_0,865.87975640714,865.97476335869
0,0,403572,182378,AlPatch_2_0,17699.889376553,17699.982289534
0,0,403571,182378,AlPatch_2_0,17699.889376553,17699.977262306
0,0,403620,180127,AlPatch_2_1,15545.377712642,15545.463181894
0,0,403619,180127,AlPatch_2_1,15545.377712642,15545.463426445
0,0,403818,167859,AlPatch_0_0,8818.4499185365,8818.5378468747
0,0,403817,167859,AlPatch_0_0,8818.4499185365,8818.550263388
0,0,404604,119689,AlPatch_0_0,8723.2962187424,8723.3909267375
0,0,404603,119689,AlPatch_0_0,8723.2962187424,8723.3858832492
0,0,404620,119079,AlPatch_2_0,4009.7748704401,4009.8612784528
0,0,404619,119079,AlPatch_2_0,4009.7748704401,4009.862284474
0,0,404630,118643,AlPatch_2_0,8308.2416917154,8308.3370914951
0,0,404629,118643,AlPatch_2_0,8308.2416917154,8308.336268467
0,0,404674,115618,AlPatch_1_0,895.6606098297,895.74669046117
0,0,404673,115618,AlPatch_1_0,895.6606098297,895.74738382052
0,0,404704,114565,AlPatch_1_1,7045.9101805666,7046.0077258056
0,0,404703,114565,AlPatch_1_1,7045.9101805666,7046.0051029621
0,0,404724,113720,AlPatch_2_0,677.4808004541,677.58305112338
0,0,404723,113720,AlPatch_2_0,677.4808004541,677.56992825706
0,0,405136,90745,AlPatch_2_0,255.50984291257,255.6063375212
0,0,405135,90745,AlPatch_2_0,255.50984291257,255.60136261663
0,0,405162,89369,AlPatch_2_1,1721.1893352914,1721.2768494463
0,0,405161,89369,AlPatch_2_1,1721.1893352914,1721.2946524793
0,0,406192,27866,AlPatch_2_1,11371.149930513,11371.252002941
0,0,406191,27866,AlPatch_2_1,11371.149930513,11371.240853705
0,0,406196,27491,AlPatch_0_0,9578.1902783955,9578.2797101784
0,0,406195,27491,AlPatch_0_0,9578.1902783955,9578.2910342576
0,0,406552,5049,AlPatch_2_0,256.33886429365,256.43211796315
0,0,406551,5049,AlPatch_2_0,256.33886429365,256.43902231773
10,0,400534,362150,AlPatch_2_0,3563.183746928,3563.2814508844
10,0,400533,362150,AlPatch_2_0,3563.183746928,3563.2735137071
10,0,400582,360110,AlPatch_1_1,4968.817584228,4968.9193354327
10,0,400581,360110,AlPatch_1_1,4968.817584228,4968.904978345
10,0,400724,352619,AlPatch_2_1,1326.8656917555,1326.9601756812
10,0,400723,352619,AlPatch_2_1,1326.8656917555,1326.9628711619
10,0,400906,341643,AlPatch_2_0,828.93826468111,829.03542849948
10,0,400905,341643,AlPatch_2_0,828.93826468111,829.02890712561
10,0,401014,333490,AlPatch_0_0,13898.601634086,13898.689527797
10,0,401013,333490,AlPatch_0_0,13898.601634086,13898.689698523
10,0,401198,321954,AlPatch_0_1,8677.8460657701,8677.9344334579
10,0,401197,321954,AlPatch_0_1,8677.8460657701,8677.9440891458
10,0,401320,314710,AlPatch_2_0,2504.6327886522,2504.7196745389
10,0,401319,314710,AlPatch_2_0,2504.6327886522,2504.7278448678
10,0,401332,314196,AlPatch_2_0,244.58513072728,244.67792713305
10,0,401331,314196,AlPatch_2_0,244.58513072728,244.68108584921
10,0,401386,310433,AlPatch_1_1,12313.643921313,12313.738453183
10,0,401385,310433,AlPatch_1_1,12313.643921313,12313.734987975
10,0,401498,304228,AlPatch_2_0,658.40889990126,658.50218812438
10,0,401497,304228,AlPatch_2_0,658.40889990126,658.50127496344
10,0,401508,303666,AlPatch_0_0,9898.9787462299,9899.0758133999
10,0,401507,303666,AlPatch_0_0,9898.9787462299,9899.0753617786
10,0,401958,281772,AlPatch_1_1,12741.313433133,12741.402944054
10,0,401957,281772,AlPatch_1_1,12741.313433133,12741.401179916
10,0,401984,280503,AlPatch_0_0,13182.335725721,13182.433092276
10,0,401983,280503,AlPatch_0_0,13182.335725721,13182.426160339
10,0,402332,259240,AlPatch_0_0,6442.078362891,6442.1711214232
10,0,402331,259240,AlPatch_0_0,6442.078362891,6442.1723644072
10,0,402708,236905,AlPatch_1_1,9015.4188364131,9015.5112727108
10,0,402707,236905,AlPatch_1_1,9015.4188364131,9015.5148792811
10,0,403062,216295,AlPatch_1_0,13586.246053942,13586.339600671
10,0,403061,216295,AlPatch_1_0,13586.246053942,13586.347267174
10,0,403498,188513,AlPatch_2_0,3202.8453046231,3202.9412060526
10,0,403497,188513,AlPatch_2_0,3202.8453046231,3202.9334641428
10,0,403976,157480,AlPatch_0_0,9296.766489217,9296.8702574257
10,0,403975,157480,AlPatch_0_0,9296.766489217,9296.8520178395
10,0,403998,156167,AlPatch_0_0,4659.7017128153,4659.7872357476
10,0,403997,156167,AlPatch_0_0,4659.7017128153,4659.7934617953
10,0,404256,138606,AlPatch_0_0,7722.8548111803,7722.9433176068
10,0,404255,138606,AlPatch_0_0,7722.8548111803,7722.9435733087
10,0,404432,127489,AlPatch_1_1,10172.642985354,10172.729146823
10,0,404431,127489,AlPatch_1_1,10172.642985354,10172.74487925
10,0,404592,119011,AlPatch_0_0,18384.477230793,18384.577885721
10,0,404591,119011,AlPatch_0_0,18384.477230793,18384.577034689
10,0,404616,117408,AlPatch_1_1,19498.5374708,19498.630123569
10,0,404615,117408,AlPatch_1_1,19498.5374708,19498.636482451
10,0,404900,95565,AlPatch_1_0,11140.77138789,11140.859706969
10,0,404899,95565,AlPatch_1_0,11140.77138789,11140.862238942
10,0,405136,82190,AlPatch_2_1,7520.9514683889,7521.041352373
10,0,405135,82190,AlPatch_2_1,7520.9514683889,7521.0409063086
10,0,405250,74861,AlPatch_2_1,781.6563479524,781.75633123674
10,0,405249,74861,AlPatch_2_1,781.6563479524,781.75464187674
10,0,405544,58356,AlPatch_2_0,2901.8455805831,2901.9313369985
10,0,405543,58356,AlPatch_2_0,2901.8455805831,2901.9464942153
10,0,405620,53974,AlPatch_2_1,5906.4279101417,5906.5255970728
10,0,405619,53974,AlPatch_2_1,5906.4279101417,5906.5291319565
10,0,405738,47621,AlPatch_2_0,249.58262066399,249.6709850541
10,0,405737,47621,AlPatch_2_0,249.58262066399,249.66879542252
10,0,405884,38029,AlPatch_2_1,5360.2749671113,5360.3605857312
10,0,405883,38029,AlPatch_2_1,5360.2749671113,5360.3772968111
10,0,405930,36136,AlPatch_2_0,1344.3142238358,1344.3994661735
10,0,405929,36136,AlPatch_2_0,1344.3142238358,1344.3998325026
10,0,405956,34777,AlPatch_2_0,10008.406163826,10008.501372118
10,0,405955,34777,AlPatch_2_0,10008.406163826,10008.494158214
10,0,406244,18162,AlPatch_1_1,8331.1340406101,8331.219244245
10,0,406243,18162,AlPatch_1_1,8331.1340406101,8331.2221426015
10,0,406350,10336,AlPatch_1_1,7396.5183149365,7396.6165971239
10,0,406349,10336,AlPatch_1_1,7396.5183149365,7396.608004657
10,0,406360,9790,AlPatch_2_1,4411.6293880853,4411.717706407
10,0,406359,9790,AlPatch_2_1,4411.6293880853,4411.7170419416
10,0,406534,345,AlPatch_0_0,15964.360541871,15964.448638535
10,0,406533,345,AlPatch_0_0,15964.360541871,15964.460902512
11,0,400130,392879,AlPatch_1_0,15087.381518796,15087.475729747
11,0,400129,392879,AlPatch_1_0,15087.381518796,15087.475669132
11,0,400258,384492,AlPatch_1_0,703.61676823196,703.71966711921
11,0,400257,384492,AlPatch_1_0,703.61676823196,703.71621923266
11,0,400424,373239,AlPatch_0_0,11650.413820156,11650.514541286
11,0,400423,373239,AlPatch_0_0,11650.413820156,11650.516695763
11,0,400462,371017,AlPatch_2_0,257.15050004698,257.25224388515
11,0,400461,371017,AlPatch_2_0,257.15050004698,257.24402419345
11,0,400534,367214,AlPatch_2_0,7999.5539331027,7999.6480770719
11,0,400533,367214,AlPatch_2_0,7999.5539331027,7999.6489807422
11,0,400788,350274,AlPatch_2_1,20022.034199622,20022.12564217
11,0,400787,350274,AlPatch_2_1,20022.034199622,20022.132498158
11,0,401088,335449,AlPatch_2_1,17105.698404856,17105.787642155
11,0,401087,335449,AlPatch_2_1,17105.698404856,17105.789491133
11,0,401210,328695,AlPatch_0_1,18884.765330272,18884.864242621
11,0,401209,328695,AlPatch_0_1,18884.765330272,18884.864982916
11,0,401214,328518,AlPatch_2_0,12682.306939248,12682.39893093
11,0,401213,328518,AlPatch_2_0,12682.306939248,12682.402156713
11,0,401498,311968,AlPatch_1_1,20337.493654921,20337.591971265
11,0,401497,311968,AlPatch_1_1,20337.493654921,20337.593307789
11,0,401548,308136,AlPatch_2_0,754.63873614588,754.73023649463
11,0,401547,308136,AlPatch_2_0,754.63873614588,754.72818958422
11,0,401734,298437,AlPatch_1_0,7374.6914945933,7374.782321335
11,0,401733,298437,AlPatch_1_0,7374.6914945933,7374.7825961261
11,0,401788,295344,AlPatch_2_0,12046.801574556,12046.891446278
11,0,401787,295344,AlPatch_2_0,12046.801574556,12046.901037936
11,0,401820,293400,AlPatch_2_0,8603.3248775087,8603.4194161007
11,0,401819,293400,AlPatch_2_0,8603.3248775087,8603.4234992156
11,0,402224,270368,AlPatch_0_0,18518.241005071,18518.331794245
11,0,402223,270368,AlPatch_0_0,18518.241005071,18518.33493293
11,0,402250,268609,AlPatch_2_0,256.56998897475,256.66024845433
11,0,402249,268609,AlPatch_2_0,256.56998897475,256.66962845786
11,0,402394,259498,AlPatch_2_0,6222.7637590319,6222.850778949
11,0,402393,259498,AlPatch_2_0,6222.7637590319,6222.8495787116
11,0,402530,250535,AlPatch_1_0,6247.2086509672,6247.3129963832
11,0,402529,250535,AlPatch_1_0,6247.2086509672,6247.2964905015
11,0,402794,233860,AlPatch_2_0,6236.5180334695,6236.6048329553
11,0,402793,233860,AlPatch_2_0,6236.5180334695,6236.6042554174
11,0,402862,230363,AlPatch_0_0,20268.623008566,20268.718428438
11,0,402861,230363,AlPatch_0_0,20268.623008566,20268.72608943
11,0,403190,209552,AlPatch_0_1,17373.799859065,17373.889861768
11,0,403189,209552,AlPatch_0_1,17373.799859064,17373.892515631
11,0,403520,187643,AlPatch_0_1,9163.4658001285,9163.5603209327
11,0,403519,187643,AlPatch_0_1,9163.4658001285,9163.5572203719
11,0,403620,182512,AlPatch_2_0,882.33076982699,882.42903236752
11,0,403619,182512,AlPatch_2_0,882.33076982699,882.41885861307
11,0,403628,182213,AlPatch_0_0,7947.0235289832,7947.1109339613
11,0,403627,182213,AlPatch_0_0,7947.0235289832,7947.1217762822
11,0,403630,182097,AlPatch_2_1,10823.969374506,10824.063952402
11,0,403629,182097,AlPatch_2_1,10823.969374506,10824.062892388
11,0,403722,176097,AlPatch_2_0,5963.9453360628,5964.0338983965
11,0,403721,176097,AlPatch_2_0,5963.9453360628,5964.0438125533
11,0,403850,168521,AlPatch_1_0,10850.228656595,10850.320339657
11,0,403849,168521,AlPatch_1_0,10850.228656595,10850.316078708
11,0,403898,165705,AlPatch_1_0,19446.552798561,19446.641376285
11,0,403897,165705,AlPatch_1_0,19446.552798561,19446.641931062
11,0,403972,161739,AlPatch_0_1,19435.717061867,19435.821365592
11,0,403971,161739,AlPatch_0_1,19435.717061867,19435.802708877
11,0,404032,157781,AlPatch_2_0,249.70727055273,249.79894791206
11,0,404031,157781,AlPatch_2_0,249.70727055273,249.79667208034
11,0,404068,156299,AlPatch_2_1,11249.098313836,11249.197901247
11,0,404067,156299,AlPatch_2_1,11249.098313836,11249.188211281
11,0,404130,153553,AlPatch_1_1,6548.8910175253,6548.9851323635
11,0,404129,153553,AlPatch_1_1,6548.8910175253,6548.9792988724
11,0,404190,149739,AlPatch_2_0,15662.827391427,15662.933388535
11,0,404189,149739,AlPatch_2_0,15662.827391427,15662.92811536
11,0,404230,146453,AlPatch_2_0,9431.4537517853,9431.5408322536
11,0,404229,146453,AlPatch_2_0,9431.4537517853,9431.5484716207
11,0,404500,130579,AlPatch_1_0,935.74846503449,935.84335879638
11,0,404499,130579,AlPatch_1_0,935.74846503449,935.8477484717
11,0,404514,129375,AlPatch_2_0,6972.6671743739,6972.7580055929
11,0,404513,129375,AlPatch_2_0,6972.6671743739,6972.7582188097
11,0,404630,122853,AlPatch_2_0,16920.221952974,16920.319165378
11,0,404629,122853,AlPatch_2_0,16920.221952974,16920.315729859
11,0,404724,117202,AlPatch_2_1,7075.197751197,7075.2981635117
11,0,404723,117202,AlPatch_2_1,7075.197751197,7075.2860207288
11,0,404886,106181,AlPatch_1_1,15710.74522382,15710.832243747
11,0,404885,106181,AlPatch_1_1,15710.74522382,15710.843909563
11,0,405060,94535,AlPatch_0_0,16480.707356052,16480.801837065
11,0,405059,94535,AlPatch_0_0,16480.707356052,16480.801932185
11,0,405322,80210,AlPatch_2_1,4243.3595834642,4243.454406917
11,0,405321,80210,AlPatch_2_1,4243.3595834642,4243.4484827022
11,0,405754,53971,AlPatch_0_1,12083.886545488,12083.98256497
11,0,405753,53971,AlPatch_0_1,12083.886545488,12083.97305974
11,0,405762,53712,AlPatch_0_1,5915.3759337502,5915.4680027221
11,0,405761,53712,AlPatch_0_1,5915.3759337502,5915.4666134957
11,0,406068,35415,AlPatch_1_0,21246.732900129,21246.819606301
11,0,406067,35415,AlPatch_1_0,21246.732900129,21246.818530159
12,0,400164,388879,AlPatch_0_0,11167.363597377,11167.451910054
12,0,400163,388879,AlPatch_0_0,11167.363597377,11167.464605903
12,0,400290,380127,AlPatch_0_0,1799.3466685196,1799.4460713839
12,0,400289,380127,AlPatch_0_0,1799.3466685196,1799.446395003
12,0,400354,375698,AlPatch_1_0,26756.062780803,26756.150967135
12,0,400353,375698,AlPatch_1_0,26756.062780803,26756.162321868
12,0,400548,362950,AlPatch_1_0,830.00047164704,830.10299880023
12,0,400547,362950,AlPatch_1_0,830.00047164704,830.09943074733
12,0,400558,362450,AlPatch_0_1,7593.7662883713,7593.8539371856
12,0,400557,362450,AlPatch_0_1,7593.7662883713,7593.8708773098
12,0,400614,359451,AlPatch_2_1,8394.9552864249,8395.0457329394
12,0,400613,359451,AlPatch_2_1,8394.9552864249,8395.0527231189
12,0,400896,343397,AlPatch_2_0,5253.6444131374,5253.7482066672
12,0,400895,343397,AlPatch_2_0,5253.6444131374,5253.7299432488
12,0,401072,332200,AlPatch_2_0,5645.6192256733,5645.7047358845
12,0,401071,332200,AlPatch_2_0,5645.6192256733,5645.7204599502
12,0,401188,325088,AlPatch_2_0,249.4178341064,249.50486587026
12,0,401187,325088,AlPatch_2_0,249.4178341064,249.50921504072
12,0,401280,319449,AlPatch_1_1,3416.5771160934,3416.6623567801
12,0,401279,319449,AlPatch_1_1,3416.5771160934,3416.6629141945
12,0,401558,302574,AlPatch_1_0,6172.158697988,6172.2581634322
12,0,401557,302574,AlPatch_1_0,6172.158697988,6172.2506429557
12,0,401568,302143,AlPatch_2_1,9347.2864337482,9347.3916834076
12,0,401567,302143,AlPatch_2_1,9347.2864337482,9347.3797670316
12,0,401618,299137,AlPatch_2_1,16733.097061072,16733.193650742
12,0,401617,299137,AlPatch_2_1,16733.097061072,16733.198541621
12,0,401938,278577,AlPatch_0_0,1770.7416794833,1770.835668544
12,0,401937,278577,AlPatch_0_0,1770.7416794833,1770.8327745873
12,0,402104,268641,AlPatch_1_1,16323.166528104,16323.255773664
12,0,402103,268641,AlPatch_1_1,16323.166528104,16323.255298669
12,0,402378,253634,AlPatch_0_0,2817.1606195593,2817.257412535
12,0,402377,253634,AlPatch_0_0,2817.1606195593,2817.2544404181
12,0,402400,252860,AlPatch_1_0,11612.056632623,11612.145478167
12,0,402399,252860,AlPatch_1_0,11612.056632623,11612.145434596
12,0,402698,234074,AlPatch_2_0,7791.2776906015,7791.3718930818
12,0,402697,234074,AlPatch_2_0,7791.2776906015,7791.3738002745
12,0,402750,231297,AlPatch_2_1,7380.9523308467,7381.0382970839
12,0,402749,231297,AlPatch_2_1,7380.9523308467,7381.0473720556
12,0,402844,225358,AlPatch_2_1,6726.8657509585,6726.9543980685
12,0,402843,225358,AlPatch_2_1,6726.8657509585,6726.9571075183
12,0,402910,221095,AlPatch_2_0,9118.6554970491,9118.7475778813
12,0,402909,221095,AlPatch_2_0,9118.6554970491,9118.7438031519
12,0,402986,217700,AlPatch_2_0,3664.8558646648,3664.9583857855
12,0,402985,217700,AlPatch_2_0,3664.8558646648,3664.9605391204
12,0,403202,204205,AlPatch_0_1,7388.3503013772,7388.4523342751
12,0,403201,204205,AlPatch_0_1,7388.3503013772,7388.4362613483
12,0,403342,195250,AlPatch_2_0,8153.3469432542,8153.4347791731
12,0,403341,195250,AlPatch_2_0,8153.3469432541,8153.4351487058
12,0,403408,192024,AlPatch_0_1,6142.3440126631,6142.4319158061
12,0,403407,192024,AlPatch_0_1,6142.3440126631,6142.4408282734
12,0,403512,187727,AlPatch_1_0,10769.810022659,10769.907879853
12,0,403511,187727,AlPatch_1_0,10769.810022659,10769.903581629
12,0,403710,175540,AlPatch_2_1,16672.84718952,16672.93285543
12,0,403709,175540,AlPatch_2_1,16672.84718952,16672.93793751
12,0,403762,172979,AlPatch_2_0,2526.7694914334,2526.8666454107
12,0,403761,172979,AlPatch_2_0,2526.7694914334,2526.8602680337
12,0,403796,170151,AlPatch_2_0,1725.7718291989,1725.8686839723
12,0,403795,170151,AlPatch_2_0,1725.7718291989,1725.8674849272
12,0,403966,160833,AlPatch_2_1,3492.4587608795,3492.5468358441
12,0,403965,160833,AlPatch_2_1,3492.4587608795,3492.5503910025
12,0,404104,153804,AlPatch_2_0,708.44070578406,708.52862927481
12,0,404103,153804,AlPatch_2_0,708.44070578406,708.5288777751
12,0,404246,145500,AlPatch_2_1,11359.316733225,11359.40427951
12,0,404245,145500,AlPatch_2_1,11359.316733225,11359.408160216
12,0,404824,107458,AlPatch_2_1,1999.3678320933,1999.4624880049
12,0,404823,107458,AlPatch_2_1,1999.3678320933,1999.4612350991
12,0,404938,100022,AlPatch_2_0,3293.7377353335,3293.8267222571
12,0,404937,100022,AlPatch_2_0,3293.7377353335,3293.8392254086
12,0,405184,83000,AlPatch_2_1,16867.115541573,16867.202777878
12,0,405183,83000,AlPatch_2_1,16867.115541573,16867.202046127
12,0,405310,75900,AlPatch_1_0,13522.216670387,13522.307435638
12,0,405309,75900,AlPatch_1_0,13522.216670387,13522.309858847
12,0,405492,63954,AlPatch_2_1,7529.0033336481,7529.0941853435
12,0,405491,63954,AlPatch_2_1,7529.0033336481,7529.1014205238
12,0,405794,47279,AlPatch_2_1,11875.740457518,11875.826476018
12,0,405793,47279,AlPatch_2_1,11875.740457518,11875.82675137
12,0,406322,13403,AlPatch_1_1,13733.15187032,13733.251659256
12,0,406321,13403,AlPatch_1_1,13733.15187032,13733.250911847
12,0,406362,11857,AlPatch_2_1,11824.135366659,11824.231644672
12,0,406361,11857,AlPatch_2_1,11824.135366659,11824.231673954
13,0,400022,399344,AlPatch_0_1,21492.35872458,21492.456647212
13,0,400021,399344,AlPatch_0_1,21492.35872458,21492.450669176
13,0,400068,397068,AlPatch_2_0,7238.2489368161,7238.3368695479
13,0,400067,397068,AlPatch_2_0,7238.2489368161,7238.3488944371
13,0,400258,386600,AlPatch_2_1,3222.9660367942,3223.0546954606
13,0,400257,386600,AlPatch_2_1,3222.9660367942,3223.0557706298
13,0,400990,347526,AlPatch_2_0,263.61449984917,263.71191018719
13,0,400989,347526,AlPatch_2_0,263.61449984917,263.70056032121
13,0,401096,340983,AlPatch_1_1,9350.0275270252,9350.1331290583
13,0,401095,340983,AlPatch_1_1,9350.0275270252,9350.1312347968
13,0,401368,322648,AlPatch_2_0,683.03601626489,683.13355184507
13,0,401367,322648,AlPatch_2_0,683.03601626489,683.12996726511
13,0,401782,297471,AlPatch_0_1,10605.423831834,10605.513286594
13,0,401781,297471,AlPatch_0_1,10605.423831834,10605.523162397
13,0,402040,282951,AlPatch_0_1,6030.5450094626,6030.6459043325
13,0,402039,282951,AlPatch_0_1,6030.5450094626,6030.6319435071
13,0,402760,240887,AlPatch_2_0,1648.0221993332,1648.1243431036
13,0,402759,240887,AlPatch_2_0,1648.0221993332,1648.1157845172
13,0,403116,218751,AlPatch_1_0,2907.4225946136,2907.5181120248
13,0,403115,218751,AlPatch_1_0,2907.4225946136,2907.520152372
13,0,403368,202612,AlPatch_2_1,2731.8615059635,2731.9485708541
13,0,403367,202612,AlPatch_2_1,2731.8615059635,2731.9641112997
13,0,403468,196408,AlPatch_2_1,12145.518024581,12145.61523929
13,0,403467,196408,AlPatch_2_1,12145.518024581,12145.618903765
13,0,403790,178212,AlPatch_0_1,12214.875032475,12214.961799915
13,0,403789,178212,AlPatch_0_1,12214.875032475,12214.963477015
13,0,403852,173265,AlPatch_1_1,14987.984171866,14988.073475077
13,0,403851,173265,AlPatch_1_1,14987.984171866,14988.085214951
13,0,403912,170422,AlPatch_2_0,7923.9884416616,7924.0831115004
13,0,403911,170422,AlPatch_2_0,7923.9884416616,7924.0824439205
13,0,404064,161891,AlPatch_0_1,1969.0580618351,1969.1565554423
13,0,404063,161891,AlPatch_0_1,1969.0580618351,1969.1561445631
13,0,404152,157264,AlPatch_0_1,14879.744760609,14879.839176248
13,0,404151,157264,AlPatch_0_1,14879.744760609,14879.836944046
13,0,404278,149599,AlPatch_2_0,16164.291880923,16164.390345545
13,0,404277,149599,AlPatch_2_0,16164.291880923,16164.399064953
13,0,404336,147573,AlPatch_1_0,17200.381094437,17200.476335507
13,0,404335,147573,AlPatch_1_0,17200.381094437,17200.479465729
13,0,404358,145719,AlPatch_2_0,6156.6098100152,6156.6959838925
13,0,404357,145719,AlPatch_2_0,6156.6098100152,6156.7123146814
13,0,404422,141973,AlPatch_2_0,1918.8359227558,1918.9286533645
13,0,404421,141973,AlPatch_2_0,1918.8359227558,1918.9343621727
13,0,404482,138784,AlPatch_0_0,15027.312624065,15027.41062314
13,0,404481,138784,AlPatch_0_0,15027.312624065,15027.404283604
13,0,404556,134278,AlPatch_1_0,14335.643295901,14335.737997221
13,0,404555,134278,AlPatch_1_0,14335.643295901,14335.74046689
13,0,404720,124453,AlPatch_0_1,12786.145783776,12786.233222157
13,0,404719,124453,AlPatch_0_1,12786.145783776,12786.23380632
13,0,404900,113846,AlPatch_2_0,1632.3287868038,1632.419210566
13,0,404899,113846,AlPatch_2_0,1632.3287868038,1632.4273289915
13,0,405260,90895,AlPatch_0_1,3517.0273147314,3517.1186029949
13,0,405259,90895,AlPatch_0_1,3517.0273147314,3517.1152763022
13,0,405364,84756,AlPatch_2_1,13019.208169245,13019.302797418
13,0,405363,84756,AlPatch_2_1,13019.208169245,13019.302640982
13,0,405392,83754,AlPatch_0_0,5200.2909990951,5200.3854430256
13,0,405391,83754,AlPatch_0_0,5200.2909990951,5200.3871377953
13,0,405790,60327,AlPatch_0_0,11610.449835818,11610.538571744
13,0,405789,60327,AlPatch_0_0,11610.449835818,11610.546907961
13,0,405848,58029,AlPatch_0_1,9719.8396676375,9719.9325364455
13,0,405847,58029,AlPatch_0_1,9719.8396676375,9719.941887157
13,0,406128,41014,AlPatch_2_1,1802.3970419689,1802.4882103518
13,0,406127,41014,AlPatch_2_1,1802.3970419689,1802.4991704088
13,0,406138,40839,AlPatch_1_1,6946.7432511383,6946.8309089346
13,0,406137,40839,AlPatch_1_1,6946.7432511383,6946.8301129991
13,0,406242,34640,AlPatch_2_1,8639.9515591484,8640.054784456
13,0,406241,34640,AlPatch_2_1,8639.9515591484,8640.0554450033
13,0,406310,30362,AlPatch_2_1,14412.06759115,14412.162857965
13,0,406309,30362,AlPatch_2_1,14412.06759115,14412.158045627
13,0,406324,29214,AlPatch_0_0,8222.3824670414,8222.4698103735
13,0,406323,29214,AlPatch_0_0,8222.3824670414,8222.4742282529
13,0,406358,27591,AlPatch_1_1,7011.8905381313,7011.9811823652
13,0,406357,27591,AlPatch_1_1,7011.8905381313,7011.9785243984
13,0,406488,21823,AlPatch_1_0,11835.3245745,11835.414488972
13,0,406487,21823,AlPatch_1_0,11835.3245745,11835.421700439
13,0,406728,8328,AlPatch_2_1,15038.111644453,15038.215505569
13,0,406727,8328,AlPatch_2_1,15038.111644453,15038.201624956
13,0,406750,7337,AlPatch_2_1,14748.03863292,14748.127068245
13,0,406749,7337,AlPatch_2_1,14748.03863292,14748.125337427
14,0,400098,394345,AlPatch_2_0,7815.8529621442,7815.9532730398
14,0,400097,394345,AlPatch_2_0,7815.8529621442,7815.9586485134
14,0,400316,382233,AlPatch_2_0,9451.8949853169,9451.9807159636
14,0,400315,382233,AlPatch_2_0,9451.8949853169,9451.9860815323
14,0,401062,338230,AlPatch_2_1,14982.801989682,14982.890163266
14,0,401061,338230,AlPatch_2_1,14982.801989682,14982.889483593
14,0,401404,319264,AlPatch_2_1,8717.9291753563,8718.0162412479
14,0,401403,319264,AlPatch_2_1,8717.9291753563,8718.0162240562
14,0,401530,311363,AlPatch_2_0,6930.9397868714,6931.0324294213
14,0,401529,311363,AlPatch_2_0,6930.9397868714,6931.0362518021
14,0,401660,303889,AlPatch_0_1,4694.9723231341,4695.0701615354
14,0,401659,303889,AlPatch_0_1,4694.9723231341,4695.0671263845
14,0,401796,295448,AlPatch_0_0,2664.1588277948,2664.252249218
14,0,401795,295448,AlPatch_0_0,2664.1588277948,2664.2534545731
14,0,401966,283358,AlPatch_2_1,13223.159760322,13223.248016081
14,0,401965,283358,AlPatch_2_1,13223.159760322,13223.253003415
14,0,402066,275604,AlPatch_2_1,1858.3506111735,1858.4514282259
14,0,402065,275604,AlPatch_2_1,1858.3506111735,1858.4390500672
14,0,402094,274421,AlPatch_1_0,13148.344516879,13148.442386284
14,0,402093,274421,AlPatch_1_0,13148.344516879,13148.432483007
14,0,402104,273813,AlPatch_2_0,1220.4115022341,1220.5100198048
14,0,402103,273813,AlPatch_2_0,1220.4115022341,1220.5020736013
14,0,402204,267925,AlPatch_0_0,4571.6896770439,4571.7769341579
14,0,402203,267925,AlPatch_0_0,4571.6896770439,4571.7781755216
14,0,402318,261519,AlPatch_2_0,12372.815252481,12372.917006136
14,0,402317,261519,AlPatch_2_0,12372.815252481,12372.909253826
14,0,402458,252380,AlPatch_1_1,2426.4294353412,2426.5170148072
14,0,402457,252380,AlPatch_1_1,2426.4294353412,2426.5286421856
14,0,402566,245392,AlPatch_1_0,2689.7034383905,2689.7911815244
14,0,402565,245392,AlPatch_1_0,2689.7034383905,2689.7981866852
14,0,402584,243471,AlPatch_2_1,2285.0656353359,2285.1603802556
14,0,402583,243471,AlPatch_2_1,2285.0656353359,2285.163823426
14,0,402856,226309,AlPatch_0_1,6208.339289219,6208.4290997024
14,0,402855,226309,AlPatch_0_1,6208.339289219,6208.4284784758
14,0,402918,223106,AlPatch_2_1,7104.1084990875,7104.1951120668
14,0,402917,223106,AlPatch_2_1,7104.1084990875,7104.2015985667
14,0,403050,215236,AlPatch_2_0,269.58712339073,269.67757679993
14,0,403049,215236,AlPatch_2_0,269.58712339073,269.68239515442
14,0,403074,213457,AlPatch_0_1,2802.902002554,2803.0030808751
14,0,403073,213457,AlPatch_0_1,2802.902002554,2802.9888664667
14,0,403162,206558,AlPatch_1_0,5878.5488926164,5878.6485185133
14,0,403161,206558,AlPatch_1_0,5878.5488926164,5878.6378834867
14,0,403368,195996,AlPatch_2_0,13271.620158887,13271.709156845
14,0,403367,195996,AlPatch_2_0,13271.620158887,13271.715085038
14,0,403742,175709,AlPatch_2_0,11874.957649232,11875.049538909
14,0,403741,175709,AlPatch_2_0,11874.957649232,11875.054794642
14,0,403890,166772,AlPatch_0_1,12062.139758689,12062.239119233
14,0,403889,166772,AlPatch_0_1,12062.139758689,12062.237397785
14,0,403950,163242,AlPatch_2_0,12675.232351391,12675.332547797
14,0,403949,163242,AlPatch_2_0,12675.232351391,12675.330546432
14,0,404544,126540,AlPatch_0_1,8404.1735397752,8404.2624071785
14,0,404543,126540,AlPatch_0_1,8404.1735397752,8404.2630767604
14,0,405068,95814,AlPatch_2_0,621.71882074017,621.80576437113
14,0,405067,95814,AlPatch_2_0,621.71882074017,621.80755974579
14,0,405144,91535,AlPatch_0_1,16117.972259374,16118.064119597
14,0,405143,91535,AlPatch_0_1,16117.972259374,16118.061793155
14,0,405224,87161,AlPatch_2_0,1571.8136948266,1571.9139270035
14,0,405223,87161,AlPatch_2_0,1571.8136948266,1571.9142574542
14,0,405326,79996,AlPatch_2_0,2293.7339223407,2293.8308290951
14,0,405325,79996,AlPatch_2_0,2293.7339223407,2293.8310144022
14,0,405364,77256,AlPatch_1_1,1312.0872788235,1312.1910633193
14,0,405363,77256,AlPatch_1_1,1312.0872788235,1312.1728066375
14,0,405380,76195,AlPatch_2_1,9702.4733602068,9702.5691269948
14,0,405379,76195,AlPatch_2_1,9702.4733602068,9702.5649917864
14,0,405640,61116,AlPatch_2_1,5075.7426966713,5075.8416860825
14,0,405639,61116,AlPatch_2_1,5075.7426966713,5075.8425638103
14,0,405740,53785,AlPatch_2_1,3787.7606263132,3787.8616273177
14,0,405739,53785,AlPatch_2_1,3787.7606263132,3787.8623419424
14,0,405848,47682,AlPatch_2_0,1597.932646049,1598.0180442304
14,0,405847,47682,AlPatch_2_0,1597.932646049,1598.0317663652
14,0,406040,35232,AlPatch_1_0,12736.510356664,12736.598764644
14,0,406039,35232,AlPatch_1_0,12736.510356664,12736.610876684
14,0,406230,24582,AlPatch_1_1,3249.8156682104,3249.9150264806
14,0,406229,24582,AlPatch_1_1,3249.8156682104,3249.9041806428
14,0,406430,9541,AlPatch_2_1,6794.36993474,6794.4690481611
14,0,406429,9541,AlPatch_2_1,6794.36993474,6794.4585460274
14,0,406440,8981,AlPatch_2_0,1066.9494213147,1067.0486579668
14,0,406439,8981,AlPatch_2_0,1066.9494213147,1067.0393765903
14,0,406496,6344,AlPatch_1_1,11011.187147141,11011.284334149
14,0,406495,6344,AlPatch_1_1,11011.187147141,11011.286550422
15,0,400312,379622,AlPatch_0_0,7655.3484144378,7655.4454146128
15,0,400311,379622,AlPatch_0_0,7655.3484144378,7655.4393052612
15,0,400658,359718,AlPatch_1_0,15067.965649803,15068.057005844
15,0,400657,359718,AlPatch_1_0,15067.965649803,15068.055415851
15,0,400766,353345,AlPatch_2_1,2670.9091768393,2671.0104076207
15,0,400765,353345,AlPatch_2_1,2670.9091768393,2671.005621946
15,0,400814,350444,AlPatch_2_0,8563.9876396003,8564.0785881216
15,0,400813,350444,AlPatch_2_0,8563.9876396003,8564.0816307618
15,0,400976,341530,AlPatch_0_0,13328.875933788,13328.963769915
15,0,400975,341530,AlPatch_0_0,13328.875933788,13328.97663316
15,0,401280,323558,AlPatch_1_1,7036.841359371,7036.9392078764
15,0,401279,323558,AlPatch_1_1,7036.841359371,7036.930773949
15,0,401362,318973,AlPatch_0_1,11361.028549687,11361.123855767
15,0,401361,318973,AlPatch_0_1,11361.028549687,11361.125772493
15,0,401464,312919,AlPatch_1_0,2187.9214581066,2188.0142143186
15,0,401463,312919,AlPatch_1_0,2187.9214581066,2188.0123890937
15,0,401564,308176,AlPatch_2_0,12736.447225818,12736.5403729
15,0,401563,308176,AlPatch_2_0,12736.447225818,12736.536467401
15,0,401620,304266,AlPatch_0_0,15194.086801699,15194.181099104
15,0,401619,304266,AlPatch_0_0,15194.086801699,15194.17257609
15,0,401992,281166,AlPatch_0_0,3179.2934071052,3179.381280267
15,0,401991,281166,AlPatch_0_0,3179.2934071052,3179.3849899033
15,0,402052,277906,AlPatch_2_1,8599.702846211,8599.7887161428
15,0,402051,277906,AlPatch_2_1,8599.702846211,8599.7884780109
15,0,402264,263037,AlPatch_1_0,8008.8224750927,8008.9144507826
15,0,402263,263037,AlPatch_1_0,8008.8224750927,8008.9211154819
15,0,402354,258073,AlPatch_0_1,11895.625821906,11895.715740775
15,0,402353,258073,AlPatch_0_1,11895.625821906,11895.722001442
15,0,402370,257248,AlPatch_2_0,8770.180793494,8770.2700621065
15,0,402369,257248,AlPatch_2_0,8770.180793494,8770.2730803865
15,0,402654,239258,AlPatch_0_1,12609.927800754,12610.021587674
15,0,402653,239258,AlPatch_0_1,12609.927800754,12610.015454307
15,0,402686,236906,AlPatch_1_0,12100.144024919,12100.232779294
15,0,402685,236906,AlPatch_1_0,12100.144024919,12100.243618022
15,0,402768,232391,AlPatch_0_1,9983.2014340375,9983.2961160015
15,0,402767,232391,AlPatch_0_1,9983.2014340375,9983.2978488632
15,0,402904,224070,AlPatch_2_0,21491.997093357,21492.089358887
15,0,402903,224070,AlPatch_2_0,21491.997093357,21492.092440887
15,0,403466,190701,AlPatch_2_1,13589.510275815,13589.603928255
15,0,403465,190701,AlPatch_2_1,13589.510275815,13589.59735714
15,0,403614,180068,AlPatch_2_1,9988.5663422027,9988.6592459114
15,0,403613,180068,AlPatch_2_1,9988.5663422027,9988.6647650315
15,0,404444,131691,AlPatch_2_0,7831.9231206332,7832.0157084089
15,0,404443,131691,AlPatch_2_0,7831.9231206332,7832.0178941911
15,0,404538,125938,AlPatch_1_0,15107.069649113,15107.170373808
15,0,404537,125938,AlPatch_1_0,15107.069649113,15107.155139455
15,0,405038,98730,AlPatch_2_0,12108.633856465,12108.731376189
15,0,405037,98730,AlPatch_2_0,12108.633856465,12108.730008499
15,0,405594,65647,AlPatch_2_0,791.64000457913,791.73067023915
15,0,405593,65647,AlPatch_2_0,791.64000457913,791.73989841282
15,0,405632,63756,AlPatch_1_0,1997.4767244905,1997.5741505291
15,0,405631,63756,AlPatch_1_0,1997.4767244905,1997.5697402957
15,0,405834,51994,AlPatch_1_1,4969.4559516579,4969.543727238
15,0,405833,51994,AlPatch_1_1,4969.4559516579,4969.5437350245
15,0,405906,47671,AlPatch_2_1,958.69652467447,958.79600611572
15,0,405905,47671,AlPatch_2_1,958.69652467447,958.79111796358
15,0,406062,38524,AlPatch_0_0,9019.4238922602,9019.5214406467
15,0,406061,38524,AlPatch_0_0,9019.4238922602,9019.5147943371
15,0,406280,23782,AlPatch_2_0,18137.852683295,18137.946191965
15,0,406279,23782,AlPatch_2_0,18137.852683295,18137.947548346
15,0,406514,10270,AlPatch_1_1,5308.2184703357,5308.3174026837
15,0,406513,10270,AlPatch_1_1,5308.2184703357,5308.3212583214
16,0,400032,397837,AlPatch_2_0,519.26384709457,519.35762280315
16,0,400031,397837,AlPatch_2_0,519.26384709457,519.36488937219
16,0,400092,394006,AlPatch_2_0,12420.561451467,12420.655725634
16,0,400091,394006,AlPatch_2_0,12420.561451467,12420.653452969
16,0,400226,387535,AlPatch_2_0,6922.2519046678,6922.3432679148
16,0,400225,387535,AlPatch_2_0,6922.2519046678,6922.3417609957
16,0,400276,384596,AlPatch_0_1,10468.699125376,10468.788655047
16,0,400275,384596,AlPatch_0_1,10468.699125376,10468.789451124
16,0,400320,381744,AlPatch_0_1,4498.2369133354,4498.3257291795
16,0,400319,381744,AlPatch_0_1,4498.2369133354,4498.3360852791
16,0,400646,361654,AlPatch_2_0,455.2054181165,455.29247507116
16,0,400645,361654,AlPatch_2_0,455.2054181165,455.2926157869
16,0,400734,357757,AlPatch_2_0,11353.181004104,11353.269558835
16,0,400733,357757,AlPatch_2_0,11353.181004104,11353.27722602
16,0,400798,353599,AlPatch_2_1,3014.7214757726,3014.8224317772
16,0,400797,353599,AlPatch_2_1,3014.7214757726,3014.8114532355
16,0,400994,340448,AlPatch_0_1,2567.9522409903,2568.046582066
16,0,400993,340448,AlPatch_0_1,2567.9522409903,2568.0422497171
16,0,401004,340103,AlPatch_1_0,13946.012155524,13946.108958368
16,0,401003,340103,AlPatch_1_0,13946.012155524,13946.10351739
16,0,401414,312608,AlPatch_1_1,6754.7212668052,6754.8145326613
16,0,401413,312608,AlPatch_1_1,6754.7212668052,6754.8189213571
16,0,401472,307793,AlPatch_2_0,251.05663802773,251.14681190986
16,0,401471,307793,AlPatch_2_0,251.05663802773,251.14924243175
16,0,401632,297245,AlPatch_0_0,915.08551215506,915.1727371878
16,0,401631,297245,AlPatch_0_0,915.08551215506,915.18505213262
16,0,401634,297191,AlPatch_2_0,4369.1078394485,4369.2040059855
16,0,401633,297191,AlPatch_2_0,4369.1078394485,4369.1992873602
16,0,402094,270761,AlPatch_2_1,3023.9887419634,3024.080169148
16,0,402093,270761,AlPatch_2_1,3023.9887419634,3024.0809441985
16,0,402150,267307,AlPatch_2_0,503.89756916917,503.99565254837
16,0,402149,267307,AlPatch_2_0,503.89756916917,503.98911067055
16,0,402636,238233,AlPatch_2_0,8802.9203890289,8803.0239922409
16,0,402635,238233,AlPatch_2_0,8802.9203890289,8803.0204220611
16,0,402784,229158,AlPatch_1_0,7443.2253402936,7443.3152808051
16,0,402783,229158,AlPatch_1_0,7443.2253402936,7443.3209440528
16,0,402948,220061,AlPatch_2_0,371.96787373243,372.0576287235
16,0,402947,220061,AlPatch_2_0,371.96787373243,372.05350302835
16,0,403098,211105,AlPatch_1_1,12041.004944749,12041.095855123
16,0,403097,211105,AlPatch_1_1,12041.004944749,12041.100469479
16,0,403814,170187,AlPatch_2_1,4798.0022494865,4798.1013178131
16,0,403813,170187,AlPatch_2_1,4798.0022494865,4798.0919837403
16,0,403884,166912,AlPatch_2_0,8249.1711718145,8249.264997541
16,0,403883,166912,AlPatch_2_0,8249.1711718145,8249.2685966569
16,0,403914,164627,AlPatch_2_1,12393.302467945,12393.389387401
16,0,403913,164627,AlPatch_2_1,12393.302467945,12393.389217395
16,0,404026,159577,AlPatch_2_0,254.93547849091,255.03838734907
16,0,404025,159577,AlPatch_2_0,254.93547849091,255.02656087908
16,0,404172,152651,AlPatch_0_1,14306.075143474,14306.165172747
16,0,404171,152651,AlPatch_0_1,14306.075143474,14306.169590664
16,0,404236,150011,AlPatch_0_1,1971.1726559056,1971.2646341203
16,0,404235,150011,AlPatch_0_1,1971.1726559056,1971.271792055
16,0,404274,147577,AlPatch_2_0,13210.710590385,13210.802106462
16,0,404273,147577,AlPatch_2_0,13210.710590385,13210.805013348
16,0,404664,124675,AlPatch_0_0,8813.7185218556,8813.8162590585
16,0,404663,124675,AlPatch_0_0,8813.7185218556,8813.8214548377
16,0,405180,98099,AlPatch_0_1,11813.169221003,11813.26329893
16,0,405179,98099,AlPatch_0_1,11813.169221003,11813.266247344
16,0,405316,89809,AlPatch_2_1,20738.967467529,20739.062130578
16,0,405315,89809,AlPatch_2_1,20738.967467529,20739.06059137
16,0,405364,87369,AlPatch_0_0,2156.3974521044,2156.4994474243
16,0,405363,87369,AlPatch_0_0,2156.3974521044,2156.487152112
16,0,405380,86096,AlPatch_1_1,9922.7065555376,9922.793616006
16,0,405379,86096,AlPatch_1_1,9922.7065555376,9922.8008613305
16,0,405428,84706,AlPatch_0_0,1937.24363673,1937.3309418314
16,0,405427,84706,AlPatch_0_0,1937.24363673,1937.3392136446
16,0,405488,82627,AlPatch_1_1,14148.678353089,14148.77902913
16,0,405487,82627,AlPatch_1_1,14148.678353089,14148.777682106
16,0,405930,54845,AlPatch_1_1,3572.3971670455,3572.5021773636
16,0,405929,54845,AlPatch_1_1,3572.3971670455,3572.484077546
16,0,406140,44638,AlPatch_2_1,2563.8534357847,2563.9411638852
16,0,406139,44638,AlPatch_2_1,2563.8534357847,2563.9474185633
16,0,406328,34527,AlPatch_2_0,253.91669190754,254.00846809435
16,0,406327,34527,AlPatch_2_0,253.91669190754,254.01733115212
16,0,406470,26248,AlPatch_1_0,16261.227268494,16261.313154335
16,0,406469,26248,AlPatch_1_0,16261.227268494,16261.313302215
16,0,406582,19492,AlPatch_2_0,3471.7941944857,3471.8807059708
16,0,406581,19492,AlPatch_2_0,3471.7941944857,3471.8811823839
16,0,406732,8573,AlPatch_2_1,7746.9550999822,7747.0575230591
16,0,406731,8573,AlPatch_2_1,7746.9550999822,7747.0404537936
17,0,400192,390234,AlPatch_0_0,3328.5793878575,3328.6784014033
17,0,400191,390234,AlPatch_0_0,3328.5793878575,3328.6681650617
17,0,400518,373025,AlPatch_0_0,3897.7600238899,3897.8472116939
17,0,400517,373025,AlPatch_0_0,3897.7600238899,3897.8524997364
17,0,400646,365368,AlPatch_2_0,256.46980923006,256.56413969217
17,0,400645,365368,AlPatch_2_0,256.46980923006,256.56458086229
17,0,400650,365158,AlPatch_2_1,15489.563630407,15489.659023646
17,0,400649,365158,AlPatch_2_1,15489.563630407,15489.656381248
17,0,400884,352131,AlPatch_1_1,5996.0967013041,5996.1844732607
17,0,400883,352131,AlPatch_1_1,5996.0967013041,5996.1891965593
17,0,400964,348214,AlPatch_2_0,11838.298391377,11838.38753638
17,0,400963,348214,AlPatch_2_0,11838.298391377,11838.387401486
17,0,401024,344668,AlPatch_2_1,16129.984781007,16130.083090387
17,0,401023,344668,AlPatch_2_1,16129.984781007,16130.077332049
17,0,401198,333752,AlPatch_1_1,7215.0913100242,7215.1835857513
17,0,401197,333752,AlPatch_1_1,7215.0913100242,7215.1822692468
17,0,401216,331883,AlPatch_2_0,2062.4568530106,2062.5515111345
17,0,401215,331883,AlPatch_2_0,2062.4568530106,2062.5433407165
17,0,401600,310333,AlPatch_1_0,8949.0382268118,8949.1295317199
17,0,401599,310333,AlPatch_1_0,8949.0382268118,8949.1265528027
17,0,402044,283461,AlPatch_2_0,256.3824091765,256.46834938671
17,0,402043,283461,AlPatch_2_0,256.3824091765,256.4684568264
17,0,402188,274927,AlPatch_2_0,1014.1094464712,1014.2049381393
17,0,402187,274927,AlPatch_2_0,1014.1094464712,1014.2040186039
17,0,402214,273116,AlPatch_2_1,14369.318911771,14369.41107485
17,0,402213,273116,AlPatch_2_1,14369.318911771,14369.41841452
17,0,402730,238386,AlPatch_2_0,427.77504473922,427.86797335288
17,0,402729,238386,AlPatch_2_0,427.77504473922,427.8665576052
17,0,403078,218486,AlPatch_2_0,12152.553102182,12152.642500326
17,0,403077,218486,AlPatch_2_0,12152.553102182,12152.653292334
17,0,403132,215833,AlPatch_1_1,11394.904561236,11394.993546493
17,0,403131,215833,AlPatch_1_1,11394.904561236,11395.005691548
17,0,403220,211992,AlPatch_0_1,2604.2653948182,2604.3597267831
17,0,403219,211992,AlPatch_0_1,2604.2653948182,2604.3517612113
17,0,403254,210164,AlPatch_0_1,2041.1410493823,2041.2431384362
17,0,403253,210164,AlPatch_0_1,2041.1410493823,2041.2319346178
17,0,403472,199048,AlPatch_0_1,13810.026467015,13810.11973596
17,0,403471,199048,AlPatch_0_1,13810.026467015,13810.124905757
17,0,403646,189385,AlPatch_2_1,20070.693731449,20070.794521008
17,0,403645,189385,AlPatch_2_1,20070.693731449,20070.794860432
17,0,403996,170304,AlPatch_2_0,11376.900101331,11376.995333183
17,0,403995,170304,AlPatch_2_0,11376.900101331,11376.995334019
17,0,404116,164364,AlPatch_2_0,6407.6496206359,6407.7454050382
17,0,404115,164364,AlPatch_2_0,6407.6496206359,6407.7424031895
17,0,404182,160076,AlPatch_2_1,13974.50907202,13974.606455109
17,0,404181,160076,AlPatch_2_1,13974.50907202,13974.603110921
17,0,404342,150678,AlPatch_2_0,8658.6220784181,8658.7088704817
17,0,404341,150678,AlPatch_2_0,8658.6220784181,8658.7098281195
17,0,404612,133261,AlPatch_0_0,2957.2125068801,2957.3147921742
17,0,404611,133261,AlPatch_0_0,2957.2125068801,2957.2992076428
17,0,405682,70734,AlPatch_2_0,928.09258324701,928.1825326084
17,0,405681,70734,AlPatch_2_0,928.09258324701,928.18012224457
17,0,405936,55473,AlPatch_2_0,14451.809276949,14451.899456245
17,0,405935,55473,AlPatch_2_0,14451.809276949,14451.902019372
17,0,405980,54235,AlPatch_0_1,3960.7758225407,3960.8653403524
17,0,405979,54235,AlPatch_0_1,3960.7758225407,3960.8655196841
17,0,406568,19489,AlPatch_1_0,10434.267352301,10434.355587575
17,0,406567,19489,AlPatch_1_0,10434.267352301,10434.353162581
17,0,406684,13983,AlPatch_0_1,13709.372229583,13709.469625726
17,0,406683,13983,AlPatch_0_1,13709.372229583,13709.469443795
17,0,406766,8231,AlPatch_0_1,17032.286586119,17032.389020196
17,0,406765,8231,AlPatch_0_1,17032.286586119,17032.384912953
18,0,400318,382408,AlPatch_2_1,5765.8256900059,5765.9234214229
18,0,400317,382408,AlPatch_2_1,5765.8256900059,5765.9205985948
18,0,400832,350783,AlPatch_1_0,3701.563007287,3701.6657924773
18,0,400831,350783,AlPatch_1_0,3701.563007287,3701.661143134
18,0,400842,350475,AlPatch_0_0,4633.5251030693,4633.622124636
18,0,400841,350475,AlPatch_0_0,4633.5251030693,4633.6195287576
18,0,400900,347552,AlPatch_2_1,4139.3799889509,4139.4686439586
18,0,400899,347552,AlPatch_2_1,4139.3799889509,4139.4691373561
18,0,401140,332531,AlPatch_1_1,790.98313529192,791.07672657225
18,0,401139,332531,AlPatch_1_1,790.98313529191,791.08301294345
18,0,401410,315156,AlPatch_0_1,16345.141507839,16345.239847891
18,0,401409,315156,AlPatch_0_1,16345.141507839,16345.240407033
18,0,401784,293722,AlPatch_2_1,6335.8976488096,6335.9850832481
18,0,401783,293722,AlPatch_2_1,6335.8976488096,6335.9840924738
18,0,401928,286037,AlPatch_0_1,9079.2716647454,9079.3744176937
18,0,401927,286037,AlPatch_0_1,9079.2716647454,9079.3710904624
18,0,402272,264037,AlPatch_2_1,23682.673962162,23682.760139214
18,0,402271,264037,AlPatch_2_1,23682.673962162,23682.75951761
18,0,402294,263051,AlPatch_2_1,1881.1242855291,1881.2112157858
18,0,402293,263051,AlPatch_2_1,1881.1242855291,1881.21091907
18,0,402416,256767,AlPatch_0_0,12297.624711744,12297.717735597
18,0,402415,256767,AlPatch_0_0,12297.624711744,12297.721636979
18,0,402530,249835,AlPatch_1_1,8209.9221184783,8210.0099622124
18,0,402529,249835,AlPatch_1_1,8209.9221184783,8210.0228101622
18,0,402650,243533,AlPatch_2_0,697.37299481729,697.47145571084
18,0,402649,243533,AlPatch_2_0,697.37299481729,697.47254986357
18,0,402658,243138,AlPatch_2_1,6799.3628853715,6799.4505494244
18,0,402657,243138,AlPatch_2_1,6799.3628853715,6799.4509184152
18,0,402692,241032,AlPatch_2_0,1791.1699078996,1791.2588110052
18,0,402691,241032,AlPatch_2_0,1791.1699078996,1791.2701091983
18,0,402818,234686,AlPatch_2_1,6005.5038203337,6005.5909487314
18,0,402817,234686,AlPatch_2_1,6005.5038203337,6005.5996320613
18,0,403092,222591,AlPatch_2_0,3661.0817206997,3661.168993408
18,0,403091,222591,AlPatch_2_0,3661.0817206997,3661.1747064744
18,0,403224,214593,AlPatch_1_1,13659.23360511,13659.335671578
18,0,403223,214593,AlPatch_1_1,13659.23360511,13659.326986112
18,0,403232,214329,AlPatch_1_1,7004.5430182122,7004.6360674149
18,0,403231,214329,AlPatch_1_1,7004.5430182122,7004.6341264845
18,0,403394,204500,AlPatch_0_0,13711.270502021,13711.368092659
18,0,403393,204500,AlPatch_0_0,13711.270502021,13711.361897747
18,0,403668,188459,AlPatch_1_1,10843.293801527,10843.395856604
18,0,403667,188459,AlPatch_1_1,10843.293801527,10843.386379019
18,0,404024,168213,AlPatch_1_1,10042.736399344,10042.822316178
18,0,404023,168213,AlPatch_1_1,10042.736399344,10042.82210147
18,0,404498,143698,AlPatch_1_0,2121.3517026565,2121.4440565975
18,0,404497,143698,AlPatch_1_0,2121.3517026565,2121.4506622181
18,0,404566,138671,AlPatch_0_0,15426.224491026,15426.316019365
18,0,404565,138671,AlPatch_0_0,15426.224491026,15426.317340406
18,0,404962,117008,AlPatch_0_1,10870.455027009,10870.548861569
18,0,404961,117008,AlPatch_0_1,10870.455027009,10870.547735068
18,0,405014,113062,AlPatch_2_0,1256.8855144642,1256.9782994058
18,0,405013,113062,AlPatch_2_0,1256.8855144642,1256.97839171
18,0,405430,87427,AlPatch_0_1,3695.2484029467,3695.342818459
18,0,405429,87427,AlPatch_0_1,3695.2484029467,3695.3423990548
18,0,405488,83857,AlPatch_0_1,14769.3496036,14769.439931378
18,0,405487,83857,AlPatch_0_1,14769.3496036,14769.436348757
18,0,405656,75569,AlPatch_0_1,16147.82177857,16147.920196949
18,0,405655,75569,AlPatch_0_1,16147.82177857,16147.916226926
18,0,405826,66035,AlPatch_1_1,12328.065260385,12328.152297183
18,0,405825,66035,AlPatch_1_1,12328.065260385,12328.166716576
18,0,405944,59813,AlPatch_2_1,1290.1437159427,1290.2407020403
18,0,405943,59813,AlPatch_2_1,1290.1437159427,1290.2358621706
18,0,406000,56759,AlPatch_2_0,16148.10403484,16148.198938408
18,0,405999,56759,AlPatch_2_0,16148.10403484,16148.189236004
18,0,406030,54874,AlPatch_1_0,7094.7179012656,7094.811773069
18,0,406029,54874,AlPatch_1_0,7094.7179012656,7094.8035363162
18,0,406056,53321,AlPatch_1_1,16670.503009922,16670.604966457
18,0,406055,53321,AlPatch_1_1,16670.503009922,16670.590842496
18,0,406164,47620,AlPatch_0_0,8038.6319327235,8038.7254108589
18,0,406163,47620,AlPatch_0_0,8038.6319327235,8038.7327784973
18,0,406294,37836,AlPatch_2_1,16118.984420437,16119.076207033
18,0,406293,37836,AlPatch_2_1,16118.984420437,16119.075368205
18,0,406298,37489,AlPatch_0_0,13380.604140843,13380.703008729
18,0,406297,37489,AlPatch_0_0,13380.604140843,13380.697866289
18,0,406344,34417,AlPatch_2_1,1211.1659453047,1211.2709368631
18,0,406343,34417,AlPatch_2_1,1211.1659453047,1211.2684637575
18,0,406658,15921,AlPatch_2_0,1668.72685428,1668.8150998602
18,0,406657,15921,AlPatch_2_0,1668.72685428,1668.8176305938
19,0,400036,397195,AlPatch_2_1,8555.0041479807,8555.0961842501
19,0,400035,397195,AlPatch_2_1,8555.0041479807,8555.0975481476
19,0,400270,384693,AlPatch_2_0,12376.814159383,12376.902113471
19,0,400269,384693,AlPatch_2_0,12376.814159383,12376.919452658
19,0,400540,368237,AlPatch_2_0,11552.855149473,11552.947222431
19,0,400539,368237,AlPatch_2_0,11552.855149473,11552.951603622
19,0,400676,360254,AlPatch_0_0,7320.2495677812,7320.3474206916
19,0,400675,360254,AlPatch_0_0,7320.2495677812,7320.3474347394
19,0,400714,358386,AlPatch_2_0,250.73283757903,250.82760850547
19,0,400713,358386,AlPatch_2_0,250.73283757903,250.83224313131
19,0,400736,356564,AlPatch_2_0,13110.334172947,13110.427731524
19,0,400735,356564,AlPatch_2_0,13110.334172947,13110.426525268
19,0,401202,330856,AlPatch_2_1,6208.1145890148,6208.2046423328
19,0,401201,330856,AlPatch_2_1,6208.1145890148,6208.2139190504
19,0,401218,330061,AlPatch_2_0,1122.3877602194,1122.4784967567
19,0,401217,330061,AlPatch_2_0,1122.3877602194,1122.4901554567
19,0,401342,322813,AlPatch_1_1,2150.0645102791,2150.1638546171
19,0,401341,322813,AlPatch_1_1,2150.0645102791,2150.1535801398
19,0,401694,303497,AlPatch_0_0,3912.8203849316,3912.9220559834
19,0,401693,303497,AlPatch_0_0,3912.8203849316,3912.9094724012
19,0,401698,303386,AlPatch_2_1,4166.7934808483,4166.8869016474
19,0,401697,303386,AlPatch_2_1,4166.7934808483,4166.8905863729
19,0,401768,298184,AlPatch_0_0,6310.8358862802,6310.9235414855
19,0,401767,298184,AlPatch_0_0,6310.8358862802,6310.9258118899
19,0,401920,289376,AlPatch_0_0,4805.2425188184,4805.3286238373
19,0,401919,289376,AlPatch_0_0,4805.2425188184,4805.3307645504
19,0,402182,272835,AlPatch_0_1,13725.326545033,13725.417913234
19,0,402181,272835,AlPatch_0_1,13725.326545033,13725.42352131
19,0,402274,267635,AlPatch_1_1,11734.530529467,11734.616590026
19,0,402273,267635,AlPatch_1_1,11734.530529467,11734.61686802
19,0,402544,251498,AlPatch_1_0,12269.488892833,12269.590203749
19,0,402543,251498,AlPatch_1_0,12269.488892833,12269.590184969
19,0,402716,241563,AlPatch_2_0,4682.2943318694,4682.3967527286
19,0,402715,241563,AlPatch_2_0,4682.2943318694,4682.3965768829
19,0,402822,235681,AlPatch_1_0,17031.149615431,17031.235364366
19,0,402821,235681,AlPatch_1_0,17031.149615431,17031.235202356
19,0,402824,235447,AlPatch_0_1,14327.139779402,14327.240891296
19,0,402823,235447,AlPatch_0_1,14327.139779402,14327.239914822
19,0,403004,225400,AlPatch_2_1,12583.876613233,12583.974141399
19,0,403003,225400,AlPatch_2_1,12583.876613233,12583.973402866
19,0,403334,205888,AlPatch_0_0,3353.3601376876,3353.4518530414
19,0,403333,205888,AlPatch_0_0,3353.3601376876,3353.4545373819
19,0,403954,166550,AlPatch_1_1,8624.1455683724,8624.2322243101
19,0,403953,166550,AlPatch_1_1,8624.1455683724,8624.2473299696
19,0,404038,161074,AlPatch_2_1,11680.130157163,11680.222096712
19,0,404037,161074,AlPatch_2_1,11680.130157163,11680.226215938
19,0,404070,159924,AlPatch_2_1,5296.6412754182,5296.7273749768
19,0,404069,159924,AlPatch_2_1,5296.6412754182,5296.7283375103
19,0,404256,147554,AlPatch_2_0,2625.4961345919,2625.5823672065
19,0,404255,147554,AlPatch_2_0,2625.4961345919,2625.5822693473
19,0,404588,128077,AlPatch_1_1,14033.281027724,14033.370569026
19,0,404587,128077,AlPatch_1_1,14033.281027724,14033.383007966
19,0,404982,104477,AlPatch_2_1,7712.0700440882,7712.161991532
19,0,404981,104477,AlPatch_2_1,7712.0700440882,7712.1691450274
19,0,405026,102810,AlPatch_2_1,6863.917668658,6864.008783667
19,0,405025,102810,AlPatch_2_1,6863.917668658,6864.0139178645
19,0,405082,99701,AlPatch_2_1,895.86030744476,895.9458516693
19,0,405081,99701,AlPatch_2_1,895.86030744476,895.96084182045
19,0,405318,86923,AlPatch_1_0,16090.169667261,16090.272864279
19,0,405317,86923,AlPatch_1_0,16090.169667261,16090.257019949
19,0,405862,55569,AlPatch_2_0,1029.1713806622,1029.2568015247
19,0,405861,55569,AlPatch_2_0,1029.1713806622,1029.2715380421
19,0,405946,49857,AlPatch_2_0,1548.0312659097,1548.1265141459
19,0,405945,49857,AlPatch_2_0,1548.0312659097,1548.1347013776
19,0,405948,49846,AlPatch_2_0,669.21606500555,669.30505850395
19,0,405947,49846,AlPatch_2_0,669.21606500555,669.30531995842
19,0,406162,34581,AlPatch_2_0,449.53060177755,449.6189170589
19,0,406161,34581,AlPatch_2_0,449.53060177755,449.6191022681
19,0,406474,17485,AlPatch_2_0,8549.6788974882,8549.7801236729
19,0,406473,17485,AlPatch_2_0,8549.6788974882,8549.7772090276
19,0,406484,16383,AlPatch_1_1,822.20764902468,822.30621506011
19,0,406483,16383,AlPatch_1_1,822.20764902468,822.30788247347
19,0,406608,8985,AlPatch_1_1,12980.612778849,12980.703884561
19,0,406607,8985,AlPatch_1_1,12980.612778849,12980.707202755
19,0,406730,1683,AlPatch_0_1,3473.7459156987,3473.8497227282
19,0,406729,1683,AlPatch_0_1,3473.7459156987,3473.8316647283
1,0,400012,398949,AlPatch_1_0,7788.669273569,7788.7596123685
1,0,400011,398949,AlPatch_1_0,7788.669273569,7788.7553115493
1,0,401320,322812,AlPatch_0_0,5672.9046650684,5673.006650294
1,0,401319,322812,AlPatch_0_0,5672.9046650684,5673.0000715968
1,0,401908,290121,AlPatch_0_0,13356.411083793,13356.505833054
1,0,401907,290121,AlPatch_0_0,13356.411083793,13356.50509031
1,0,402480,258195,AlPatch_2_1,2789.8626012218,2789.9543722215
1,0,402479,258195,AlPatch_2_1,2789.8626012218,2789.956097976
1,0,402622,250100,AlPatch_1_0,1886.8285285425,1886.9336696389
1,0,402621,250100,AlPatch_1_0,1886.8285285425,1886.9294659942
1,0,402794,241528,AlPatch_2_1,19638.188812892,19638.286260084
1,0,402793,241528,AlPatch_2_1,19638.188812892,19638.285832037
1,0,402800,241371,AlPatch_1_1,8113.1281322502,8113.2212340675
1,0,402799,241371,AlPatch_1_1,8113.1281322502,8113.2211076504
1,0,402898,236005,AlPatch_2_0,8390.2230904367,8390.3128226175
1,0,402897,236005,AlPatch_2_0,8390.2230904367,8390.313271251
1,0,402966,230779,AlPatch_2_1,1616.6188476708,1616.7151052737
1,0,402965,230779,AlPatch_2_1,1616.6188476708,1616.7109010932
1,0,403026,225927,AlPatch_2_1,16683.030319721,16683.12188115
1,0,403025,225927,AlPatch_2_1,16683.030319721,16683.124845252
1,0,403114,220712,AlPatch_1_0,19870.312242271,19870.409091586
1,0,403113,220712,AlPatch_1_0,19870.312242271,19870.406035353
1,0,403160,218724,AlPatch_2_0,9901.2597937703,9901.3578650832
1,0,403159,218724,AlPatch_2_0,9901.2597937703,9901.3510810673
1,0,403324,209376,AlPatch_2_0,8457.5556994654,8457.6430125137
1,0,403323,209376,AlPatch_2_0,8457.5556994654,8457.6482745005
1,0,404066,169857,AlPatch_0_1,8606.3121299784,8606.3980693666
1,0,404065,169857,AlPatch_0_1,8606.3121299784,8606.402963903
1,0,404124,166796,AlPatch_2_1,16724.858136918,16724.957439941
1,0,404123,166796,AlPatch_2_1,16724.858136918,16724.953645908
1,0,404802,128452,AlPatch_1_0,6852.2647891026,6852.3636086174
1,0,404801,128452,AlPatch_1_0,6852.2647891026,6852.3589245335
1,0,404920,121046,AlPatch_1_1,2387.8926831175,2387.9871782917
1,0,404919,121046,AlPatch_1_1,2387.8926831175,2387.9944767407
1,0,404956,118313,AlPatch_0_0,3739.1411611102,3739.2355405812
1,0,404955,118313,AlPatch_0_0,3739.1411611102,3739.2360908026
1,0,405172,105345,AlPatch_2_1,7295.6870560046,7295.7805200663
1,0,405171,105345,AlPatch_2_1,7295.6870560046,7295.7842907467
1,0,405396,90443,AlPatch_2_0,3198.5467319789,3198.641362467
1,0,405395,90443,AlPatch_2_0,3198.5467319789,3198.6346148891
1,0,405552,81348,AlPatch_0_1,4558.8532708247,4558.9561139311
1,0,405551,81348,AlPatch_0_1,4558.8532708247,4558.9386458023
1,0,405696,70780,AlPatch_0_1,15656.312930877,15656.40166326
1,0,405695,70780,AlPatch_0_1,15656.312930877,15656.401361728
1,0,405772,67341,AlPatch_0_1,4211.7340906096,4211.8256718702
1,0,405771,67341,AlPatch_0_1,4211.7340906096,4211.8331392831
20,0,400214,387027,AlPatch_0_0,6654.3844780066,6654.4732462051
20,0,400213,387027,AlPatch_0_0,6654.3844780066,6654.4728781467
20,0,400510,367505,AlPatch_2_0,5902.7878345358,5902.8916328378
20,0,400509,367505,AlPatch_2_0,5902.7878345358,5902.8830810492
20,0,400732,354010,AlPatch_0_0,11454.0183386,11454.118514359
20,0,400731,354010,AlPatch_0_0,11454.0183386,11454.11134161
20,0,400734,353956,AlPatch_2_1,12034.039552225,12034.136346653
20,0,400733,353956,AlPatch_2_1,12034.039552225,12034.139255965
20,0,400766,351835,AlPatch_1_0,12412.68633908,12412.775908752
20,0,400765,351835,AlPatch_1_0,12412.68633908,12412.775280277
20,0,401060,336880,AlPatch_2_0,2770.3443805451,2770.4349615027
20,0,401059,336880,AlPatch_2_0,2770.344380545,2770.4414601217
20,0,401094,335629,AlPatch_2_0,3973.7858127017,3973.8749183272
20,0,401093,335629,AlPatch_2_0,3973.7858127017,3973.8750039697
20,0,401328,322568,AlPatch_2_0,3650.0926630599,3650.1881390686
20,0,401327,322568,AlPatch_2_0,3650.0926630599,3650.1881378774
20,0,401362,320659,AlPatch_2_0,6142.8008281887,6142.8980971416
20,0,401361,320659,AlPatch_2_0,6142.8008281887,6142.8916158045
20,0,401454,314614,AlPatch_2_1,10054.885043652,10054.988691673
20,0,401453,314614,AlPatch_2_1,10054.885043652,10054.972426186
20,0,401652,302526,AlPatch_0_1,2050.3205526612,2050.4134892461
20,0,401651,302526,AlPatch_0_1,2050.3205526612,2050.4175930105
20,0,402036,279140,AlPatch_1_0,8710.236648348,8710.3241708613
20,0,402035,279140,AlPatch_1_0,8710.236648348,8710.3261236462
20,0,402048,278632,AlPatch_2_0,3656.3898922174,3656.4801909219
20,0,402047,278632,AlPatch_2_0,3656.3898922174,3656.4806103133
20,0,402504,249495,AlPatch_2_0,504.81991851359,504.91937037703
20,0,402503,249495,AlPatch_2_0,504.81991851359,504.91399179323
20,0,402506,249440,AlPatch_2_0,598.99592294684,599.08727995658
20,0,402505,249440,AlPatch_2_0,598.99592294684,599.08500117237
20,0,402520,248658,AlPatch_1_0,13095.026089393,13095.11358314
20,0,402519,248658,AlPatch_1_0,13095.026089393,13095.119185616
20,0,402566,245982,AlPatch_1_0,2581.3736584305,2581.472024502
20,0,402565,245982,AlPatch_1_0,2581.3736584305,2581.4672387324
20,0,402568,245970,AlPatch_2_1,1143.717018076,1143.8102765915
20,0,402567,245970,AlPatch_2_1,1143.717018076,1143.8105321823
20,0,403124,212177,AlPatch_2_0,8938.0796719462,8938.1731801696
20,0,403123,212177,AlPatch_2_0,8938.0796719462,8938.1809964827
20,0,403666,177631,AlPatch_1_0,3045.7700873214,3045.8621579685
20,0,403665,177631,AlPatch_1_0,3045.7700873214,3045.8712144365
20,0,403960,159722,AlPatch_2_1,2984.6678906417,2984.7631252935
20,0,403959,159722,AlPatch_2_1,2984.6678906417,2984.7652390966
20,0,404504,129678,AlPatch_1_1,7936.3559823658,7936.4425891166
20,0,404503,129678,AlPatch_1_1,7936.3559823658,7936.4424886232
20,0,404790,114356,AlPatch_1_0,17013.870719876,17013.956426739
20,0,404789,114356,AlPatch_1_0,17013.870719876,17013.972743141
20,0,405146,94479,AlPatch_0_0,3984.6635828867,3984.7538198324
20,0,405145,94479,AlPatch_0_0,3984.6635828867,3984.7569532862
20,0,405194,91959,AlPatch_2_0,10500.748871001,10500.836071396
20,0,405193,91959,AlPatch_2_0,10500.748871001,10500.851393535
20,0,405686,62691,AlPatch_2_0,15060.517005205,15060.603776777
20,0,405685,62691,AlPatch_2_0,15060.517005205,15060.605194595
20,0,405716,61510,AlPatch_0_1,9931.0823527485,9931.1744162662
20,0,405715,61510,AlPatch_0_1,9931.0823527485,9931.1825693632
20,0,405732,60495,AlPatch_1_0,11683.334503729,11683.436404474
20,0,405731,60495,AlPatch_1_0,11683.334503729,11683.426952172
20,0,405744,60062,AlPatch_2_0,434.29066232624,434.38472464017
20,0,405743,60062,AlPatch_2_0,434.29066232624,434.38003696191
20,0,406030,44505,AlPatch_2_0,6884.0145526885,6884.1010117485
20,0,406029,44505,AlPatch_2_0,6884.0145526885,6884.1065929437
20,0,406188,34506,AlPatch_1_1,13510.181559539,13510.268167732
20,0,406187,34506,AlPatch_1_1,13510.181559539,13510.270497712
20,0,406194,34041,AlPatch_2_0,9729.4008086782,9729.4971642679
20,0,406193,34041,AlPatch_2_0,9729.4008086782,9729.4924827024
20,0,406448,19917,AlPatch_2_0,683.79663698381,683.88529466204
20,0,406447,19917,AlPatch_2_0,683.79663698381,683.88621463273
20,0,406652,7418,AlPatch_2_1,1309.6079447808,1309.6943537739
20,0,406651,7418,AlPatch_2_1,1309.6079447808,1309.7038585051
20,0,406752,1027,AlPatch_0_1,14895.940511611,14896.04266053
20,0,406751,1027,AlPatch_0_1,14895.940511611,14896.045013018
21,0,400460,373231,AlPatch_0_1,3704.0034140441,3704.097776827
21,0,400459,373231,AlPatch_0_1,3704.0034140441,3704.0982187479
21,0,400606,364506,AlPatch_0_1,2237.3555879559,2237.443394424
21,0,400605,364506,AlPatch_0_1,2237.3555879559,2237.4427250118
21,0,400696,358823,AlPatch_1_0,8044.4309499179,8044.5254422004
21,0,400695,358823,AlPatch_1_0,8044.4309499179,8044.5261990808
21,0,400754,354247,AlPatch_1_1,10283.205533027,10283.294534513
21,0,400753,354247,AlPatch_1_1,10283.205533027,10283.293591913
21,0,401052,333152,AlPatch_0_0,3973.2920624246,3973.3875427168
21,0,401051,333152,AlPatch_0_0,3973.2920624246,3973.3778184588
21,0,401288,316286,AlPatch_2_1,657.95370380244,658.04179654281
21,0,401287,316286,AlPatch_2_1,657.95370380244,658.04048477916
21,0,401296,315371,AlPatch_0_0,5668.6891098205,5668.7845573393
21,0,401295,315371,AlPatch_0_0,5668.6891098205,5668.778073394
21,0,401406,308512,AlPatch_2_1,14501.592334965,14501.689991405
21,0,401405,308512,AlPatch_2_1,14501.592334965,14501.683811849
21,0,401622,297411,AlPatch_0_1,13919.914448305,13919.999866242
21,0,401621,297411,AlPatch_0_1,13919.914448305,13920.016347828
21,0,402168,264404,AlPatch_2_0,13622.478652345,13622.56827777
21,0,402167,264404,AlPatch_2_0,13622.478652345,13622.568387106
21,0,402584,238119,AlPatch_1_0,15357.810750384,15357.905997575
21,0,402583,238119,AlPatch_1_0,15357.810750384,15357.902812669
21,0,402924,213980,AlPatch_2_1,1782.6559814852,1782.744356074
21,0,402923,213980,AlPatch_2_1,1782.6559814852,1782.7487758977
21,0,403142,201617,AlPatch_2_0,8590.2386389702,8590.3327242247
21,0,403141,201617,AlPatch_2_0,8590.2386389702,8590.3368136427
21,0,403346,188947,AlPatch_0_0,4752.4081367396,4752.5016508028
21,0,403345,188947,AlPatch_0_0,4752.4081367396,4752.5011830314
21,0,403380,187409,AlPatch_0_1,14062.323897734,14062.416760377
21,0,403379,187409,AlPatch_0_1,14062.323897734,14062.413314934
21,0,403744,167637,AlPatch_1_0,13237.030854331,13237.12425926
21,0,403743,167637,AlPatch_1_0,13237.030854331,13237.119932438
21,0,403750,167209,AlPatch_1_1,6545.1952333769,6545.2893144211
21,0,403749,167209,AlPatch_1_1,6545.1952333769,6545.2954700735
21,0,404188,142166,AlPatch_0_0,9142.9987229834,9143.0872702384
21,0,404187,142166,AlPatch_0_0,9142.9987229834,9143.0879915794
21,0,404274,136339,AlPatch_1_0,12816.015282404,12816.113848422
21,0,404273,136339,AlPatch_1_0,12816.015282404,12816.115544138
21,0,404300,134979,AlPatch_2_1,11037.01089171,11037.104835263
21,0,404299,134979,AlPatch_2_1,11037.01089171,11037.108780408
21,0,404330,132693,AlPatch_0_1,3180.5112667653,3180.5966586073
21,0,404329,132693,AlPatch_0_1,3180.5112667653,3180.5971321486
21,0,404630,114598,AlPatch_2_1,11756.497727448,11756.600941808
21,0,404629,114598,AlPatch_2_1,11756.497727448,11756.586084947
21,0,404640,113807,AlPatch_2_0,8208.3937896261,8208.4882971926
21,0,404639,113807,AlPatch_2_0,8208.3937896261,8208.4961600316
21,0,404758,106620,AlPatch_1_1,18009.173735963,18009.266955552
21,0,404757,106620,AlPatch_1_1,18009.173735963,18009.269241642
21,0,405042,86297,AlPatch_0_1,3792.0859837877,3792.1762394525
21,0,405041,86297,AlPatch_0_1,3792.0859837877,3792.1744214086
21,0,405312,72494,AlPatch_0_0,4181.4329053372,4181.5188237262
21,0,405311,72494,AlPatch_0_0,4181.4329053372,4181.5196710036
21,0,405334,71645,AlPatch_0_1,4869.0231577548,4869.1138991962
21,0,405333,71645,AlPatch_0_1,4869.0231577548,4869.1086798837
21,0,405416,66333,AlPatch_2_0,440.51079054885,440.60690259051
21,0,405415,66333,AlPatch_2_0,440.51079054885,440.60266072647
21,0,405540,58925,AlPatch_2_0,806.06421711415,806.15684141758
21,0,405539,58925,AlPatch_2_0,806.06421711415,806.16391306377
21,0,405648,53846,AlPatch_2_1,1517.2767418889,1517.3672108456
21,0,405647,53846,AlPatch_2_1,1517.2767418889,1517.366293066
21,0,405766,46283,AlPatch_2_1,12493.5384318,12493.631005501
21,0,405765,46283,AlPatch_2_1,12493.5384318,12493.635357397
21,0,406132,26079,AlPatch_1_0,17341.682203855,17341.78225815
21,0,406131,26079,AlPatch_1_0,17341.682203854,17341.782706017
21,0,406514,2415,AlPatch_1_1,3740.3905800226,3740.4769071025
21,0,406513,2415,AlPatch_1_1,3740.3905800226,3740.4772586753
22,0,400536,366369,AlPatch_1_0,2282.6561203866,2282.755991155
22,0,400535,366369,AlPatch_1_0,2282.6561203866,2282.7445781851
22,0,400764,353135,AlPatch_2_1,6206.305618267,6206.3941313697
22,0,400763,353135,AlPatch_2_1,6206.305618267,6206.4016583726
22,0,400796,351014,AlPatch_2_0,655.42478109415,655.525765278
22,0,400795,351014,AlPatch_2_0,655.42478109415,655.52232261895
22,0,401172,328361,AlPatch_0_1,13429.499006489,13429.584864679
22,0,401171,328361,AlPatch_0_1,13429.499006489,13429.596032311
22,0,401894,281041,AlPatch_2_0,12880.921402718,12881.016408837
22,0,401893,281041,AlPatch_2_0,12880.921402718,12881.016760417
22,0,401920,279306,AlPatch_1_1,23136.034749795,23136.122508376
22,0,401919,279306,AlPatch_1_1,23136.034749795,23136.13636837
22,0,402032,274235,AlPatch_1_0,8083.7919742012,8083.8943679563
22,0,402031,274235,AlPatch_1_0,8083.7919742012,8083.8897012112
22,0,402084,271025,AlPatch_0_1,6283.1532184987,6283.2389902779
22,0,402083,271025,AlPatch_0_1,6283.1532184987,6283.2410325922
22,0,402548,244289,AlPatch_0_1,20072.648034647,20072.744853266
22,0,402547,244289,AlPatch_0_1,20072.648034647,20072.745280479
22,0,402656,236307,AlPatch_1_1,10004.830626954,10004.916617423
22,0,402655,236307,AlPatch_1_1,10004.830626954,10004.916824944
22,0,402710,232875,AlPatch_2_0,3797.3497410304,3797.4371254803
22,0,402709,232875,AlPatch_2_0,3797.3497410304,3797.4502149158
22,0,403258,201434,AlPatch_1_1,4171.1508547473,4171.245287061
22,0,403257,201434,AlPatch_1_1,4171.1508547473,4171.2468148949
22,0,403438,192001,AlPatch_2_0,2004.7766213855,2004.8669463676
22,0,403437,192001,AlPatch_2_0,2004.7766213855,2004.8670285769
22,0,403650,180141,AlPatch_1_0,10689.59751632,10689.689256433
22,0,403649,180141,AlPatch_1_0,10689.59751632,10689.694162584
22,0,403788,172630,AlPatch_1_1,15832.554749966,15832.653799385
22,0,403787,172630,AlPatch_1_1,15832.554749966,15832.641971854
22,0,403822,170469,AlPatch_1_1,1826.7843995004,1826.8802424838
22,0,403821,170469,AlPatch_1_1,1826.7843995004,1826.8735501187
22,0,403832,169972,AlPatch_2_1,4474.3974321641,4474.4867067587
22,0,403831,169972,AlPatch_2_1,4474.3974321641,4474.4863888318
22,0,403986,161549,AlPatch_1_1,6887.1808653353,6887.2747693383
22,0,403985,161549,AlPatch_1_1,6887.1808653353,6887.2769455569
22,0,404008,160330,AlPatch_2_1,10671.25176588,10671.337301093
22,0,404007,160330,AlPatch_2_1,10671.25176588,10671.34149692
22,0,404042,157729,AlPatch_2_1,1058.6689869995,1058.7598483353
22,0,404041,157729,AlPatch_2_1,1058.6689869995,1058.7598471118
22,0,404490,132080,AlPatch_2_0,2427.2091780138,2427.2963886047
22,0,404489,132080,AlPatch_2_0,2427.2091780138,2427.2951239471
22,0,404650,122717,AlPatch_2_0,6735.3201389507,6735.410550833
22,0,404649,122717,AlPatch_2_0,6735.3201389507,6735.411023466
22,0,404688,120454,AlPatch_1_1,11063.41541836,11063.505087602
22,0,404687,120454,AlPatch_1_1,11063.41541836,11063.518861535
22,0,404912,106862,AlPatch_2_0,17773.069131075,17773.160194443
22,0,404911,106862,AlPatch_2_0,17773.069131075,17773.159372774
22,0,404954,104855,AlPatch_2_1,2667.3953613021,2667.4810882341
22,0,404953,104855,AlPatch_2_1,2667.3953613021,2667.4883378904
22,0,404956,104709,AlPatch_0_0,4290.336490055,4290.4380487671
22,0,404955,104709,AlPatch_0_0,4290.336490055,4290.4361532381
22,0,405056,97942,AlPatch_0_1,8261.2641106812,8261.3517144321
22,0,405055,97942,AlPatch_0_1,8261.2641106812,8261.3514964848
22,0,405068,97435,AlPatch_1_0,4728.5578070678,4728.6478671087
22,0,405067,97435,AlPatch_1_0,4728.5578070678,4728.6462208974
22,0,405212,89129,AlPatch_1_0,13249.146755672,13249.241623633
22,0,405211,89129,AlPatch_1_0,13249.146755672,13249.238855295
22,0,405490,70253,AlPatch_0_0,14419.482650599,14419.575562201
22,0,405489,70253,AlPatch_0_0,14419.482650599,14419.576862823
22,0,405514,69147,AlPatch_2_0,7793.6892334241,7793.7787872593
22,0,405513,69147,AlPatch_2_0,7793.6892334241,7793.7875712544
22,0,405986,38481,AlPatch_1_1,8061.786708552,8061.8805583155
22,0,405985,38481,AlPatch_1_1,8061.786708552,8061.8860384331
22,0,406180,25642,AlPatch_2_1,12205.784097572,12205.873161094
22,0,406179,25642,AlPatch_2_1,12205.784097572,12205.884628487
22,0,406426,10799,AlPatch_0_1,10812.801384386,10812.892846261
22,0,406425,10799,AlPatch_0_1,10812.801384386,10812.888849554
23,0,400052,395868,AlPatch_2_1,3761.1358541399,3761.226752815
23,0,400051,395868,AlPatch_2_1,3761.1358541399,3761.2310488853
23,0,400414,373404,AlPatch_1_1,14744.144100496,14744.241637262
23,0,400413,373404,AlPatch_1_1,14744.144100496,14744.241520889
23,0,400712,357387,AlPatch_1_0,13700.570311293,13700.657011542
23,0,400711,357387,AlPatch_1_0,13700.570311293,13700.656141006
23,0,400724,356969,AlPatch_2_0,13992.224034268,13992.311370342
23,0,400723,356969,AlPatch_2_0,13992.224034268,13992.31312127
23,0,400826,350384,AlPatch_0_0,9685.1287814873,9685.2264348655
23,0,400825,350384,AlPatch_0_0,9685.1287814873,9685.2161266467
23,0,401120,332958,AlPatch_0_0,5486.7788620338,5486.8698064833
23,0,401119,332958,AlPatch_0_0,5486.7788620338,5486.8705939669
23,0,401148,331304,AlPatch_0_0,2922.928552904,2923.0146023984
23,0,401147,331304,AlPatch_0_0,2922.928552904,2923.0196102047
23,0,401258,323558,AlPatch_2_0,1491.9959789211,1492.0898980207
23,0,401257,323558,AlPatch_2_0,1491.9959789211,1492.08419357
23,0,401322,320508,AlPatch_2_0,8045.9002312294,8045.9952281086
23,0,401321,320508,AlPatch_2_0,8045.9002312294,8046.0006380396
23,0,401826,289694,AlPatch_0_1,4267.7524577835,4267.8501035091
23,0,401825,289694,AlPatch_0_1,4267.7524577835,4267.8440149549
23,0,401988,280182,AlPatch_0_0,1906.5041700301,1906.5991721994
23,0,401987,280182,AlPatch_0_0,1906.5041700301,1906.5985031633
23,0,401994,279979,AlPatch_1_1,3127.6772832954,3127.777127708
23,0,401993,279979,AlPatch_1_1,3127.6772832954,3127.7689166394
23,0,402200,268237,AlPatch_0_0,6903.5075540844,6903.5930589623
23,0,402199,268237,AlPatch_0_0,6903.5075540844,6903.6043727611
23,0,402276,264393,AlPatch_1_0,10346.529237216,10346.616895769
23,0,402275,264393,AlPatch_1_0,10346.529237216,10346.615667687
23,0,402564,245338,AlPatch_2_1,15065.159887187,15065.249414377
23,0,402563,245338,AlPatch_2_1,15065.159887187,15065.249455012
23,0,402772,233759,AlPatch_2_1,6503.3768689208,6503.4633127137
23,0,402771,233759,AlPatch_2_1,6503.3768689208,6503.4782663004
23,0,402988,221560,AlPatch_2_1,5540.7428574355,5540.8334733389
23,0,402987,221560,AlPatch_2_1,5540.7428574355,5540.8365996002
23,0,403032,217757,AlPatch_1_1,8054.51974292,8054.6088427728
23,0,403031,217757,AlPatch_1_1,8054.51974292,8054.6089674112
23,0,403628,185850,AlPatch_0_0,4984.2606309434,4984.3594287724
23,0,403627,185850,AlPatch_0_0,4984.2606309434,4984.3476381543
23,0,403722,181117,AlPatch_0_0,14522.709285653,14522.81010052
23,0,403721,181117,AlPatch_0_0,14522.709285653,14522.796528467
23,0,403798,177654,AlPatch_1_0,6299.370382274,6299.4665067576
23,0,403797,177654,AlPatch_1_0,6299.370382274,6299.4695297438
23,0,403966,167173,AlPatch_0_1,11493.518237991,11493.608389698
23,0,403965,167173,AlPatch_0_1,11493.518237991,11493.608372218
23,0,404020,163935,AlPatch_0_1,2939.9013280523,2939.9866908088
23,0,404019,163935,AlPatch_0_1,2939.9013280523,2939.9963970918
23,0,404056,161900,AlPatch_0_0,4248.4443139006,4248.5385163314
23,0,404055,161900,AlPatch_0_0,4248.4443139006,4248.5413746942
23,0,404142,157688,AlPatch_1_0,10911.508621997,10911.596350136
23,0,404141,157688,AlPatch_1_0,10911.508621997,10911.608997353
23,0,404162,156360,AlPatch_2_0,1138.5334215666,1138.6249367292
23,0,404161,156360,AlPatch_2_0,1138.5334215666,1138.6278292886
23,0,404356,145745,AlPatch_2_0,16112.196594978,16112.282388884
23,0,404355,145745,AlPatch_2_0,16112.196594978,16112.282047748
23,0,404380,144080,AlPatch_0_1,14723.950871153,14724.04722582
23,0,404379,144080,AlPatch_0_1,14723.950871153,14724.046721391
23,0,404462,139674,AlPatch_0_0,9730.6482728398,9730.7374168307
23,0,404461,139674,AlPatch_0_0,9730.6482728398,9730.74913491
23,0,404608,129705,AlPatch_1_0,4217.420828043,4217.510702979
23,0,404607,129705,AlPatch_1_0,4217.420828043,4217.5110680448
23,0,405002,105189,AlPatch_2_0,17633.880457898,17633.979703903
23,0,405001,105189,AlPatch_2_0,17633.880457898,17633.969178752
23,0,405390,82367,AlPatch_2_0,11690.356988042,11690.449769903
23,0,405389,82367,AlPatch_2_0,11690.356988042,11690.447629002
23,0,405534,73942,AlPatch_2_0,11462.169429131,11462.260757675
23,0,405533,73942,AlPatch_2_0,11462.169429131,11462.268002194
23,0,405648,66827,AlPatch_0_1,3558.8611481358,3558.9481610556
23,0,405647,66827,AlPatch_0_1,3558.8611481358,3558.9476443766
23,0,405722,62145,AlPatch_2_1,9997.3631016613,9997.4556961704
23,0,405721,62145,AlPatch_2_1,9997.3631016613,9997.4555228642
23,0,405806,57312,AlPatch_0_0,4731.5756752357,4731.6713426018
23,0,405805,57312,AlPatch_0_0,4731.5756752357,4731.6711126909
23,0,406316,21624,AlPatch_1_1,2870.2014235004,2870.2881732459
23,0,406315,21624,AlPatch_1_1,2870.2014235004,2870.287088911
23,0,406412,17223,AlPatch_0_0,9060.1237899511,9060.2138309848
23,0,406411,17223,AlPatch_0_0,9060.1237899511,9060.2136979953
23,0,406452,15347,AlPatch_2_1,5071.0012035773,5071.0884068319
23,0,406451,15347,AlPatch_2_1,5071.0012035773,5071.0942407775
23,0,406462,15085,AlPatch_0_0,9017.3778401718,9017.4633208637
23,0,406461,15085,AlPatch_0_0,9017.3778401718,9017.4816448012
23,0,406510,12116,AlPatch_0_0,4986.3985181372,4986.4975613373
23,0,406509,12116,AlPatch_0_0,4986.3985181372,4986.4884036079
23,0,406532,10697,AlPatch_1_1,8826.9231987184,8827.0151777519
23,0,406531,10697,AlPatch_1_1,8826.9231987184,8827.021327567
23,0,406678,2661,AlPatch_2_0,16041.871109357,16041.966483552
23,0,406677,2661,AlPatch_2_0,16041.871109357,16041.960136113
24,0,400058,397067,AlPatch_1_0,7868.8008981152,7868.8873385237
24,0,400057,397067,AlPatch_1_0,7868.8008981152,7868.8875069259
24,0,400260,384591,AlPatch_0_1,10893.70177674,10893.789270529
24,0,400259,384591,AlPatch_0_1,10893.70177674,10893.789144811
24,0,400302,382441,AlPatch_0_1,11947.370130514,11947.46871171
24,0,400301,382441,AlPatch_0_1,11947.370130514,11947.462961214
24,0,400618,362527,AlPatch_2_0,7353.3573710943,7353.4568294623
24,0,400617,362527,AlPatch_2_0,7353.3573710943,7353.4490383503
24,0,400752,353963,AlPatch_0_1,11019.520301355,11019.613532854
24,0,400751,353963,AlPatch_0_1,11019.520301355,11019.615809965
24,0,401106,332534,AlPatch_2_1,9085.9517235179,9086.0381252567
24,0,401105,332534,AlPatch_2_1,9085.9517235179,9086.0411938477
24,0,401250,324740,AlPatch_1_0,12274.44426317,12274.532335762
24,0,401249,324740,AlPatch_1_0,12274.44426317,12274.531821905
24,0,401258,324474,AlPatch_0_0,13432.898386151,13433.000145976
24,0,401257,324474,AlPatch_0_0,13432.898386151,13432.996553145
24,0,401714,296288,AlPatch_1_0,15228.052985232,15228.140050873
24,0,401713,296288,AlPatch_1_0,15228.052985232,15228.143906642
24,0,401956,281377,AlPatch_2_0,1389.3521354939,1389.4440725579
24,0,401955,281377,AlPatch_2_0,1389.3521354939,1389.4428484992
24,0,402446,254556,AlPatch_2_0,270.42839108606,270.52534199669
24,0,402445,254556,AlPatch_2_0,270.42839108606,270.52889663717
24,0,402450,254390,AlPatch_0_0,3520.9654473734,3521.0659022597
24,0,402449,254390,AlPatch_0_0,3520.9654473734,3521.0523326227
24,0,402524,250428,AlPatch_2_1,5914.8815274329,5914.9814703796
24,0,402523,250428,AlPatch_2_1,5914.8815274329,5914.9857594525
24,0,402616,244970,AlPatch_1_0,10094.943513334,10095.030100708
24,0,402615,244970,AlPatch_1_0,10094.943513334,10095.030132397
24,0,402896,225644,AlPatch_1_1,10530.819531428,10530.913963464
24,0,402895,225644,AlPatch_1_1,10530.819531428,10530.912836574
24,0,403434,194061,AlPatch_1_0,15579.596165367,15579.686867985
24,0,403433,194061,AlPatch_1_0,15579.596165367,15579.693617344
24,0,403726,178542,AlPatch_1_0,10387.809266401,10387.90262147
24,0,403725,178542,AlPatch_1_0,10387.809266401,10387.90334223
24,0,404240,150319,AlPatch_1_0,9851.6178769369,9851.7111103222
24,0,404239,150319,AlPatch_1_0,9851.6178769369,9851.7165405639
24,0,404406,140568,AlPatch_1_0,3169.4765983002,3169.5732636423
24,0,404405,140568,AlPatch_1_0,3169.4765983002,3169.5726722048
24,0,404432,139633,AlPatch_1_0,14524.964547408,14525.067989615
24,0,404431,139633,AlPatch_1_0,14524.964547408,14525.061310353
24,0,404464,137804,AlPatch_1_0,3814.7865223105,3814.8799526074
24,0,404463,137804,AlPatch_1_0,3814.7865223105,3814.8796364958
24,0,405208,92375,AlPatch_2_1,18715.323135105,18715.411554858
24,0,405207,92375,AlPatch_2_1,18715.323135105,18715.410374647
24,0,405678,64534,AlPatch_2_0,5623.7113947704,5623.7997373975
24,0,405677,64534,AlPatch_2_0,5623.7113947704,5623.7984496959
24,0,405836,53747,AlPatch_2_0,7129.1611063982,7129.2625728879
24,0,405835,53747,AlPatch_2_0,7129.1611063982,7129.2490834102
24,0,406354,21304,AlPatch_1_1,3149.9099741986,3150.006049264
24,0,406353,21304,AlPatch_1_1,3149.9099741986,3150.0018841607
2,0,400086,394571,AlPatch_1_0,4789.2927412759,4789.388766134
2,0,400085,394571,AlPatch_1_0,4789.2927412759,4789.3883733671
2,0,400226,385147,AlPatch_0_0,13015.244771201,13015.343009513
2,0,400225,385147,AlPatch_0_0,13015.244771201,13015.340578601
2,0,400600,361635,AlPatch_2_0,1245.8424743994,1245.9289498544
2,0,400599,361635,AlPatch_2_0,1245.8424743994,1245.9293821516
2,0,400820,349843,AlPatch_0_0,10410.474744246,10410.562054253
2,0,400819,349843,AlPatch_0_0,10410.474744246,10410.564858417
2,0,401032,334323,AlPatch_0_1,8704.7852757796,8704.8862072233
2,0,401031,334323,AlPatch_0_1,8704.7852757796,8704.8850425449
2,0,401556,301421,AlPatch_2_0,249.35028939708,249.4467165112
2,0,401555,301421,AlPatch_2_0,249.35028939708,249.44066365658
2,0,401636,297103,AlPatch_2_0,712.31914332481,712.41311448935
2,0,401635,297103,AlPatch_2_0,712.31914332481,712.41547529735
2,0,401700,292438,AlPatch_2_1,3589.6160025607,3589.7068704366
2,0,401699,292438,AlPatch_2_1,3589.6160025607,3589.7074752741
2,0,401928,279175,AlPatch_2_0,931.98032742095,932.07594429016
2,0,401927,279175,AlPatch_2_0,931.98032742096,932.07771020223
2,0,402140,267582,AlPatch_2_1,11735.513802805,11735.605473728
2,0,402139,267582,AlPatch_2_1,11735.513802805,11735.605563909
2,0,402302,258915,AlPatch_0_0,13342.43640612,13342.538110285
2,0,402301,258915,AlPatch_0_0,13342.43640612,13342.525031418
2,0,402756,230736,AlPatch_2_0,5468.7991788731,5468.8854285801
2,0,402755,230736,AlPatch_2_0,5468.7991788731,5468.8857202851
2,0,402760,230237,AlPatch_1_0,8328.4415343785,8328.5300566035
2,0,402759,230237,AlPatch_1_0,8328.4415343785,8328.5299457511
2,0,402864,225556,AlPatch_1_0,8185.6590712748,8185.7500120749
2,0,402863,225556,AlPatch_1_0,8185.6590712748,8185.7568236994
2,0,402886,224186,AlPatch_0_1,11419.774617896,11419.872806807
2,0,402885,224186,AlPatch_0_1,11419.774617896,11419.864537886
2,0,403158,208197,AlPatch_2_0,13227.688838916,13227.777233148
2,0,403157,208197,AlPatch_2_0,13227.688838916,13227.777866539
2,0,403486,187233,AlPatch_2_0,11223.023396301,11223.121748184
2,0,403485,187233,AlPatch_2_0,11223.023396301,11223.115801346
2,0,403518,185347,AlPatch_2_0,18526.199957598,18526.2866464
2,0,403517,185347,AlPatch_2_0,18526.199957598,18526.30136435
2,0,403576,182446,AlPatch_2_0,1580.1864279016,1580.2775288971
2,0,403575,182446,AlPatch_2_0,1580.1864279016,1580.2741738327
2,0,403594,181852,AlPatch_2_0,597.14014886745,597.23432964768
2,0,403593,181852,AlPatch_2_0,597.14014886745,597.23057980478
2,0,404144,149356,AlPatch_2_0,4154.8121303253,4154.9110429323
2,0,404143,149356,AlPatch_2_0,4154.8121303253,4154.9019347559
2,0,404336,138696,AlPatch_2_1,7085.0967125643,7085.1982228901
2,0,404335,138696,AlPatch_2_1,7085.0967125643,7085.1882717001
2,0,404466,131605,AlPatch_0_1,5774.5734109396,5774.6672686722
2,0,404465,131605,AlPatch_0_1,5774.5734109396,5774.6743611956
2,0,404664,121492,AlPatch_2_0,16040.991142162,16041.088053951
2,0,404663,121492,AlPatch_2_0,16040.991142162,16041.085281859
2,0,404932,105509,AlPatch_2_1,9509.9239257455,9510.0254305662
2,0,404931,105509,AlPatch_2_1,9509.9239257454,9510.0215794558
2,0,405138,94467,AlPatch_1_0,5523.5850269251,5523.6758047013
2,0,405137,94467,AlPatch_1_0,5523.5850269251,5523.6829663316
2,0,405258,89054,AlPatch_1_0,5457.2883295705,5457.3750212812
2,0,405257,89054,AlPatch_1_0,5457.2883295705,5457.3792981952
2,0,405416,79353,AlPatch_0_1,12641.46227191,12641.565371386
2,0,405415,79353,AlPatch_0_1,12641.46227191,12641.547781004
2,0,405634,65412,AlPatch_2_0,10481.207941588,10481.307888873
2,0,405633,65412,AlPatch_2_0,10481.207941588,10481.296021808
2,0,405730,59834,AlPatch_1_1,4380.8681964351,4380.9655257451
2,0,405729,59834,AlPatch_1_1,4380.8681964351,4380.9660693381
2,0,405822,53526,AlPatch_1_0,5186.2777028852,5186.3796793328
2,0,405821,53526,AlPatch_1_0,5186.2777028852,5186.3800048081
2,0,405926,48964,AlPatch_2_0,12162.715308505,12162.804595043
2,0,405925,48964,AlPatch_2_0,12162.715308505,12162.814944968
2,0,405942,47679,AlPatch_1_0,5190.2793052889,5190.3679028466
2,0,405941,47679,AlPatch_1_0,5190.2793052889,5190.367868052
3,0,400096,394673,AlPatch_0_1,2659.8841832532,2659.9791409636
3,0,400095,394673,AlPatch_0_1,2659.8841832532,2659.9720131447
3,0,400198,387461,AlPatch_2_0,4863.6397958007,4863.7344169191
3,0,400197,387461,AlPatch_2_0,4863.6397958007,4863.7350975976
3,0,400202,387221,AlPatch_2_0,7100.7983775943,7100.890826219
3,0,400201,387221,AlPatch_2_0,7100.7983775943,7100.9022093827
3,0,400318,381810,AlPatch_2_1,2448.2202544903,2448.3240240981
3,0,400317,381810,AlPatch_2_1,2448.2202544903,2448.3209600702
3,0,400388,377688,AlPatch_0_1,16436.098181598,16436.186101186
3,0,400387,377688,AlPatch_0_1,16436.098181598,16436.187736236
3,0,400518,370236,AlPatch_0_0,4143.2582523445,4143.3602000157
3,0,400517,370236,AlPatch_0_0,4143.2582523445,4143.3502535955
3,0,400652,361753,AlPatch_0_0,7026.1187855362,7026.2156344367
3,0,400651,361753,AlPatch_0_0,7026.1187855362,7026.2093622373
3,0,400682,360062,AlPatch_0_0,11200.764156694,11200.851069392
3,0,400681,360062,AlPatch_0_0,11200.764156694,11200.850166524
3,0,401228,327637,AlPatch_1_0,12734.541769076,12734.628572955
3,0,401227,327637,AlPatch_1_0,12734.541769076,12734.645692558
3,0,401364,318186,AlPatch_2_0,13435.85866186,13435.94583118
3,0,401363,318186,AlPatch_2_0,13435.85866186,13435.953862546
3,0,401368,317292,AlPatch_1_0,9809.2880467184,9809.3761724155
3,0,401367,317292,AlPatch_1_0,9809.2880467184,9809.3878877285
3,0,401968,282343,AlPatch_1_1,4765.167262701,4765.2702096054
3,0,401967,282343,AlPatch_1_1,4765.167262701,4765.2638166652
3,0,401976,281858,AlPatch_0_0,4098.0998463384,4098.1853221043
3,0,401975,281858,AlPatch_0_0,4098.0998463385,4098.2031515352
3,0,402000,280280,AlPatch_1_0,13645.566980063,13645.657496323
3,0,401999,280280,AlPatch_1_0,13645.566980063,13645.664658281
3,0,402418,257466,AlPatch_0_1,1445.1113664672,1445.1967822763
3,0,402417,257466,AlPatch_0_1,1445.1113664672,1445.2033697103
3,0,402742,236441,AlPatch_2_0,10053.157386759,10053.257699859
3,0,402741,236441,AlPatch_2_0,10053.157386759,10053.243732861
3,0,402974,219825,AlPatch_2_0,256.37168566486,256.47008149825
3,0,402973,219825,AlPatch_2_0,256.37168566486,256.46298530902
3,0,403066,213465,AlPatch_2_1,3063.1903979725,3063.2815069043
3,0,403065,213465,AlPatch_2_1,3063.1903979725,3063.2819762701
3,0,403354,197224,AlPatch_2_1,1202.9313940902,1203.0201927831
3,0,403353,197224,AlPatch_2_1,1202.9313940902,1203.0181776981
3,0,403680,178087,AlPatch_2_1,8699.5867857028,8699.6872943777
3,0,403679,178087,AlPatch_2_1,8699.5867857028,8699.6726942807
3,0,403724,176303,AlPatch_2_0,16246.027273365,16246.119476722
3,0,403723,176303,AlPatch_2_0,16246.027273365,16246.122926287
3,0,403792,173456,AlPatch_1_0,6475.6011848817,6475.7029458986
3,0,403791,173456,AlPatch_1_0,6475.6011848817,6475.7056563661
3,0,403830,171787,AlPatch_1_0,15449.375938903,15449.477446125
3,0,403829,171787,AlPatch_1_0,15449.375938903,15449.462772127
3,0,404208,148612,AlPatch_1_1,10189.973662355,10190.069253753
3,0,404207,148612,AlPatch_1_1,10189.973662355,10190.066734824
3,0,404274,144827,AlPatch_0_1,5681.4121787274,5681.500797732
3,0,404273,144827,AlPatch_0_1,5681.4121787274,5681.5002475484
3,0,404318,142246,AlPatch_1_1,12114.416605026,12114.508140632
3,0,404317,142246,AlPatch_1_1,12114.416605026,12114.512859071
3,0,404756,116671,AlPatch_2_1,9731.8555305162,9731.9498670423
3,0,404755,116671,AlPatch_2_1,9731.8555305162,9731.9526248333
3,0,404878,111791,AlPatch_0_0,16168.986347728,16169.086372401
3,0,404877,111791,AlPatch_0_0,16168.986347728,16169.079069265
3,0,405138,99074,AlPatch_0_0,3826.5349299474,3826.6322268572
3,0,405137,99074,AlPatch_0_0,3826.5349299474,3826.6319586939
3,0,405364,85577,AlPatch_0_1,4699.4904478136,4699.5866706709
3,0,405363,85577,AlPatch_0_1,4699.4904478136,4699.5867076629
3,0,405986,46835,AlPatch_0_1,5243.8929221272,5243.9863083599
3,0,405985,46835,AlPatch_0_1,5243.8929221272,5243.9911096316
3,0,406154,36867,AlPatch_0_0,10135.145655345,10135.233011139
3,0,406153,36867,AlPatch_0_0,10135.145655345,10135.244090784
3,0,406652,7469,AlPatch_0_0,12193.218430396,12193.306375785
3,0,406651,7469,AlPatch_0_0,12193.218430396,12193.305536565
3,0,406708,3920,AlPatch_1_1,10171.50155769,10171.600953075
3,0,406707,3920,AlPatch_1_1,10171.50155769,10171.603660071
4,0,400056,397121,AlPatch_2_0,1266.2531713922,1266.3389609162
4,0,400055,397121,AlPatch_2_0,1266.2531713922,1266.3393768645
4,0,400320,382218,AlPatch_0_0,5833.5669018956,5833.6533413691
4,0,400319,382218,AlPatch_0_0,5833.5669018956,5833.6533809798
4,0,400650,362424,AlPatch_0_1,3271.4300202875,3271.5214632439
4,0,400649,362424,AlPatch_0_1,3271.4300202875,3271.5202231546
4,0,401000,341268,AlPatch_0_1,1344.4853378086,1344.5771407651
4,0,400999,341268,AlPatch_0_1,1344.4853378086,1344.5746924411
4,0,401010,340699,AlPatch_2_0,546.37233335639,546.45933419957
4,0,401009,340699,AlPatch_2_0,546.37233335639,546.47335620255
4,0,401022,340546,AlPatch_2_0,1178.2141140796,1178.3040038156
4,0,401021,340546,AlPatch_2_0,1178.2141140796,1178.3037246273
4,0,401480,311553,AlPatch_1_1,3739.7768165632,3739.8636973808
4,0,401479,311553,AlPatch_1_1,3739.7768165632,3739.8779161508
4,0,401676,299720,AlPatch_1_0,14348.371545149,14348.456897815
4,0,401675,299720,AlPatch_1_0,14348.371545149,14348.457483218
4,0,401764,295054,AlPatch_2_1,5678.4336101381,5678.5373435936
4,0,401763,295054,AlPatch_2_1,5678.4336101381,5678.5200126043
4,0,402456,256763,AlPatch_2_0,3850.3847926482,3850.4816919863
4,0,402455,256763,AlPatch_2_0,3850.3847926482,3850.4761711059
4,0,402614,248651,AlPatch_2_0,868.29319019446,868.37886547364
4,0,402613,248651,AlPatch_2_0,868.29319019446,868.38168900208
4,0,402670,246067,AlPatch_1_1,17675.66807195,17675.761786099
4,0,402669,246067,AlPatch_1_1,17675.66807195,17675.756572119
4,0,402710,243042,AlPatch_1_0,2098.1180553717,2098.2123185253
4,0,402709,243042,AlPatch_1_0,2098.1180553717,2098.2209481082
4,0,403098,221604,AlPatch_0_0,5126.0465801178,5126.1369462596
4,0,403097,221604,AlPatch_0_0,5126.0465801178,5126.1462616725
4,0,403260,211756,AlPatch_0_0,9278.2105507028,9278.3081546089
4,0,403259,211756,AlPatch_0_0,9278.2105507028,9278.3039881469
4,0,403518,196481,AlPatch_2_0,12736.665221492,12736.759985963
4,0,403517,196481,AlPatch_2_0,12736.665221492,12736.759503833
4,0,403668,188111,AlPatch_2_1,7169.0034471849,7169.1005386998
4,0,403667,188111,AlPatch_2_1,7169.0034471849,7169.0973645684
4,0,404188,157501,AlPatch_2_1,5624.8306926125,5624.9214727859
4,0,404187,157501,AlPatch_2_1,5624.8306926125,5624.9206328077
4,0,404238,153750,AlPatch_1_0,6223.2985885502,6223.3923174857
4,0,404237,153750,AlPatch_1_0,6223.2985885502,6223.3918586042
4,0,404264,152385,AlPatch_0_0,12631.524821796,12631.61605004
4,0,404263,152385,AlPatch_0_0,12631.524821796,12631.618388409
4,0,404574,134278,AlPatch_1_0,8259.8028876129,8259.8965306628
4,0,404573,134278,AlPatch_1_0,8259.8028876129,8259.8977298822
4,0,405230,93352,AlPatch_2_1,1345.3041147228,1345.3940818128
4,0,405229,93352,AlPatch_2_1,1345.3041147228,1345.4026399451
4,0,405290,89930,AlPatch_0_1,4329.3812709265,4329.4695457254
4,0,405289,89930,AlPatch_0_1,4329.3812709265,4329.4817522561
4,0,405380,84811,AlPatch_0_1,6430.7526207196,6430.8500959489
4,0,405379,84811,AlPatch_0_1,6430.7526207196,6430.8457691521
4,0,405500,78895,AlPatch_2_0,13081.533584271,13081.628834312
4,0,405499,78895,AlPatch_2_0,13081.533584271,13081.629834286
4,0,405636,71404,AlPatch_1_1,8148.4205190391,8148.5199619993
4,0,405635,71404,AlPatch_1_1,8148.4205190391,8148.5179378935
4,0,405684,68655,AlPatch_2_0,11414.180118142,11414.275870245
4,0,405683,68655,AlPatch_2_0,11414.180118142,11414.280680799
4,0,406080,47111,AlPatch_1_1,8964.487671864,8964.5737407167
4,0,406079,47111,AlPatch_1_1,8964.487671864,8964.5738066252
4,0,406084,46873,AlPatch_1_1,10811.947954994,10812.049686732
4,0,406083,46873,AlPatch_1_1,10811.947954994,10812.047884103
4,0,406472,21559,AlPatch_2_0,1248.7394303583,1248.8309272173
4,0,406471,21559,AlPatch_2_0,1248.7394303583,1248.8294155315
4,0,406558,16462,AlPatch_0_1,14221.877839529,14221.974745018
4,0,406557,16462,AlPatch_0_1,14221.877839529,14221.975316558
5,0,400156,392161,AlPatch_1_1,19028.058418251,19028.161025414
5,0,400155,392161,AlPatch_1_1,19028.058418251,19028.145328668
5,0,400604,367186,AlPatch_2_0,251.03525335229,251.12619422316
5,0,400603,367186,AlPatch_2_0,251.03525335229,251.1332780135
5,0,400838,350175,AlPatch_1_1,11538.084787884,11538.179191085
5,0,400837,350175,AlPatch_1_1,11538.084787884,11538.181911881
5,0,401152,330817,AlPatch_2_0,429.22987229364,429.32040178354
5,0,401151,330817,AlPatch_2_0,429.22987229364,429.32029473047
5,0,401266,322663,AlPatch_0_0,19847.002472176,19847.104684958
5,0,401265,322663,AlPatch_0_0,19847.002472176,19847.091773893
5,0,402334,259203,AlPatch_1_0,7398.2238159243,7398.3212431361
5,0,402333,259203,AlPatch_1_0,7398.2238159243,7398.3159908398
5,0,402336,259165,AlPatch_0_1,8094.6936591508,8094.7839140631
5,0,402335,259165,AlPatch_0_1,8094.6936591508,8094.7918028875
5,0,402484,249846,AlPatch_0_1,14847.159085286,14847.247058178
5,0,402483,249846,AlPatch_0_1,14847.159085286,14847.247915266
5,0,402842,227231,AlPatch_0_1,12365.468494862,12365.572421436
5,0,402841,227231,AlPatch_0_1,12365.468494862,12365.555778563
5,0,402854,226144,AlPatch_2_0,5438.3698436013,5438.4706632627
5,0,402853,226144,AlPatch_2_0,5438.3698436013,5438.4634583005
5,0,402942,221347,AlPatch_1_0,4729.0537628615,4729.1510188966
5,0,402941,221347,AlPatch_1_0,4729.0537628615,4729.1545841179
5,0,402984,218816,AlPatch_0_0,4662.9162622855,4663.0076006424
5,0,402983,218816,AlPatch_0_0,4662.9162622855,4663.0131699915
5,0,402994,218179,AlPatch_2_0,1664.5759651347,1664.6718920219
5,0,402993,218179,AlPatch_2_0,1664.5759651347,1664.6735191192
5,0,403172,206921,AlPatch_1_1,9329.01249736,9329.1048770628
5,0,403171,206921,AlPatch_1_1,9329.01249736,9329.1038453739
5,0,403336,198415,AlPatch_2_1,14612.882622084,14612.976538967
5,0,403335,198415,AlPatch_2_1,14612.882622084,14612.976200289
5,0,403548,184894,AlPatch_0_0,2971.2280708347,2971.3251220221
5,0,403547,184894,AlPatch_0_0,2971.2280708347,2971.3178268194
5,0,403586,182897,AlPatch_2_1,8358.8211371156,8358.9104690304
5,0,403585,182897,AlPatch_2_1,8358.8211371156,8358.9099537089
5,0,403638,179870,AlPatch_2_1,7288.5147003868,7288.6033048124
5,0,403637,179870,AlPatch_2_1,7288.5147003868,7288.603575066
5,0,403752,174318,AlPatch_0_1,4461.7862204863,4461.8815302327
5,0,403751,174318,AlPatch_0_1,4461.7862204863,4461.8794732149
5,0,403874,167024,AlPatch_2_1,1349.4772824938,1349.5683844689
5,0,403873,167024,AlPatch_2_1,1349.4772824938,1349.5757474194
5,0,403930,164375,AlPatch_2_1,456.3888936578,456.48126348173
5,0,403929,164375,AlPatch_2_1,456.3888936578,456.47588852471
5,0,404138,150277,AlPatch_2_0,431.53650180231,431.63156862725
5,0,404137,150277,AlPatch_2_0,431.53650180231,431.6280750174
5,0,404332,139674,AlPatch_2_0,6365.1635459673,6365.2525355344
5,0,404331,139674,AlPatch_2_0,6365.1635459673,6365.2636277955
5,0,404726,116398,AlPatch_0_0,6365.2375593436,6365.330255768
5,0,404725,116398,AlPatch_0_0,6365.2375593436,6365.3291366886
5,0,404738,115541,AlPatch_2_0,14841.303110198,14841.393913513
5,0,404737,115541,AlPatch_2_0,14841.303110198,14841.393162069
5,0,404868,108255,AlPatch_2_0,868.8824175187,868.98045882707
5,0,404867,108255,AlPatch_2_0,868.8824175187,868.97501893486
5,0,404916,105585,AlPatch_2_0,254.8509127918,254.93698123122
5,0,404915,105585,AlPatch_2_0,254.8509127918,254.93769368557
5,0,405066,96397,AlPatch_0_1,14134.247707135,14134.339598203
5,0,405065,96397,AlPatch_0_1,14134.247707135,14134.337521429
5,0,405178,88821,AlPatch_2_1,15893.986842552,15894.074479908
5,0,405177,88821,AlPatch_2_1,15893.986842552,15894.072873483
5,0,405388,76446,AlPatch_2_1,10167.758915328,10167.855021285
5,0,405387,76446,AlPatch_2_1,10167.758915328,10167.853971316
5,0,405540,67768,AlPatch_1_0,15531.054832575,15531.146050754
5,0,405539,67768,AlPatch_1_0,15531.054832575,15531.150554882
5,0,405882,49629,AlPatch_1_0,4134.9334707269,4135.0293796185
5,0,405881,49629,AlPatch_1_0,4134.9334707269,4135.0273655432
5,0,406328,21445,AlPatch_1_1,12985.284507907,12985.379666328
5,0,406327,21445,AlPatch_1_1,12985.284507907,12985.37665485
5,0,406518,10205,AlPatch_0_0,8295.2305205527,8295.3188525389
5,0,406517,10205,AlPatch_0_0,8295.2305205527,8295.3183369186
6,0,400134,392604,AlPatch_2_0,266.86789313575,266.95610824748
6,0,400133,392604,AlPatch_2_0,266.86789313575,266.95669383187
6,0,400170,390789,AlPatch_0_1,13662.522642802,13662.625002217
6,0,400169,390789,AlPatch_0_1,13662.522642802,13662.613186354
6,0,400278,384671,AlPatch_2_0,14095.962500703,14096.04979511
6,0,400277,384671,AlPatch_2_0,14095.962500703,14096.049675704
6,0,400282,384306,AlPatch_0_1,12020.731030005,12020.830908716
6,0,400281,384306,AlPatch_0_1,12020.731030005,12020.824844813
6,0,400358,379564,AlPatch_2_1,8730.998529946,8731.0903761037
6,0,400357,379564,AlPatch_2_1,8730.998529946,8731.0958218423
6,0,400786,353941,AlPatch_1_1,6240.6085601529,6240.7047637372
6,0,400785,353941,AlPatch_1_1,6240.6085601529,6240.7026188767
6,0,400860,349116,AlPatch_1_0,9943.0522726259,9943.1488307314
6,0,400859,349116,AlPatch_1_0,9943.0522726259,9943.1467205702
6,0,400970,341179,AlPatch_2_0,20491.143465771,20491.232323153
6,0,400969,341179,AlPatch_2_0,20491.143465771,20491.245268377
6,0,401292,323551,AlPatch_0_1,5434.2605940072,5434.3617404108
6,0,401291,323551,AlPatch_0_1,5434.2605940072,5434.3497521922
6,0,401344,320323,AlPatch_2_1,1439.6439320727,1439.7373709411
6,0,401343,320323,AlPatch_2_1,1439.6439320727,1439.7300402485
6,0,401496,309339,AlPatch_1_1,14421.359859645,14421.459052744
6,0,401495,309339,AlPatch_1_1,14421.359859645,14421.459395291
6,0,402078,279079,AlPatch_0_0,2106.0861486203,2106.1741728696
6,0,402077,279079,AlPatch_0_0,2106.0861486203,2106.1876757623
6,0,402180,272168,AlPatch_2_0,3138.2151893043,3138.30894084
6,0,402179,272168,AlPatch_2_0,3138.2151893043,3138.3116793973
6,0,402222,270666,AlPatch_2_0,509.7543598508,509.84226501396
6,0,402221,270666,AlPatch_2_0,509.75435985081,509.84041600243
6,0,402456,257107,AlPatch_1_1,4418.8635355404,4418.9616068557
6,0,402455,257107,AlPatch_1_1,4418.8635355404,4418.9493803103
6,0,402648,245444,AlPatch_2_0,742.93743588072,743.03548282729
6,0,402647,245444,AlPatch_2_0,742.93743588072,743.02418250131
6,0,402828,236157,AlPatch_2_0,3142.9726836513,3143.067040477
6,0,402827,236157,AlPatch_2_0,3142.9726836513,3143.0660208865
6,0,402844,234457,AlPatch_2_1,4346.9996772438,4347.0954817191
6,0,402843,234457,AlPatch_2_1,4346.9996772438,4347.0959852089
6,0,403722,182164,AlPatch_2_0,10414.186274547,10414.27473691
6,0,403721,182164,AlPatch_2_0,10414.186274547,10414.27519754
6,0,403978,167500,AlPatch_0_1,5462.4786801887,5462.5774584602
6,0,403977,167500,AlPatch_0_1,5462.4786801887,5462.5790773851
6,0,404020,165325,AlPatch_0_1,6548.6945685769,6548.790475936
6,0,404019,165325,AlPatch_0_1,6548.6945685769,6548.7834795464
6,0,404214,155122,AlPatch_1_1,15973.080431574,15973.177246721
6,0,404213,155122,AlPatch_1_1,15973.080431574,15973.174924762
6,0,404312,148013,AlPatch_1_1,11344.392909596,11344.489553669
6,0,404311,148013,AlPatch_1_1,11344.392909596,11344.490454875
6,0,404590,131344,AlPatch_1_1,15692.961778844,15693.05137862
6,0,404589,131344,AlPatch_1_1,15692.961778844,15693.048598823
6,0,404778,119557,AlPatch_1_1,5459.1003070031,5459.1963414096
6,0,404777,119557,AlPatch_1_1,5459.1003070031,5459.1943121092
6,0,404898,112982,AlPatch_0_0,4303.5209221591,4303.6164548246
6,0,404897,112982,AlPatch_0_0,4303.5209221591,4303.6133744881
6,0,405064,100920,AlPatch_2_0,1061.9211773011,1062.0085413086
6,0,405063,100920,AlPatch_2_0,1061.9211773011,1062.0142396567
6,0,405174,94274,AlPatch_0_0,6724.151920373,6724.2496248448
6,0,405173,94274,AlPatch_0_0,6724.151920373,6724.2445702681
6,0,405468,76532,AlPatch_0_0,16574.526001096,16574.618225861
6,0,405467,76532,AlPatch_0_0,16574.526001096,16574.615679217
6,0,405518,72946,AlPatch_0_0,13829.200805265,13829.296408089
6,0,405517,72946,AlPatch_0_0,13829.200805265,13829.299766874
6,0,405796,54499,AlPatch_0_1,3468.4100325967,3468.499141706
6,0,405795,54499,AlPatch_0_1,3468.4100325967,3468.4989454838
6,0,405834,52375,AlPatch_0_1,3667.1612279293,3667.2586705272
6,0,405833,52375,AlPatch_0_1,3667.1612279293,3667.2585646589
6,0,405870,50251,AlPatch_1_0,4496.0089049951,4496.1023113036
6,0,405869,50251,AlPatch_1_0,4496.0089049951,4496.1024286943
6,0,406042,40160,AlPatch_2_0,1342.2490870458,1342.3360849305
6,0,406041,40160,AlPatch_2_0,1342.2490870458,1342.3458064577
6,0,406458,15703,AlPatch_0_1,18239.249246399,18239.347016465
6,0,406457,15703,AlPatch_0_1,18239.249246399,18239.345630513
6,0,406666,3191,AlPatch_0_0,10392.459647378,10392.561940824
6,0,406665,3191,AlPatch_0_0,10392.459647378,10392.562344503
6,0,406736,42,AlPatch_2_0,409.06531217401,409.15927225263
6,0,406735,42,AlPatch_2_0,409.06531217401,409.15613559815
7,0,400170,391221,AlPatch_1_1,1349.7241776774,1349.8175330928
7,0,400169,391221,AlPatch_1_1,1349.7241776774,1349.8195491336
7,0,400298,382098,AlPatch_2_0,840.89832482793,840.98578895583
7,0,400297,382098,AlPatch_2_0,840.89832482793,840.99143006685
7,0,400886,345278,AlPatch_0_1,5806.709067139,5806.8082433968
7,0,400885,345278,AlPatch_0_1,5806.7090671391,5806.7978050246
7,0,401120,333183,AlPatch_0_0,8116.4376436183,8116.5232489102
7,0,401119,333183,AlPatch_0_0,8116.4376436183,8116.5371292423
7,0,401130,332578,AlPatch_1_1,16295.404009386,16295.493087303
7,0,401129,332578,AlPatch_1_1,16295.404009386,16295.49259091
7,0,401156,330911,AlPatch_0_0,5191.8739997551,5191.9603253467
7,0,401155,330911,AlPatch_0_0,5191.8739997551,5191.9714601178
7,0,401340,320183,AlPatch_2_0,3315.9751435177,3316.0654508794
7,0,401339,320183,AlPatch_2_0,3315.9751435177,3316.0640717692
7,0,401390,316992,AlPatch_2_0,1920.0021733328,1920.0986539864
7,0,401389,316992,AlPatch_2_0,1920.0021733328,1920.0931176967
7,0,401410,316011,AlPatch_2_0,9131.4676139267,9131.5543259645
7,0,401409,316011,AlPatch_2_0,9131.4676139267,9131.5546013949
7,0,401416,315830,AlPatch_1_1,11801.683299042,11801.780445459
7,0,401415,315830,AlPatch_1_1,11801.683299042,11801.770550862
7,0,401468,312303,AlPatch_0_1,10549.016912289,10549.104114411
7,0,401467,312303,AlPatch_0_1,10549.016912289,10549.117913155
7,0,401510,308981,AlPatch_1_1,1086.5394728921,1086.626705703
7,0,401509,308981,AlPatch_1_1,1086.5394728921,1086.630059535
7,0,401684,300296,AlPatch_0_0,7324.2626198521,7324.3482454199
7,0,401683,300296,AlPatch_0_0,7324.2626198521,7324.3484482155
7,0,401814,292728,AlPatch_2_1,13659.12386788,13659.214998914
7,0,401813,292728,AlPatch_2_1,13659.12386788,13659.217129869
7,0,401840,291509,AlPatch_2_0,17640.818740475,17640.919439676
7,0,401839,291509,AlPatch_2_0,17640.818740475,17640.910030809
7,0,402460,258832,AlPatch_2_1,8343.6973787526,8343.783148314
7,0,402459,258832,AlPatch_2_1,8343.6973787526,8343.7844389427
7,0,402466,258471,AlPatch_1_0,11753.728806701,11753.824645736
7,0,402465,258471,AlPatch_1_0,11753.728806701,11753.819604804
7,0,402514,255761,AlPatch_1_1,5432.558075873,5432.6469322229
7,0,402513,255761,AlPatch_1_1,5432.558075873,5432.6451879762
7,0,402574,251667,AlPatch_0_1,8780.4401816876,8780.5332258754
7,0,402573,251667,AlPatch_0_1,8780.4401816876,8780.5284392243
7,0,402854,234304,AlPatch_0_1,2115.4464655757,2115.5454747982
7,0,402853,234304,AlPatch_0_1,2115.4464655757,2115.5406858825
7,0,402996,226458,AlPatch_2_0,426.05662776934,426.1456308793
7,0,402995,226458,AlPatch_2_0,426.05662776934,426.14536904901
7,0,403058,222857,AlPatch_2_0,758.21943537758,758.32107371994
7,0,403057,222857,AlPatch_2_0,758.21943537758,758.30766664132
7,0,403158,216505,AlPatch_0_0,2339.8064376222,2339.8932329479
7,0,403157,216505,AlPatch_0_0,2339.8064376222,2339.9061147557
7,0,403444,202391,AlPatch_1_0,15246.803171071,15246.892950543
7,0,403443,202391,AlPatch_1_0,15246.803171071,15246.891041711
7,0,403514,197843,AlPatch_2_0,17201.557962854,17201.65363568
7,0,403513,197843,AlPatch_2_0,17201.557962854,17201.651768499
7,0,403532,196824,AlPatch_1_0,2021.4366936436,2021.5320996383
7,0,403531,196824,AlPatch_1_0,2021.4366936436,2021.532346123
7,0,403624,191300,AlPatch_2_0,10856.403838023,10856.504949128
7,0,403623,191300,AlPatch_2_0,10856.403838023,10856.500937331
7,0,403630,191029,AlPatch_2_0,16484.747322984,16484.834712488
7,0,403629,191029,AlPatch_2_0,16484.747322984,16484.835634848
7,0,403706,186968,AlPatch_2_0,7873.6955137496,7873.7946964931
7,0,403705,186968,AlPatch_2_0,7873.6955137496,7873.7879356085
7,0,403716,186342,AlPatch_0_1,14102.125795374,14102.225302763
7,0,403715,186342,AlPatch_0_1,14102.125795374,14102.227021102
7,0,404262,149450,AlPatch_2_0,1773.6240848215,1773.7132118215
7,0,404261,149450,AlPatch_2_0,1773.6240848215,1773.7121898337
7,0,404594,128961,AlPatch_2_1,13025.493347146,13025.595296221
7,0,404593,128961,AlPatch_2_1,13025.493347146,13025.579369263
7,0,404668,124563,AlPatch_2_0,10938.457538973,10938.550244426
7,0,404667,124563,AlPatch_2_0,10938.457538973,10938.552383379
7,0,404842,111390,AlPatch_2_0,1067.7597943725,1067.8527419266
7,0,404841,111390,AlPatch_2_0,1067.7597943725,1067.852550637
7,0,404938,105429,AlPatch_0_0,5123.3291796054,5123.4172134759
7,0,404937,105429,AlPatch_0_0,5123.3291796054,5123.4239999658
7,0,404970,103847,AlPatch_2_0,5357.2917747232,5357.3875359152
7,0,404969,103847,AlPatch_2_0,5357.2917747232,5357.3870079554
7,0,405074,97169,AlPatch_0_1,13260.085858567,13260.175449786
7,0,405073,97169,AlPatch_0_1,13260.085858567,13260.177319153
7,0,405096,95790,AlPatch_2_0,8538.9879295063,8539.0822043564
7,0,405095,95790,AlPatch_2_0,8538.9879295063,8539.0860938736
7,0,405458,75097,AlPatch_1_0,13199.957799817,13200.050913299
7,0,405457,75097,AlPatch_1_0,13199.957799817,13200.051209324
7,0,405474,73823,AlPatch_2_0,253.74856037014,253.84392103961
7,0,405473,73823,AlPatch_2_0,253.74856037014,253.84648113641
7,0,405820,53395,AlPatch_0_0,9453.9921627167,9454.092481818
7,0,405819,53395,AlPatch_0_0,9453.9921627167,9454.0834347925
7,0,405822,53135,AlPatch_0_1,10653.593748287,10653.688638574
7,0,405821,53135,AlPatch_0_1,10653.593748287,10653.683574313
7,0,405824,53127,AlPatch_2_1,1428.5688315868,1428.6580861538
7,0,405823,53127,AlPatch_2_1,1428.5688315868,1428.6597289285
7,0,406042,40797,AlPatch_0_1,3909.0825793342,3909.1854212495
7,0,406041,40797,AlPatch_0_1,3909.0825793342,3909.1697778813
7,0,406282,27066,AlPatch_2_1,13363.570262102,13363.656711121
7,0,406281,27066,AlPatch_2_1,13363.570262102,13363.677189819
7,0,406694,1640,AlPatch_1_1,13081.79217528,13081.885362125
7,0,406693,1640,AlPatch_1_1,13081.79217528,13081.887051596
8,0,400224,385795,AlPatch_0_0,11763.104188151,11763.206901894
8,0,400223,385795,AlPatch_0_0,11763.104188151,11763.190706692
8,0,400348,379046,AlPatch_0_1,12296.907493956,12297.010463993
8,0,400347,379046,AlPatch_0_1,12296.907493956,12296.996374255
8,0,400654,362745,AlPatch_1_1,9786.8550125828,9786.9419822338
8,0,400653,362745,AlPatch_1_1,9786.8550125828,9786.9425707062
8,0,400730,358046,AlPatch_1_0,5395.5665948807,5395.6633343343
8,0,400729,358046,AlPatch_1_0,5395.5665948807,5395.6557023778
8,0,400868,349740,AlPatch_2_0,624.75236374159,624.84374809503
8,0,400867,349740,AlPatch_2_0,624.75236374159,624.84543101315
8,0,400922,345268,AlPatch_1_1,2832.9328580501,2833.0305472146
8,0,400921,345268,AlPatch_1_1,2832.9328580501,2833.0259299522
8,0,400970,342067,AlPatch_0_1,14906.657111531,14906.743796804
8,0,400969,342067,AlPatch_0_1,14906.657111531,14906.74396941
8,0,401056,335746,AlPatch_0_0,16613.416498063,16613.503803198
8,0,401055,335746,AlPatch_0_0,16613.416498063,16613.502801859
8,0,401444,311987,AlPatch_2_0,4247.2879737893,4247.3852964684
8,0,401443,311987,AlPatch_2_0,4247.2879737893,4247.3817904375
8,0,401630,299670,AlPatch_2_0,254.78470251628,254.87807073283
8,0,401629,299670,AlPatch_2_0,254.78470251628,254.88639975911
8,0,401650,298769,AlPatch_2_0,815.94040620919,816.03299015186
8,0,401649,298769,AlPatch_2_0,815.94040620919,816.03500468143
8,0,402014,275854,AlPatch_1_1,8705.679813584,8705.7690710396
8,0,402013,275854,AlPatch_1_1,8705.679813584,8705.7725934609
8,0,402020,275627,AlPatch_1_1,13883.610369886,13883.705145815
8,0,402019,275627,AlPatch_1_1,13883.610369886,13883.705894597
8,0,402426,250057,AlPatch_0_1,5631.2198035456,5631.316318095
8,0,402425,250057,AlPatch_0_1,5631.2198035456,5631.3128907576
8,0,402656,236716,AlPatch_1_1,1517.9709124542,1518.0710011094
8,0,402655,236716,AlPatch_1_1,1517.9709124542,1518.0584016869
8,0,402750,231210,AlPatch_2_0,1722.7116585048,1722.8194831117
8,0,402749,231210,AlPatch_2_0,1722.7116585048,1722.7972526568
8,0,403478,190159,AlPatch_0_0,7794.1836906078,7794.2716287101
8,0,403477,190159,AlPatch_0_0,7794.1836906078,7794.2715248242
8,0,403568,185122,AlPatch_2_1,12026.053853946,12026.142257488
8,0,403567,185122,AlPatch_2_1,12026.053853946,12026.15745364
8,0,403606,182947,AlPatch_2_0,1237.5617591522,1237.6570092835
8,0,403605,182947,AlPatch_2_0,1237.5617591522,1237.6596502132
8,0,403710,177104,AlPatch_2_0,13997.455106643,13997.546356015
8,0,403709,177104,AlPatch_2_0,13997.455106643,13997.557748054
8,0,403910,165640,AlPatch_2_1,3445.7722462364,3445.8577613884
8,0,403909,165640,AlPatch_2_1,3445.7722462364,3445.8722443983
8,0,403970,161981,AlPatch_1_0,6722.5013924413,6722.5892849141
8,0,403969,161981,AlPatch_1_0,6722.5013924413,6722.589353639
8,0,404156,151760,AlPatch_2_0,262.5101142983,262.61194721214
8,0,404155,151760,AlPatch_2_0,262.5101142983,262.60191667627
8,0,404332,139947,AlPatch_2_1,10684.750652212,10684.839599844
8,0,404331,139947,AlPatch_2_1,10684.750652212,10684.838142644
8,0,404454,132836,AlPatch_2_0,269.94985236406,270.03856340697
8,0,404453,132836,AlPatch_2_0,269.94985236406,270.04191131373
8,0,404758,112232,AlPatch_2_1,20650.636550434,20650.725440416
8,0,404757,112232,AlPatch_2_1,20650.636550434,20650.727647259
8,0,405728,47798,AlPatch_0_1,4270.9965840317,4271.0821675999
8,0,405727,47798,AlPatch_0_1,4270.9965840317,4271.0939886133
8,0,405846,42454,AlPatch_2_0,7951.6506618666,7951.7516440336
8,0,405845,42454,AlPatch_2_0,7951.6506618666,7951.7530171418
8,0,405964,33882,AlPatch_2_1,2259.59014442,2259.6923625257
8,0,405963,33882,AlPatch_2_1,2259.59014442,2259.6779126402
8,0,405990,32773,AlPatch_0_0,12648.043817537,12648.134322422
8,0,405989,32773,AlPatch_0_0,12648.043817537,12648.144534604
8,0,406264,16041,AlPatch_2_0,7800.6557932748,7800.756163704
8,0,406263,16041,AlPatch_2_0,7800.6557932748,7800.7555342756
9,0,400046,397784,AlPatch_2_1,13477.323135863,13477.424368336
9,0,400045,397784,AlPatch_2_1,13477.323135863,13477.409929535
9,0,400084,395117,AlPatch_2_1,13637.473437751,13637.570610086
9,0,400083,395117,AlPatch_2_1,13637.473437751,13637.568156401
9,0,400414,377372,AlPatch_2_1,3778.1043569703,3778.1950526876
9,0,400413,377372,AlPatch_2_1,3778.1043569703,3778.1951175565
9,0,400566,368474,AlPatch_2_1,4790.8783682645,4790.9663815812
9,0,400565,368474,AlPatch_2_1,4790.8783682645,4790.9721900483
9,0,400616,366106,AlPatch_1_0,1836.7462867249,1836.8318900626
9,0,400615,366106,AlPatch_1_0,1836.7462867249,1836.8408689263
9,0,400938,344451,AlPatch_1_1,17647.006543638,17647.102879051
9,0,400937,344451,AlPatch_1_1,17647.006543638,17647.098213
9,0,401336,322160,AlPatch_0_0,13752.508362581,13752.603000575
9,0,401335,322160,AlPatch_0_0,13752.508362581,13752.602588168
9,0,401444,313616,AlPatch_0_0,7154.2430381264,7154.3413386829
9,0,401443,313616,AlPatch_0_0,7154.2430381264,7154.33484926
9,0,401910,285764,AlPatch_2_0,12020.351560458,12020.454316862
9,0,401909,285764,AlPatch_2_0,12020.351560458,12020.445082061
9,0,401916,285163,AlPatch_2_0,616.30362533205,616.38914478873
9,0,401915,285163,AlPatch_2_0,616.30362533205,616.40614830027
9,0,402076,275181,AlPatch_2_0,16497.213722934,16497.311491833
9,0,402075,275181,AlPatch_2_0,16497.213722934,16497.305576087
9,0,402272,264987,AlPatch_1_0,3066.0273586814,3066.1135977268
9,0,402271,264987,AlPatch_1_0,3066.0273586814,3066.1140322827
9,0,402312,261362,AlPatch_0_0,10432.075833517,10432.163032991
9,0,402311,261362,AlPatch_0_0,10432.075833517,10432.163877174
9,0,402560,244777,AlPatch_2_0,252.67754713831,252.77095760144
9,0,402559,244777,AlPatch_2_0,252.67754713831,252.77520508551
9,0,403190,210982,AlPatch_0_1,12446.524189791,12446.618937536
9,0,403189,210982,AlPatch_0_1,12446.524189791,12446.616265896
9,0,403468,194993,AlPatch_2_1,11167.50051229,11167.586750871
9,0,403467,194993,AlPatch_2_1,11167.50051229,11167.60055159
9,0,403552,188469,AlPatch_0_0,4982.5554437446,4982.6457281452
9,0,403551,188469,AlPatch_0_0,4982.5554437446,4982.6534377497
9,0,403626,184282,AlPatch_1_1,5664.9047803651,5664.9930348062
9,0,403625,184282,AlPatch_1_1,5664.9047803651,5664.9911301942
9,0,403798,172367,AlPatch_2_0,1718.745245786,1718.8388653008
9,0,403797,172367,AlPatch_2_0,1718.745245786,1718.8454916371
9,0,403820,171250,AlPatch_1_0,14207.476850709,14207.574272546
9,0,403819,171250,AlPatch_1_0,14207.476850709,14207.574532016
9,0,403854,168206,AlPatch_0_1,8181.1607852528,8181.2554252351
9,0,403853,168206,AlPatch_0_1,8181.1607852528,8181.2464112847
9,0,404116,151328,AlPatch_1_1,2173.0282056871,2173.1273484897
9,0,404115,151328,AlPatch_1_1,2173.0282056871,2173.1253770485
9,0,404752,115051,AlPatch_2_0,1306.6144334684,1306.7057257332
9,0,404751,115051,AlPatch_2_0,1306.6144334684,1306.7042578031
9,0,404756,114814,AlPatch_2_1,12537.981147617,12538.078076295
9,0,404755,114814,AlPatch_2_1,12537.981147617,12538.069016377
9,0,405106,93801,AlPatch_1_0,3013.2425993042,3013.3475217663
9,0,405105,93801,AlPatch_1_0,3013.2425993042,3013.3442309425
9,0,405398,74725,AlPatch_2_0,13343.836315354,13343.93604801
9,0,405397,74725,AlPatch_2_0,13343.836315354,13343.92545189
9,0,405782,49662,AlPatch_0_1,11977.33994047,11977.443049341
9,0,405781,49662,AlPatch_0_1,11977.33994047,11977.426014948
9,0,405880,45665,AlPatch_2_1,1991.19695858,1991.284887779
9,0,405879,45665,AlPatch_2_1,1991.19695858,1991.2981228833
9,0,406616,3695,AlPatch_1_0,10055.395383789,10055.48807096
9,0,406615,3695,AlPatch_1_0,10055.395383789,10055.492775689
9,0,406630,2784,AlPatch_0_0,7775.1521772588,7775.2444073973
9,0,406629,2784,AlPatch_0_0,7775.1521772588,7775.2429250513
9,0,406656,1806,AlPatch_2_1,6873.7704275234,6873.8629674458
9,0,406655,1806,AlPatch_2_1,6873.7704275234,6873.8568361328
9,0,406668,1376,AlPatch_0_0,2276.1555038456,2276.2523425694
9,0,406667,1376,AlPatch_0_0,2276.1555038456,2276.2474578878
