Job,Event,Track,Parent,Patch,Creation Time [ns],Death Time [ns]
0,0,250148,246721,AlPatch_2_0,45748.871539924,45748.961587901
0,0,250147,246721,AlPatch_2_0,45748.871539924,45748.966335544
0,0,251370,220831,AlPatch_2_0,459.95868087191,460.04567219354
0,0,251369,220831,AlPatch_2_0,459.95868087191,460.05298422024
0,0,251634,215726,AlPatch_2_0,16411.115731168,16411.209402165
0,0,251633,215726,AlPatch_2_0,16411.115731168,16411.20446457
0,0,251674,214812,AlPatch_0_0,86588.759205978,86588.856465707
0,0,251673,214812,AlPatch_0_0,86588.759205978,86588.852713756
0,0,251734,213431,AlPatch_2_0,26397.069554192,26397.155344493
0,0,251733,213431,AlPatch_2_0,26397.069554192,26397.17056427
0,0,251780,212420,AlPatch_2_1,28698.520932648,28698.613663663
0,0,251779,212420,AlPatch_2_1,28698.520932648,28698.614721375
0,0,251884,209923,AlPatch_0_0,4547.5170776102,4547.603310014
0,0,251883,209923,AlPatch_0_0,4547.5170776102,4547.6026217924
0,0,251890,209769,AlPatch_2_0,1507.2968079523,1507.3835650721
0,0,251889,209769,AlPatch_2_0,1507.2968079523,1507.3837827683
0,0,252036,206312,AlPatch_0_0,28157.794131849,28157.894051398
0,0,252035,206312,AlPatch_0_0,28157.794131849,28157.885137445
0,0,252090,205008,AlPatch_0_1,35942.707829903,35942.810174609
0,0,252089,205008,AlPatch_0_1,35942.707829903,35942.795384874
0,0,252298,201001,AlPatch_0_1,31231.324440376,31231.421719856
0,0,252297,201001,AlPatch_0_1,31231.324440376,31231.416781546
0,0,252304,200656,AlPatch_2_0,16698.802857982,16698.900154216
0,0,252303,200656,AlPatch_2_0,16698.802857982,16698.889951255
0,0,252322,200533,AlPatch_1_0,10448.781919337,10448.868403272
0,0,252321,200533,AlPatch_1_0,10448.781919337,10448.868134364
0,0,252724,192276,AlPatch_1_0,12836.515712718,12836.605224781
0,0,252723,192276,AlPatch_1_0,12836.515712718,12836.607003087
0,0,252810,190485,AlPatch_1_1,10226.122252533,10226.222895677
0,0,252809,190485,AlPatch_1_1,10226.122252533,10226.211923998
0,0,252898,188881,AlPatch_0_1,11963.436399574,11963.540999473
0,0,252897,188881,AlPatch_0_1,11963.436399574,11963.522038275
0,0,252924,188386,AlPatch_1_0,80556.102750689,80556.192756777
0,0,252923,188386,AlPatch_1_0,80556.102750689,80556.193267376
0,0,252962,187785,AlPatch_1_1,14074.358216997,14074.451595441
0,0,252961,187785,AlPatch_1_1,14074.358216997,14074.45628011
0,0,253218,182050,AlPatch_1_1,14632.862896482,14632.964990538
0,0,253217,182050,AlPatch_1_1,14632.862896482,14632.966271309
0,0,253632,173666,AlPatch_1_0,9521.0350741535,9521.1227500068
0,0,253631,173666,AlPatch_1_0,9521.0350741535,9521.1376596853
0,0,253832,169742,AlPatch_0_0,27851.897448045,27851.995638825
0,0,253831,169742,AlPatch_0_0,27851.897448045,27851.992469831
0,0,253866,169097,AlPatch_2_0,10933.54074879,10933.628148652
0,0,253865,169097,AlPatch_2_0,10933.54074879,10933.627628552
0,0,253972,166953,AlPatch_0_1,8210.185743948,8210.2801600496
0,0,253971,166953,AlPatch_0_1,8210.185743948,8210.2871087502
0,0,254726,151473,AlPatch_0_0,8723.2953650792,8723.3901028636
0,0,254725,151473,AlPatch_0_0,8723.2953650792,8723.3850292923
0,0,254768,150548,AlPatch_1_0,29376.810449555,29376.899115023
0,0,254767,150548,AlPatch_1_0,29376.810449555,29376.905995499
0,0,255218,140510,AlPatch_0_0,40126.010877155,40126.09841694
0,0,255217,140510,AlPatch_0_0,40126.010877155,40126.112100078
0,0,255230,140258,AlPatch_2_0,26458.69996396,26458.797304901
0,0,255229,140258,AlPatch_2_0,26458.69996396,26458.790054909
0,0,255394,137743,AlPatch_2_0,16810.074098835,16810.174190516
0,0,255393,137743,AlPatch_2_0,16810.074098835,16810.171769557
0,0,255440,136689,AlPatch_0_1,9148.1350863735,9148.2392719052
0,0,255439,136689,AlPatch_0_1,9148.1350863735,9148.2358654238
0,0,255724,131730,AlPatch_2_1,46700.425893249,46700.51589759
0,0,255723,131730,AlPatch_2_1,46700.425893249,46700.514727362
0,0,255728,131697,AlPatch_0_1,67940.928087325,67941.024545164
0,0,255727,131697,AlPatch_0_1,67940.928087325,67941.017858729
0,0,255782,130458,AlPatch_1_1,3547.5854836457,3547.6761448271
0,0,255781,130458,AlPatch_1_1,3547.5854836457,3547.6770645477
0,0,255920,127346,AlPatch_1_1,9239.5806743947,9239.676097425
0,0,255919,127346,AlPatch_1_1,9239.5806743947,9239.677139457
0,0,255966,125977,AlPatch_2_0,4678.2776822471,4678.3697862994
0,0,255965,125977,AlPatch_2_0,4678.2776822471,4678.3725118637
0,0,256008,125234,AlPatch_1_0,5947.8296492468,5947.9171293754
0,0,256007,125234,AlPatch_1_0,5947.8296492468,5947.9168916247
0,0,256528,113915,AlPatch_0_0,5544.7698404793,5544.8611293897
0,0,256527,113915,AlPatch_0_0,5544.7698404793,5544.8671687048
0,0,256608,112326,AlPatch_1_1,66150.657719624,66150.746469221
0,0,256607,112326,AlPatch_1_1,66150.657719624,66150.755639112
0,0,256946,106314,AlPatch_2_1,29277.122806591,29277.210958403
0,0,256945,106314,AlPatch_2_1,29277.122806591,29277.219570523
0,0,257324,98831,AlPatch_2_0,80248.347393091,80248.446711277
0,0,257323,98831,AlPatch_2_0,80248.347393091,80248.449471991
0,0,257450,96302,AlPatch_1_1,4955.3398308951,4955.4281281328
0,0,257449,96302,AlPatch_1_1,4955.3398308951,4955.4342326923
0,0,258332,78178,AlPatch_2_0,56659.116698989,56659.206751018
0,0,258331,78178,AlPatch_2_0,56659.116698989,56659.206781723
0,0,258542,73868,AlPatch_1_0,42672.351097119,42672.445102219
0,0,258541,73868,AlPatch_1_0,42672.351097119,42672.450094398
0,0,258678,70460,AlPatch_1_1,28749.03340756,28749.121597366
0,0,258677,70460,AlPatch_1_1,28749.03340756,28749.135839295
0,0,258702,70172,AlPatch_2_0,19085.498661467,19085.585879788
0,0,258701,70172,AlPatch_2_0,19085.498661467,19085.601005737
0,0,259010,63746,AlPatch_1_1,54273.71898058,54273.805137417
0,0,259009,63746,AlPatch_1_1,54273.71898058,54273.804731934
0,0,259202,59705,AlPatch_1_1,17924.430523518,17924.525260176
0,0,259201,59705,AlPatch_1_1,17924.430523518,17924.524796998
0,0,259410,55010,AlPatch_1_1,13595.500715783,13595.59577384
0,0,259409,55010,AlPatch_1_1,13595.500715783,13595.589581245
0,0,259582,51526,AlPatch_2_0,2205.9950525737,2206.097679116
0,0,259581,51526,AlPatch_2_0,2205.9950525737,2206.0967476213
0,0,259590,51373,AlPatch_1_0,62200.799082468,62200.896486609
0,0,259589,51373,AlPatch_1_0,62200.799082468,62200.888681558
0,0,259702,48545,AlPatch_1_0,32293.153197275,32293.241606979
0,0,259701,48545,AlPatch_1_0,32293.153197275,32293.253002705
0,0,259904,44760,AlPatch_1_0,28990.066223396,28990.152767942
0,0,259903,44760,AlPatch_1_0,28990.066223396,28990.152069217
0,0,260222,38369,AlPatch_0_1,45416.496784425,45416.596332496
0,0,260221,38369,AlPatch_0_1,45416.496784425,45416.591436777
0,0,260378,35497,AlPatch_0_0,11393.468009332,11393.568501941
0,0,260377,35497,AlPatch_0_0,11393.468009332,11393.556103092
0,0,260634,30611,AlPatch_2_0,250.04557933721,250.13735970133
0,0,260633,30611,AlPatch_2_0,250.0455793372,250.13561096714
0,0,261002,22070,AlPatch_0_0,21076.509886836,21076.601806887
0,0,261001,22070,AlPatch_0_0,21076.509886836,21076.601631722
0,0,261398,13891,AlPatch_1_1,51144.258699867,51144.355152855
0,0,261397,13891,AlPatch_1_1,51144.258699867,51144.350140954
0,0,261674,7884,AlPatch_0_1,42261.44521563,42261.532580398
0,0,261673,7884,AlPatch_0_1,42261.44521563,42261.546121495
0,0,261684,7643,AlPatch_1_0,50207.125982282,50207.217629582
0,0,261683,7643,AlPatch_1_0,50207.125982282,50207.230031178
0,0,261764,5785,AlPatch_1_1,993.55538325918,993.65852678651
0,0,261763,5785,AlPatch_1_1,993.55538325918,993.64085072673
10,0,250110,248017,AlPatch_1_1,19070.442055801,19070.543383978
10,0,250109,248017,AlPatch_1_1,19070.442055801,19070.537231133
10,0,250566,237353,AlPatch_2_0,54652.531817347,54652.627873709
10,0,250565,237353,AlPatch_2_0,54652.531817347,54652.629644586
10,0,251098,226401,AlPatch_0_0,3888.6668789864,3888.7580698367
10,0,251097,226401,AlPatch_0_0,3888.6668789864,3888.7528081835
10,0,251676,215046,AlPatch_0_1,7253.6120630053,7253.7037686458
10,0,251675,215046,AlPatch_0_1,7253.6120630053,7253.704670177
10,0,251954,209807,AlPatch_1_0,68186.667288839,68186.76395704
10,0,251953,209807,AlPatch_1_0,68186.667288839,68186.763094767
10,0,252102,206495,AlPatch_0_0,23527.407041335,23527.498398492
10,0,252101,206495,AlPatch_0_0,23527.407041335,23527.49850182
10,0,252356,201009,AlPatch_1_0,87081.779104081,87081.878966938
10,0,252355,201009,AlPatch_1_0,87081.779104081,87081.875848076
10,0,252678,194569,AlPatch_0_0,22356.81994444,22356.919897022
10,0,252677,194569,AlPatch_0_0,22356.81994444,22356.919776365
10,0,252738,193241,AlPatch_2_1,17546.608346074,17546.707899489
10,0,252737,193241,AlPatch_2_1,17546.608346074,17546.710085323
10,0,252826,191327,AlPatch_1_1,1422.9387646426,1423.0314717613
10,0,252825,191327,AlPatch_1_1,1422.9387646426,1423.039567545
10,0,252850,190818,AlPatch_0_0,37537.313293595,37537.403009051
10,0,252849,190818,AlPatch_0_0,37537.313293595,37537.403562551
10,0,253018,187814,AlPatch_2_0,21533.653708757,21533.754908059
10,0,253017,187814,AlPatch_2_0,21533.653708757,21533.741572634
10,0,253342,181088,AlPatch_0_1,215856.20227705,215856.29605928
10,0,253341,181088,AlPatch_0_1,215856.20227705,215856.29165359
10,0,253402,179822,AlPatch_2_1,29983.082461938,29983.179439231
10,0,253401,179822,AlPatch_2_1,29983.082461938,29983.181015068
10,0,253442,178986,AlPatch_2_1,3915.751543701,3915.8379636482
10,0,253441,178986,AlPatch_2_1,3915.751543701,3915.8494326453
10,0,253578,176376,AlPatch_2_1,10223.466628304,10223.557606073
10,0,253577,176376,AlPatch_2_1,10223.466628304,10223.569705442
10,0,253644,175087,AlPatch_2_0,3202.5324887384,3202.6245084038
10,0,253643,175087,AlPatch_2_0,3202.5324887384,3202.6196032109
10,0,253710,173960,AlPatch_0_1,19368.701056284,19368.792542625
10,0,253709,173960,AlPatch_0_1,19368.701056284,19368.791969521
10,0,253740,173190,AlPatch_2_1,60865.299477875,60865.39632971
10,0,253739,173190,AlPatch_2_1,60865.299477875,60865.395989601
10,0,253762,172816,AlPatch_1_1,2271.0841666539,2271.1770219474
10,0,253761,172816,AlPatch_1_1,2271.0841666539,2271.1792915243
10,0,254542,155791,AlPatch_1_0,4729.163659555,4729.2511962987
10,0,254541,155791,AlPatch_1_0,4729.163659555,4729.2671831614
10,0,254606,154376,AlPatch_1_1,19743.22919482,19743.319150127
10,0,254605,154376,AlPatch_1_1,19743.22919482,19743.325909645
10,0,254670,153249,AlPatch_1_0,139196.10334637,139196.20433575
10,0,254669,153249,AlPatch_1_0,139196.10334637,139196.20022918
10,0,254782,151497,AlPatch_2_0,44088.52126173,44088.617408169
10,0,254781,151497,AlPatch_2_0,44088.52126173,44088.61913197
10,0,255052,145747,AlPatch_2_0,19688.516773904,19688.608797912
10,0,255051,145747,AlPatch_2_0,19688.516773904,19688.607822453
10,0,255270,141089,AlPatch_2_1,9121.2219201396,9121.3244826799
10,0,255269,141089,AlPatch_2_1,9121.2219201396,9121.327432974
10,0,255528,134704,AlPatch_0_1,19044.615279938,19044.704852013
10,0,255527,134704,AlPatch_0_1,19044.615279938,19044.706736052
10,0,255854,128355,AlPatch_1_1,8993.8133306498,8993.9143568454
10,0,255853,128355,AlPatch_1_1,8993.8133306498,8993.8994992179
10,0,255890,127446,AlPatch_2_0,22604.075115842,22604.164584092
10,0,255889,127446,AlPatch_2_0,22604.075115842,22604.162853291
10,0,256272,120309,AlPatch_1_0,15161.834245732,15161.929207552
10,0,256271,120309,AlPatch_1_0,15161.834245732,15161.927756951
10,0,256514,115482,AlPatch_1_1,86500.845240906,86500.939000053
10,0,256513,115482,AlPatch_1_1,86500.845240906,86500.933313583
10,0,256556,114472,AlPatch_2_0,39055.34583843,39055.446429498
10,0,256555,114472,AlPatch_2_0,39055.34583843,39055.438519097
10,0,257338,96679,AlPatch_2_1,141279.41736125,141279.51061605
10,0,257337,96679,AlPatch_2_1,141279.41736125,141279.51133659
10,0,257346,96552,AlPatch_0_0,82822.157600973,82822.246737397
10,0,257345,96552,AlPatch_0_0,82822.157600973,82822.248302812
10,0,257352,96503,AlPatch_0_0,59855.060617866,59855.155291641
10,0,257351,96503,AlPatch_0_0,59855.060617866,59855.150601017
10,0,257578,91499,AlPatch_0_1,18127.630026752,18127.728457092
10,0,257577,91499,AlPatch_0_1,18127.630026752,18127.725959653
10,0,257758,87111,AlPatch_1_0,2038.9905190893,2039.0816395877
10,0,257757,87111,AlPatch_1_0,2038.9905190893,2039.0794256804
10,0,258004,81543,AlPatch_0_1,64875.318324596,64875.405854993
10,0,258003,81543,AlPatch_0_1,64875.318324596,64875.409770957
10,0,258024,81111,AlPatch_2_0,18318.672465894,18318.766194227
10,0,258023,81111,AlPatch_2_0,18318.672465894,18318.77457745
10,0,258194,77768,AlPatch_2_0,25076.960609103,25077.050838973
10,0,258193,77768,AlPatch_2_0,25076.960609103,25077.052062624
10,0,258960,62568,AlPatch_0_1,48199.074150574,48199.167956491
10,0,258959,62568,AlPatch_0_1,48199.074150574,48199.168332758
10,0,259074,60389,AlPatch_0_1,16277.781850866,16277.871114231
10,0,259073,60389,AlPatch_0_1,16277.781850866,16277.871862116
10,0,259532,50353,AlPatch_2_0,8502.9732751392,8503.0589882099
10,0,259531,50353,AlPatch_2_0,8502.9732751392,8503.0781002357
10,0,259716,46559,AlPatch_2_1,134606.94629364,134607.03709361
10,0,259715,46559,AlPatch_2_1,134606.94629364,134607.03496103
10,0,259732,46269,AlPatch_1_1,38867.20354635,38867.292676943
10,0,259731,46269,AlPatch_1_1,38867.20354635,38867.292235721
10,0,259738,46022,AlPatch_2_0,531.05591132845,531.14660366916
10,0,259737,46022,AlPatch_2_0,531.05591132846,531.15622531507
10,0,260002,41125,AlPatch_1_0,20068.327007886,20068.422994317
10,0,260001,41125,AlPatch_1_0,20068.327007886,20068.420198053
10,0,260042,40296,AlPatch_0_1,12958.250997585,12958.340528987
10,0,260041,40296,AlPatch_0_1,12958.250997585,12958.343682342
10,0,260636,27537,AlPatch_1_0,74604.341063178,74604.426715609
10,0,260635,27537,AlPatch_1_0,74604.341063178,74604.427128998
10,0,260784,24444,AlPatch_2_0,250.39407487954,250.48393408897
10,0,260783,24444,AlPatch_2_0,250.39407487954,250.48494172357
10,0,260934,21781,AlPatch_0_0,49970.897575515,49970.983866234
10,0,260933,21781,AlPatch_0_0,49970.897575515,49970.984166364
10,0,261294,14593,AlPatch_1_0,6320.3553265201,6320.4477325901
10,0,261293,14593,AlPatch_1_0,6320.3553265201,6320.4467647482
10,0,261308,14465,AlPatch_1_0,10568.707884994,10568.804911773
10,0,261307,14465,AlPatch_1_0,10568.707884994,10568.794478297
10,0,261514,10722,AlPatch_0_0,75153.973583593,75154.058930403
10,0,261513,10722,AlPatch_0_0,75153.973583593,75154.070853751
10,0,261836,4589,AlPatch_2_1,19346.356020028,19346.450966654
10,0,261835,4589,AlPatch_2_1,19346.356020028,19346.451545437
10,0,261942,2584,AlPatch_0_0,26350.45820565,26350.554687803
10,0,261941,2584,AlPatch_0_0,26350.45820565,26350.550622907
11,0,250092,248091,AlPatch_0_1,91697.470203367,91697.563838685
11,0,250091,248091,AlPatch_0_1,91697.470203367,91697.561093841
11,0,250312,242747,AlPatch_1_0,18381.911125528,18382.007827385
11,0,250311,242747,AlPatch_1_0,18381.911125528,18382.000671713
11,0,250850,232326,AlPatch_2_1,20022.032142095,20022.123583401
11,0,250849,232326,AlPatch_2_1,20022.032142095,20022.130441482
11,0,250880,231222,AlPatch_2_1,29003.937465595,29004.027120048
11,0,250879,231222,AlPatch_2_1,29003.937465595,29004.026895896
11,0,250966,230034,AlPatch_2_1,17726.11556949,17726.200872177
11,0,250965,230034,AlPatch_2_1,17726.11556949,17726.213457215
11,0,251226,225237,AlPatch_0_0,2768.2201834608,2768.3128928776
11,0,251225,225237,AlPatch_0_0,2768.2201834608,2768.3182402737
11,0,251242,224773,AlPatch_0_1,34395.960471392,34396.046423895
11,0,251241,224773,AlPatch_0_1,34395.960471392,34396.046993332
11,0,251364,222097,AlPatch_0_1,103049.76959736,103049.87270252
11,0,251363,222097,AlPatch_0_1,103049.76959736,103049.86655575
11,0,251366,222090,AlPatch_1_1,67119.167748708,67119.256863475
11,0,251365,222090,AlPatch_1_1,67119.167748708,67119.272073492
11,0,251462,219888,AlPatch_1_0,4338.8197154577,4338.9151857265
11,0,251461,219888,AlPatch_1_0,4338.8197154577,4338.9138082862
11,0,251864,212071,AlPatch_2_0,47960.424078099,47960.512378239
11,0,251863,212071,AlPatch_2_0,47960.424078099,47960.512804776
11,0,252166,206401,AlPatch_0_1,28615.888881408,28615.989096977
11,0,252165,206401,AlPatch_0_1,28615.888881408,28615.976467679
11,0,252190,205926,AlPatch_2_1,54468.335618245,54468.421188052
11,0,252189,205926,AlPatch_2_1,54468.335618245,54468.426617006
11,0,252774,193613,AlPatch_0_0,166397.10448969,166397.20595277
11,0,252773,193613,AlPatch_0_0,166397.10448969,166397.19651596
11,0,253034,187155,AlPatch_1_0,10416.903036902,10416.991823009
11,0,253033,187155,AlPatch_1_0,10416.903036902,10417.006790645
11,0,253258,182746,AlPatch_1_0,129708.19848419,129708.28418604
11,0,253257,182746,AlPatch_1_0,129708.19848419,129708.28411096
11,0,253388,180127,AlPatch_0_0,78867.223785611,78867.316299335
11,0,253387,180127,AlPatch_0_0,78867.223785611,78867.309973274
11,0,253436,179247,AlPatch_2_1,80976.464909894,80976.56003437
11,0,253435,179247,AlPatch_2_1,80976.464909894,80976.562455942
11,0,253472,177962,AlPatch_1_0,20442.256206431,20442.349959927
11,0,253471,177962,AlPatch_1_0,20442.256206431,20442.354323596
11,0,253534,176590,AlPatch_2_1,49220.199054923,49220.297334524
11,0,253533,176590,AlPatch_2_1,49220.199054923,49220.288054014
11,0,254224,162513,AlPatch_2_1,1789.0736580909,1789.1611592444
11,0,254223,162513,AlPatch_2_1,1789.0736580909,1789.1606071501
11,0,254390,159523,AlPatch_1_0,6647.5590221892,6647.656792927
11,0,254389,159523,AlPatch_1_0,6647.5590221892,6647.6468883268
11,0,254444,158740,AlPatch_2_1,12496.929486012,12497.016645757
11,0,254443,158740,AlPatch_2_1,12496.929486012,12497.02694122
11,0,254946,148832,AlPatch_0_1,67111.507647422,67111.605462426
11,0,254945,148832,AlPatch_0_1,67111.507647422,67111.60428706
11,0,255008,147621,AlPatch_1_0,20520.35735383,20520.446070412
11,0,255007,147621,AlPatch_1_0,20520.35735383,20520.449410901
11,0,255264,142283,AlPatch_1_0,143480.88159459,143480.98227027
11,0,255263,142283,AlPatch_1_0,143480.88159459,143480.96923888
11,0,255814,131491,AlPatch_1_0,87561.49886102,87561.590316984
11,0,255813,131491,AlPatch_1_0,87561.49886102,87561.588394083
11,0,256768,110502,AlPatch_2_0,133367.46127159,133367.54857049
11,0,256767,110502,AlPatch_2_0,133367.46127159,133367.55101419
11,0,257246,100713,AlPatch_2_0,13780.175674997,13780.265059826
11,0,257245,100713,AlPatch_2_0,13780.175674997,13780.26759808
11,0,257310,99735,AlPatch_2_0,151838.9946407,151839.08842586
11,0,257309,99735,AlPatch_2_0,151838.9946407,151839.09202022
11,0,257342,99330,AlPatch_0_1,21903.23561206,21903.339366639
11,0,257341,99330,AlPatch_0_1,21903.23561206,21903.340533334
11,0,257972,85679,AlPatch_0_1,260923.63390871,260923.73100181
11,0,257971,85679,AlPatch_0_1,260923.63390871,260923.7209958
11,0,258022,84532,AlPatch_0_0,4241.1534867037,4241.2422916282
11,0,258021,84532,AlPatch_0_0,4241.1534867037,4241.2409446942
11,0,258082,83361,AlPatch_2_1,1297.5505698796,1297.6367121673
11,0,258081,83361,AlPatch_2_1,1297.5505698796,1297.6404082901
11,0,258182,81412,AlPatch_0_0,13414.45523623,13414.545919841
11,0,258181,81412,AlPatch_0_0,13414.45523623,13414.552781439
11,0,258378,77155,AlPatch_2_0,8527.4065447791,8527.5047619539
11,0,258377,77155,AlPatch_2_0,8527.4065447791,8527.4977234741
11,0,258388,77011,AlPatch_1_0,24248.686268238,24248.779204359
11,0,258387,77011,AlPatch_1_0,24248.686268238,24248.775787629
11,0,258532,74284,AlPatch_2_0,156000.3365515,156000.43902469
11,0,258531,74284,AlPatch_2_0,156000.3365515,156000.42798341
11,0,258630,71712,AlPatch_0_0,10060.421734541,10060.509642663
11,0,258629,71712,AlPatch_0_0,10060.421734541,10060.508714693
11,0,258768,69012,AlPatch_2_0,30887.30380565,30887.38950648
11,0,258767,69012,AlPatch_2_0,30887.30380565,30887.40617474
11,0,259172,61351,AlPatch_1_1,73146.503631719,73146.596028633
11,0,259171,61351,AlPatch_1_1,73146.503631719,73146.595619348
11,0,259232,60095,AlPatch_1_0,5942.7215012407,5942.8152599666
11,0,259231,60095,AlPatch_1_0,5942.7215012407,5942.8168606887
11,0,259408,56430,AlPatch_1_1,19273.031118821,19273.121091028
11,0,259407,56430,AlPatch_1_1,19273.031118821,19273.119697784
11,0,259520,54042,AlPatch_1_1,30515.446299087,30515.542996699
11,0,259519,54042,AlPatch_1_1,30515.446299087,30515.545869493
11,0,259686,50821,AlPatch_2_0,20320.100096724,20320.194121673
11,0,259685,50821,AlPatch_2_0,20320.100096724,20320.186874724
11,0,260164,41227,AlPatch_1_0,21672.461786573,21672.54968826
11,0,260163,41227,AlPatch_1_0,21672.461786573,21672.563131369
11,0,260270,38651,AlPatch_1_1,62847.735286082,62847.826696913
11,0,260269,38651,AlPatch_1_1,62847.735286082,62847.833114334
11,0,260410,36041,AlPatch_0_0,6548.0007178073,6548.0918213568
11,0,260409,36041,AlPatch_0_0,6548.0007178073,6548.0984821858
11,0,260426,35831,AlPatch_2_0,36464.914800574,36465.008544985
11,0,260425,35831,AlPatch_2_0,36464.914800574,36465.010141434
11,0,260502,34203,AlPatch_1_0,12662.650578406,12662.748701489
11,0,260501,34203,AlPatch_1_0,12662.650578406,12662.746679812
11,0,260584,32687,AlPatch_1_1,72467.53787982,72467.63847172
11,0,260583,32687,AlPatch_1_1,72467.53787982,72467.627096609
11,0,261170,19119,AlPatch_1_1,122179.82154776,122179.91128167
11,0,261169,19119,AlPatch_1_1,122179.82154776,122179.91241213
12,0,250158,246265,AlPatch_2_1,22075.059538338,22075.148374959
12,0,250157,246265,AlPatch_2_1,22075.059538338,22075.149389436
12,0,250208,245324,AlPatch_2_0,18979.799296005,18979.886341303
12,0,250207,245324,AlPatch_2_0,18979.799296005,18979.893058022
12,0,250318,243446,AlPatch_2_1,124802.21362364,124802.31781554
12,0,250317,243446,AlPatch_2_1,124802.21362364,124802.29922555
12,0,250590,237815,AlPatch_2_1,76269.507676215,76269.608506893
12,0,250589,237815,AlPatch_2_1,76269.507676215,76269.596561368
12,0,250686,236570,AlPatch_0_1,18339.907824344,18339.99921214
12,0,250685,236570,AlPatch_0_1,18339.907824344,18339.998730278
12,0,251538,219016,AlPatch_2_1,110156.12647203,110156.21368272
12,0,251537,219016,AlPatch_2_1,110156.12647203,110156.21450468
12,0,251600,217517,AlPatch_2_0,19194.235532041,19194.323057882
12,0,251599,217517,AlPatch_2_0,19194.235532041,19194.323855582
12,0,251734,214502,AlPatch_1_1,62073.627762374,62073.723865641
12,0,251733,214502,AlPatch_1_1,62073.627762374,62073.723072136
12,0,251808,212889,AlPatch_1_1,34225.236165756,34225.326601936
12,0,251807,212889,AlPatch_1_1,34225.236165756,34225.326823883
12,0,252290,202564,AlPatch_2_0,5263.4676422212,5263.5546435093
12,0,252289,202564,AlPatch_2_0,5263.4676422212,5263.5558768465
12,0,252456,199731,AlPatch_0_1,22329.702627483,22329.801288743
12,0,252455,199731,AlPatch_0_1,22329.702627483,22329.794264457
12,0,252556,197983,AlPatch_1_0,108721.28898738,108721.37888432
12,0,252555,197983,AlPatch_1_0,108721.28898738,108721.38032371
12,0,252608,197000,AlPatch_1_0,15763.331366719,15763.425356244
12,0,252607,197000,AlPatch_1_0,15763.331366719,15763.420585545
12,0,252748,193840,AlPatch_0_0,31174.561843421,31174.655504411
12,0,252747,193840,AlPatch_0_0,31174.561843421,31174.65714719
12,0,252856,191530,AlPatch_1_0,58220.485081614,58220.575420181
12,0,252855,191530,AlPatch_1_0,58220.485081614,58220.574583054
12,0,252928,189790,AlPatch_1_1,10919.060847945,10919.148914022
12,0,252927,189790,AlPatch_1_1,10919.060847945,10919.155228701
12,0,252984,188907,AlPatch_1_1,20633.677823064,20633.773686991
12,0,252983,188907,AlPatch_1_1,20633.677823064,20633.773033889
12,0,253218,184346,AlPatch_0_0,15223.369031285,15223.458770392
12,0,253217,184346,AlPatch_0_0,15223.369031285,15223.459805624
12,0,253948,168591,AlPatch_2_0,27952.231582666,27952.327095448
12,0,253947,168591,AlPatch_2_0,27952.231582666,27952.32167094
12,0,254106,165482,AlPatch_1_1,131134.84218319,131134.93815832
12,0,254105,165482,AlPatch_1_1,131134.84218319,131134.92947938
12,0,254450,158421,AlPatch_1_1,26716.248693662,26716.345169122
12,0,254449,158421,AlPatch_1_1,26716.248693662,26716.337404971
12,0,254534,156985,AlPatch_1_1,20350.464050772,20350.563890718
12,0,254533,156985,AlPatch_1_1,20350.464050772,20350.557980731
12,0,254626,155099,AlPatch_0_0,19884.459713356,19884.557037463
12,0,254625,155099,AlPatch_0_0,19884.459713356,19884.550464918
12,0,254736,152812,AlPatch_2_1,30862.62597735,30862.727747507
12,0,254735,152812,AlPatch_2_1,30862.62597735,30862.711346884
12,0,254774,152141,AlPatch_1_1,35857.323488746,35857.416363201
12,0,254773,152141,AlPatch_1_1,35857.323488746,35857.416473355
12,0,254806,151512,AlPatch_2_0,38472.941634564,38473.045250894
12,0,254805,151512,AlPatch_2_0,38472.941634564,38473.039500862
12,0,254968,147454,AlPatch_2_1,10758.918748187,10759.008430301
12,0,254967,147454,AlPatch_2_1,10758.918748187,10759.015383814
12,0,255046,145539,AlPatch_2_1,28797.754722096,28797.852095782
12,0,255045,145539,AlPatch_2_1,28797.754722096,28797.85617836
12,0,255052,145404,AlPatch_2_0,284.13470334407,284.22386052968
12,0,255051,145404,AlPatch_2_0,284.13470334407,284.23508187086
12,0,255122,143831,AlPatch_2_1,18015.444740293,18015.545490429
12,0,255121,143831,AlPatch_2_1,18015.444740293,18015.541155892
12,0,255132,143598,AlPatch_2_1,92075.828071752,92075.925988258
12,0,255131,143598,AlPatch_2_1,92075.828071752,92075.914336907
12,0,255228,140949,AlPatch_2_0,74634.516688489,74634.620198238
12,0,255227,140949,AlPatch_2_0,74634.516688489,74634.602457144
12,0,255352,138280,AlPatch_0_1,74608.671171213,74608.757049393
12,0,255351,138280,AlPatch_0_1,74608.671171213,74608.757370936
12,0,255418,136970,AlPatch_0_1,111191.21287147,111191.30234698
12,0,255417,136970,AlPatch_0_1,111191.21287147,111191.30148841
12,0,255882,127502,AlPatch_2_0,19429.24351714,19429.338307069
12,0,255881,127502,AlPatch_2_0,19429.24351714,19429.334080018
12,0,256158,121428,AlPatch_0_1,94734.10743863,94734.204500288
12,0,256157,121428,AlPatch_0_1,94734.10743863,94734.200213645
12,0,256340,117321,AlPatch_0_1,6594.9054225659,6594.9951810061
12,0,256339,117321,AlPatch_0_1,6594.9054225659,6594.9959245163
12,0,256510,113934,AlPatch_0_0,39213.443908123,39213.541262401
12,0,256509,113934,AlPatch_0_0,39213.443908123,39213.544071307
12,0,256638,111084,AlPatch_2_0,20455.159617124,20455.248862907
12,0,256637,111084,AlPatch_2_0,20455.159617124,20455.250805867
12,0,256868,106599,AlPatch_1_1,62420.620808505,62420.720189704
12,0,256867,106599,AlPatch_1_1,62420.620808505,62420.712863865
12,0,256904,105818,AlPatch_0_1,102088.87487118,102088.96054182
12,0,256903,105818,AlPatch_0_1,102088.87487118,102088.97610151
12,0,257176,99786,AlPatch_2_1,28573.236755169,28573.337551764
12,0,257175,99786,AlPatch_2_1,28573.236755169,28573.328090179
12,0,257230,98754,AlPatch_0_1,58677.363544105,58677.461582531
12,0,257229,98754,AlPatch_0_1,58677.363544105,58677.463360336
12,0,257462,94359,AlPatch_1_0,14901.060186907,14901.155130692
12,0,257461,94359,AlPatch_1_0,14901.060186907,14901.158791105
12,0,257564,92249,AlPatch_1_0,75906.616547226,75906.707859518
12,0,257563,92249,AlPatch_1_0,75906.616547226,75906.709276058
12,0,257756,87756,AlPatch_0_1,31596.900560986,31596.986978456
12,0,257755,87756,AlPatch_0_1,31596.900560986,31596.992181128
12,0,257832,86163,AlPatch_2_0,23909.904572521,23910.000042554
12,0,257831,86163,AlPatch_2_0,23909.904572521,23910.000830719
12,0,258296,76917,AlPatch_1_1,9882.7437647095,9882.8473445813
12,0,258295,76917,AlPatch_1_1,9882.7437647095,9882.8326222158
12,0,258334,76433,AlPatch_2_0,17159.428300984,17159.520012176
12,0,258333,76433,AlPatch_2_0,17159.428300984,17159.518116699
12,0,258948,63788,AlPatch_0_1,7667.1397826265,7667.2350908519
12,0,258947,63788,AlPatch_0_1,7667.1397826265,7667.2252340446
12,0,259634,49516,AlPatch_0_1,29827.683482015,29827.770025759
12,0,259633,49516,AlPatch_0_1,29827.683482015,29827.769362548
12,0,259998,41945,AlPatch_2_1,42479.350147171,42479.439012313
12,0,259997,41945,AlPatch_2_1,42479.350147171,42479.435978975
12,0,260144,38976,AlPatch_2_1,44022.315247033,44022.402518126
12,0,260143,38976,AlPatch_2_1,44022.315247033,44022.401433922
12,0,260164,38688,AlPatch_2_1,4348.7879084316,4348.8734234536
12,0,260163,38688,AlPatch_2_1,4348.7879084316,4348.8734525025
12,0,260606,28459,AlPatch_0_0,11240.823678344,11240.913869074
12,0,260605,28459,AlPatch_0_0,11240.823678344,11240.921371906
12,0,260896,22414,AlPatch_0_1,26744.303210741,26744.389608967
12,0,260895,22414,AlPatch_0_1,26744.303210741,26744.396911075
12,0,260976,20643,AlPatch_2_0,38827.599461562,38827.686631528
12,0,260975,20643,AlPatch_2_0,38827.599461562,38827.685528458
12,0,261088,18186,AlPatch_2_1,23117.274115433,23117.368839816
12,0,261087,18186,AlPatch_2_1,23117.274115433,23117.360176645
12,0,261180,16298,AlPatch_0_1,57323.701537784,57323.792764037
12,0,261179,16298,AlPatch_0_1,57323.701537784,57323.79474563
12,0,261224,15451,AlPatch_2_1,15598.086040583,15598.186721427
12,0,261223,15451,AlPatch_2_1,15598.086040583,15598.175016635
12,0,261504,10158,AlPatch_0_1,23666.220895701,23666.314193508
12,0,261503,10158,AlPatch_0_1,23666.220895701,23666.31710533
12,0,261956,724,AlPatch_0_0,20142.232124425,20142.318900806
12,0,261955,724,AlPatch_0_0,20142.232124425,20142.319134906
13,0,250334,243905,AlPatch_1_1,17134.506756859,17134.600602938
13,0,250333,243905,AlPatch_1_1,17134.506756859,17134.60122571
13,0,250478,241065,AlPatch_1_1,16093.529109369,16093.618742042
13,0,250477,241065,AlPatch_1_1,16093.529109369,16093.616163186
13,0,250592,239041,AlPatch_2_1,17590.750768548,17590.848562971
13,0,250591,239041,AlPatch_2_1,17590.750768548,17590.84695971
13,0,250616,238583,AlPatch_2_0,31418.831928799,31418.926073951
13,0,250615,238583,AlPatch_2_0,31418.831928799,31418.92105563
13,0,250690,236854,AlPatch_0_1,55314.043487959,55314.132497943
13,0,250689,236854,AlPatch_0_1,55314.043487959,55314.143243204
13,0,250726,236431,AlPatch_0_0,82512.857692079,82512.957911912
13,0,250725,236431,AlPatch_0_0,82512.857692079,82512.95956465
13,0,250770,235589,AlPatch_0_1,27040.273333836,27040.371572681
13,0,250769,235589,AlPatch_0_1,27040.273333836,27040.363295931
13,0,251322,223513,AlPatch_1_0,30009.764830654,30009.857079588
13,0,251321,223513,AlPatch_1_0,30009.764830654,30009.866303152
13,0,251476,220344,AlPatch_0_0,98241.046808134,98241.141685161
13,0,251475,220344,AlPatch_0_0,98241.046808134,98241.142727075
13,0,251544,219177,AlPatch_1_1,60213.317891726,60213.40404616
13,0,251543,219177,AlPatch_1_1,60213.317891726,60213.419874192
13,0,251648,217422,AlPatch_0_1,12594.69074814,12594.781143679
13,0,251647,217422,AlPatch_0_1,12594.69074814,12594.78682586
13,0,251710,216479,AlPatch_1_1,7828.0338261438,7828.1247513484
13,0,251709,216479,AlPatch_1_1,7828.0338261438,7828.1357366113
13,0,252124,207511,AlPatch_2_1,135289.9884813,135290.08861424
13,0,252123,207511,AlPatch_2_1,135289.9884813,135290.09010252
13,0,252152,206920,AlPatch_2_0,108928.13491358,108928.22362751
13,0,252151,206920,AlPatch_2_0,108928.13491358,108928.22544051
13,0,252234,205159,AlPatch_2_0,4695.1640618115,4695.257561309
13,0,252233,205159,AlPatch_2_0,4695.1640618115,4695.2581443209
13,0,252562,198823,AlPatch_0_1,23573.628054351,23573.713276635
13,0,252561,198823,AlPatch_0_1,23573.628054351,23573.713703991
13,0,252748,194893,AlPatch_0_0,63714.005621979,63714.107351552
13,0,252747,194893,AlPatch_0_0,63714.005621978,63714.092645084
13,0,253112,186996,AlPatch_0_0,26932.960840792,26933.055076008
13,0,253111,186996,AlPatch_0_0,26932.960840792,26933.047608196
13,0,253222,184544,AlPatch_0_0,34394.210285366,34394.309496386
13,0,253221,184544,AlPatch_0_0,34394.210285366,34394.309999595
13,0,253444,179738,AlPatch_2_1,41876.249507995,41876.339246463
13,0,253443,179738,AlPatch_2_1,41876.249507995,41876.336332502
13,0,253468,179083,AlPatch_0_0,15086.727546109,15086.827993481
13,0,253467,179083,AlPatch_0_0,15086.727546109,15086.814694226
13,0,253864,171586,AlPatch_0_1,32608.779442549,32608.874937204
13,0,253863,171586,AlPatch_0_1,32608.779442549,32608.871769531
13,0,253882,171098,AlPatch_2_0,78686.375766212,78686.468988281
13,0,253881,171098,AlPatch_2_0,78686.375766212,78686.468856472
13,0,253998,168964,AlPatch_0_0,23514.855561924,23514.94315732
13,0,253997,168964,AlPatch_0_0,23514.855561924,23514.957508699
13,0,254148,166097,AlPatch_2_0,32259.473383724,32259.56010885
13,0,254147,166097,AlPatch_2_0,32259.473383724,32259.578292276
13,0,254152,165935,AlPatch_1_0,47571.46278405,47571.559730503
13,0,254151,165935,AlPatch_1_0,47571.46278405,47571.554907054
13,0,254408,160873,AlPatch_2_1,2899.1718071324,2899.2744873191
13,0,254407,160873,AlPatch_2_1,2899.1718071324,2899.2707654822
13,0,254534,158674,AlPatch_0_1,16612.926740323,16613.012358659
13,0,254533,158674,AlPatch_0_1,16612.926740323,16613.012044849
13,0,254666,156201,AlPatch_0_0,73756.500536788,73756.5864855
13,0,254665,156201,AlPatch_0_0,73756.500536788,73756.596669245
13,0,254910,151488,AlPatch_1_0,40036.933847546,40037.022626834
13,0,254909,151488,AlPatch_1_0,40036.933847546,40037.030715838
13,0,255462,140120,AlPatch_0_1,25255.485138101,25255.573442792
13,0,255461,140120,AlPatch_0_1,25255.485138101,25255.578418936
13,0,255508,139200,AlPatch_1_0,2923.5203198898,2923.6227494919
13,0,255507,139200,AlPatch_1_0,2923.5203198898,2923.6056821829
13,0,255792,133529,AlPatch_0_1,66125.167173976,66125.257511176
13,0,255791,133529,AlPatch_0_1,66125.167173976,66125.2698281
13,0,255832,132633,AlPatch_2_1,90901.266940152,90901.364891951
13,0,255831,132633,AlPatch_2_1,90901.266940152,90901.360102694
13,0,256154,125888,AlPatch_0_0,92436.449892224,92436.539495027
13,0,256153,125888,AlPatch_0_0,92436.449892224,92436.540011865
13,0,256288,123118,AlPatch_2_1,1802.4377885865,1802.5298126411
13,0,256287,123118,AlPatch_2_1,1802.4377885865,1802.5399170263
13,0,256340,121758,AlPatch_1_1,32236.733300869,32236.820924667
13,0,256339,121758,AlPatch_1_1,32236.733300869,32236.820835073
13,0,256486,118573,AlPatch_1_1,27684.431023618,27684.518982828
13,0,256485,118573,AlPatch_1_1,27684.431023618,27684.532641326
13,0,256716,114781,AlPatch_0_1,58521.709146722,58521.799668477
13,0,256715,114781,AlPatch_0_1,58521.709146722,58521.803203814
13,0,256778,113454,AlPatch_1_1,40064.468721745,40064.555365646
13,0,256777,113454,AlPatch_1_1,40064.468721745,40064.562040592
13,0,256804,112836,AlPatch_0_0,5101.0081091637,5101.0979808579
13,0,256803,112836,AlPatch_0_0,5101.0081091637,5101.0969339508
13,0,256816,112482,AlPatch_0_1,46271.229033574,46271.315774603
13,0,256815,112482,AlPatch_0_1,46271.229033574,46271.316262528
13,0,256966,109365,AlPatch_0_1,26061.305895503,26061.393305534
13,0,256965,109365,AlPatch_0_1,26061.305895503,26061.3918867
13,0,257226,104382,AlPatch_2_1,5123.5084013772,5123.6066718218
13,0,257225,104382,AlPatch_2_1,5123.5084013772,5123.5996976083
13,0,257238,103976,AlPatch_0_0,12899.790119194,12899.88981898
13,0,257237,103976,AlPatch_0_0,12899.790119194,12899.889223807
13,0,257290,103016,AlPatch_0_0,147383.67091413,147383.75814921
13,0,257289,103016,AlPatch_0_0,147383.67091413,147383.75792511
13,0,257482,99138,AlPatch_2_1,85260.619280008,85260.712894419
13,0,257481,99138,AlPatch_2_1,85260.619280008,85260.719194255
13,0,257494,98797,AlPatch_2_1,1746.6124203002,1746.701501144
13,0,257493,98797,AlPatch_2_1,1746.6124203002,1746.701938807
13,0,257678,95472,AlPatch_2_0,111482.59848576,111482.68988094
13,0,257677,95472,AlPatch_2_0,111482.59848576,111482.69283743
13,0,257816,91920,AlPatch_2_1,22566.476003437,22566.562324891
13,0,257815,91920,AlPatch_2_1,22566.476003437,22566.563700427
13,0,257984,88632,AlPatch_2_1,11372.5958397,11372.684576606
13,0,257983,88632,AlPatch_2_1,11372.5958397,11372.686837736
13,0,258038,87374,AlPatch_1_0,33658.147392614,33658.238667555
13,0,258037,87374,AlPatch_1_0,33658.147392614,33658.236051265
13,0,258230,83493,AlPatch_1_0,4238.680381119,4238.7839964751
13,0,258229,83493,AlPatch_1_0,4238.680381119,4238.7765364826
13,0,258238,83308,AlPatch_2_0,3175.9272207862,3176.0250270386
13,0,258237,83308,AlPatch_2_0,3175.9272207862,3176.022392765
13,0,258288,82140,AlPatch_0_1,102690.42541716,102690.5222625
13,0,258287,82140,AlPatch_0_1,102690.42541716,102690.5108127
13,0,258438,79078,AlPatch_2_1,68468.622584384,68468.708622299
13,0,258437,79078,AlPatch_2_1,68468.622584384,68468.70923776
13,0,258866,70378,AlPatch_0_1,48111.543629236,48111.630125946
13,0,258865,70378,AlPatch_0_1,48111.543629236,48111.629401037
13,0,259334,59957,AlPatch_2_0,9443.196762519,9443.2846970104
13,0,259333,59957,AlPatch_2_0,9443.196762519,9443.2855423458
13,0,260224,43529,AlPatch_2_0,50927.357677406,50927.457410024
13,0,260223,43529,AlPatch_2_0,50927.357677406,50927.457791435
13,0,260736,32404,AlPatch_0_0,2571.297218217,2571.3898409658
13,0,260735,32404,AlPatch_0_0,2571.297218217,2571.3999966702
13,0,260886,29337,AlPatch_0_1,33255.160555299,33255.248322286
13,0,260885,29337,AlPatch_0_1,33255.160555299,33255.252420745
13,0,260952,27986,AlPatch_0_1,121130.49196226,121130.5937248
13,0,260951,27986,AlPatch_0_1,121130.49196226,121130.57761005
13,0,261126,24011,AlPatch_1_0,67951.859478856,67951.955402616
13,0,261125,24011,AlPatch_1_0,67951.859478856,67951.952996038
13,0,261222,21836,AlPatch_2_0,2595.9158593319,2596.004877018
13,0,261221,21836,AlPatch_2_0,2595.9158593319,2596.0146364902
13,0,261564,15093,AlPatch_0_1,38792.40816299,38792.498289135
13,0,261563,15093,AlPatch_0_1,38792.40816299,38792.498063605
13,0,261662,13148,AlPatch_1_0,11557.238730622,11557.332443582
13,0,261661,13148,AlPatch_1_0,11557.238730622,11557.332914185
13,0,261696,12434,AlPatch_0_0,19854.169794441,19854.268237069
13,0,261695,12434,AlPatch_0_0,19854.169794441,19854.265703221
13,0,261726,11779,AlPatch_1_0,58033.200668443,58033.28656363
13,0,261725,11779,AlPatch_1_0,58033.200668443,58033.295505632
13,0,261738,11526,AlPatch_2_0,97734.56490915,97734.653165693
13,0,261737,11526,AlPatch_2_0,97734.56490915,97734.652916976
13,0,261872,9014,AlPatch_2_0,847.79232954095,847.89577661353
13,0,261871,9014,AlPatch_2_0,847.79232954095,847.89201140621
13,0,261930,8011,AlPatch_1_1,48489.906025275,48489.993738528
13,0,261929,8011,AlPatch_1_1,48489.906025275,48489.995054741
13,0,262020,6066,AlPatch_2_1,61915.162920795,61915.251092064
13,0,262019,6066,AlPatch_2_1,61915.162920795,61915.251096356
13,0,262118,3672,AlPatch_2_1,28698.386653941,28698.488533336
13,0,262117,3672,AlPatch_2_1,28698.386653941,28698.478866822
14,0,250420,241629,AlPatch_0_0,9834.6095968941,9834.694955051
14,0,250419,241629,AlPatch_0_0,9834.6095968941,9834.6953074644
14,0,250432,241414,AlPatch_2_0,939.81678201825,939.910215043
14,0,250431,241414,AlPatch_2_0,939.81678201825,939.9121566674
14,0,250680,236511,AlPatch_2_1,59719.862723644,59719.966198355
14,0,250679,236511,AlPatch_2_1,59719.862723644,59719.950132024
14,0,250888,231943,AlPatch_2_0,12401.520811272,12401.611464259
14,0,250887,231943,AlPatch_2_0,12401.520811272,12401.625815925
14,0,251082,228425,AlPatch_2_0,2464.2112698607,2464.3147888872
14,0,251081,228425,AlPatch_2_0,2464.2112698607,2464.3130572674
14,0,251144,227360,AlPatch_2_1,18279.059539712,18279.146347919
14,0,251143,227360,AlPatch_2_1,18279.059539712,18279.14629507
14,0,251990,209811,AlPatch_1_1,55563.905736309,55564.010500341
14,0,251989,209811,AlPatch_1_1,55563.905736309,55563.994271547
14,0,252058,208434,AlPatch_0_0,17661.360994681,17661.462823045
14,0,252057,208434,AlPatch_0_0,17661.360994681,17661.463780998
14,0,252230,204350,AlPatch_1_1,24752.397721906,24752.503469633
14,0,252229,204350,AlPatch_1_1,24752.397721906,24752.48447828
14,0,252346,202000,AlPatch_0_1,74010.640347028,74010.733649299
14,0,252345,202000,AlPatch_0_1,74010.640347028,74010.730481262
14,0,252580,196328,AlPatch_0_1,10551.341757964,10551.439648558
14,0,252579,196328,AlPatch_0_1,10551.341757964,10551.432970454
14,0,252900,190398,AlPatch_1_1,82749.349928615,82749.440417401
14,0,252899,190398,AlPatch_1_1,82749.349928615,82749.444028124
14,0,253044,187105,AlPatch_1_0,55252.269761817,55252.363870961
14,0,253043,187105,AlPatch_1_0,55252.269761817,55252.366322435
14,0,253162,184347,AlPatch_2_1,54983.154187315,54983.240798683
14,0,253161,184347,AlPatch_2_1,54983.154187315,54983.256323077
14,0,253176,184121,AlPatch_1_1,73480.70232205,73480.793696291
14,0,253175,184121,AlPatch_1_1,73480.70232205,73480.799080052
14,0,253290,181828,AlPatch_0_0,6554.6968987887,6554.7935151082
14,0,253289,181828,AlPatch_0_0,6554.6968987887,6554.78638312
14,0,253352,180573,AlPatch_0_1,7777.2842478024,7777.372566942
14,0,253351,180573,AlPatch_0_1,7777.2842478024,7777.3723766221
14,0,253506,177364,AlPatch_0_0,28647.434340031,28647.520169074
14,0,253505,177364,AlPatch_0_0,28647.434340031,28647.519982599
14,0,253580,176030,AlPatch_1_1,193175.30079813,193175.40360783
14,0,253579,176030,AlPatch_1_1,193175.30079813,193175.38690776
14,0,253796,172297,AlPatch_2_1,10933.44046793,10933.536296001
14,0,253795,172297,AlPatch_2_1,10933.44046793,10933.53256701
14,0,254124,165337,AlPatch_0_0,143583.04622428,143583.13889863
14,0,254123,165337,AlPatch_0_0,143583.04622428,143583.14562038
14,0,254340,160943,AlPatch_2_0,50295.716402743,50295.817026993
14,0,254339,160943,AlPatch_2_0,50295.716402743,50295.804961773
14,0,254362,160324,AlPatch_1_1,24484.433599418,24484.530810743
14,0,254361,160324,AlPatch_1_1,24484.433599418,24484.525158623
14,0,254406,159418,AlPatch_1_0,127591.02917185,127591.12958561
14,0,254405,159418,AlPatch_1_0,127591.02917185,127591.11656235
14,0,254458,158233,AlPatch_1_1,76601.522441084,76601.614073541
14,0,254457,158233,AlPatch_1_1,76601.522441084,76601.620637943
14,0,255236,143155,AlPatch_2_0,621.51580942118,621.60385841201
14,0,255235,143155,AlPatch_2_0,621.51580942118,621.60550833798
14,0,255560,136083,AlPatch_0_1,22799.109152299,22799.198692697
14,0,255559,136083,AlPatch_0_1,22799.109152299,22799.206214208
14,0,255798,130835,AlPatch_1_1,59125.431760374,59125.524486123
14,0,255797,130835,AlPatch_1_1,59125.431760374,59125.523520875
14,0,255864,129521,AlPatch_2_0,10774.348568511,10774.439981017
14,0,255863,129521,AlPatch_2_0,10774.348568511,10774.437421611
14,0,255934,128009,AlPatch_1_0,51803.386265831,51803.475284191
14,0,255933,128009,AlPatch_1_0,51803.386265831,51803.483264806
14,0,256214,121439,AlPatch_0_1,42457.931073412,42458.021323571
14,0,256213,121439,AlPatch_0_1,42457.931073412,42458.024438169
14,0,256348,118429,AlPatch_0_1,68113.513870209,68113.608728002
14,0,256347,118429,AlPatch_0_1,68113.513870209,68113.608947699
14,0,256402,117210,AlPatch_2_0,10082.758482141,10082.855855365
14,0,256401,117210,AlPatch_2_0,10082.758482141,10082.847792622
14,0,256542,114284,AlPatch_1_0,58413.564421197,58413.661274427
14,0,256541,114284,AlPatch_1_0,58413.564421197,58413.664251475
14,0,256708,111024,AlPatch_0_1,881.48648067864,881.57545229276
14,0,256707,111024,AlPatch_0_1,881.48648067864,881.58144189162
14,0,256862,107254,AlPatch_0_1,37451.082988348,37451.174008917
14,0,256861,107254,AlPatch_0_1,37451.082988348,37451.170966038
14,0,256988,103971,AlPatch_2_0,14755.454496493,14755.552490017
14,0,256987,103971,AlPatch_2_0,14755.454496493,14755.54546499
14,0,257200,99818,AlPatch_2_1,9243.3163803974,9243.406272365
14,0,257199,99818,AlPatch_2_1,9243.3163803974,9243.4098784208
14,0,257306,97103,AlPatch_1_0,67830.691862435,67830.788753881
14,0,257305,97103,AlPatch_1_0,67830.691862435,67830.783285983
14,0,257324,96567,AlPatch_2_1,10233.049926265,10233.148109893
14,0,257323,96567,AlPatch_2_1,10233.049926265,10233.138463425
14,0,257538,92287,AlPatch_2_0,255.6718195729,255.76227758041
14,0,257537,92287,AlPatch_2_0,255.6718195729,255.77044152245
14,0,257572,91674,AlPatch_0_1,41292.881174072,41292.97284992
14,0,257571,91674,AlPatch_0_1,41292.881174072,41292.971413948
14,0,257580,91499,AlPatch_0_1,2220.3107735828,2220.4019051296
14,0,257579,91499,AlPatch_0_1,2220.3107735828,2220.4043047398
14,0,257588,91409,AlPatch_2_0,1247.8494714663,1247.9401269194
14,0,257587,91409,AlPatch_2_0,1247.8494714663,1247.9460060416
14,0,257594,91281,AlPatch_2_0,73312.206808795,73312.307626364
14,0,257593,91281,AlPatch_2_0,73312.206808795,73312.297829426
14,0,257640,90621,AlPatch_2_0,562.1443915304,562.24079484583
14,0,257639,90621,AlPatch_2_0,562.1443915304,562.24364547632
14,0,257642,90333,AlPatch_0_0,203145.83198634,203145.92712006
14,0,257641,90333,AlPatch_0_0,203145.83198634,203145.9273923
14,0,257730,89245,AlPatch_0_0,44682.766421955,44682.856505114
14,0,257729,89245,AlPatch_0_0,44682.766421955,44682.858805949
14,0,257794,87691,AlPatch_2_1,61826.520913009,61826.621173634
14,0,257793,87691,AlPatch_2_1,61826.520913009,61826.611005169
14,0,257854,86567,AlPatch_2_0,48302.0104306,48302.111662696
14,0,257853,86567,AlPatch_2_0,48302.0104306,48302.097094167
14,0,257904,85415,AlPatch_0_1,113096.56895658,113096.65579358
14,0,257903,85415,AlPatch_0_1,113096.56895658,113096.65618142
14,0,258092,81683,AlPatch_2_1,83233.269424923,83233.365271741
14,0,258091,81683,AlPatch_2_1,83233.269424923,83233.360268962
14,0,258828,65583,AlPatch_1_0,17406.426540257,17406.516190575
14,0,258827,65583,AlPatch_1_0,17406.426540257,17406.517416619
14,0,258916,64128,AlPatch_0_1,25854.927717447,25855.020595931
14,0,258915,64128,AlPatch_0_1,25854.927717447,25855.022768723
14,0,259076,60437,AlPatch_2_1,83044.281437166,83044.367469028
14,0,259075,60437,AlPatch_2_1,83044.281437166,83044.386061867
14,0,259086,60166,AlPatch_1_0,138840.64366622,138840.73483117
14,0,259085,60166,AlPatch_1_0,138840.64366622,138840.73214367
14,0,259232,57239,AlPatch_1_1,46266.52205339,46266.618925687
14,0,259231,57239,AlPatch_1_1,46266.52205339,46266.608587305
14,0,260048,39327,AlPatch_0_1,90534.501233508,90534.588747264
14,0,260047,39327,AlPatch_0_1,90534.501233508,90534.596279877
14,0,260118,37566,AlPatch_2_0,659.37870670428,659.47715847229
14,0,260117,37566,AlPatch_2_0,659.37870670428,659.47727916783
14,0,260346,33045,AlPatch_2_0,114728.39237328,114728.48272811
14,0,260345,33045,AlPatch_2_0,114728.39237328,114728.4781742
14,0,260416,31688,AlPatch_2_0,1600.0166604644,1600.1076758709
14,0,260415,31688,AlPatch_2_0,1600.0166604644,1600.1113816232
14,0,260454,30864,AlPatch_1_1,54643.966507418,54644.072984579
14,0,260453,30864,AlPatch_1_1,54643.966507418,54644.053317896
14,0,260462,30751,AlPatch_0_1,3431.283422017,3431.3757128902
14,0,260461,30751,AlPatch_0_1,3431.283422017,3431.3703043049
14,0,260802,24291,AlPatch_2_1,9200.5847425592,9200.670394047
14,0,260801,24291,AlPatch_2_1,9200.5847425592,9200.6701778973
14,0,260858,22926,AlPatch_1_0,100351.02005394,100351.11053652
14,0,260857,22926,AlPatch_1_0,100351.02005394,100351.1055114
14,0,261054,18479,AlPatch_0_1,3171.0675164186,3171.1632730272
14,0,261053,18479,AlPatch_0_1,3171.0675164186,3171.1630897351
14,0,261646,5980,AlPatch_1_0,248563.94186085,248564.04346687
14,0,261645,5980,AlPatch_1_0,248563.94186085,248564.03400365
14,0,261716,4329,AlPatch_0_1,123342.74020349,123342.83726713
14,0,261715,4329,AlPatch_0_1,123342.74020349,123342.83189637
14,0,261776,3157,AlPatch_0_0,50343.061844955,50343.157961727
14,0,261775,3157,AlPatch_0_0,50343.061844955,50343.153783652
14,0,261794,2401,AlPatch_2_0,246.95263020977,247.04164605395
14,0,261793,2401,AlPatch_2_0,246.95263020977,247.04217704505
14,0,261818,1999,AlPatch_1_0,15426.848410848,15426.946575013
14,0,261817,1999,AlPatch_1_0,15426.848410848,15426.937253356
15,0,250090,248034,AlPatch_2_1,68901.993327774,68902.095545639
15,0,250089,248034,AlPatch_2_1,68901.993327774,68902.080365081
15,0,250140,246442,AlPatch_0_0,28304.340796619,28304.438200803
15,0,250139,246442,AlPatch_0_0,28304.340796619,28304.438088971
15,0,250274,243941,AlPatch_1_0,3789.3691556851,3789.4572569132
15,0,250273,243941,AlPatch_1_0,3789.3691556851,3789.4576794643
15,0,250328,242962,AlPatch_0_1,12777.156827799,12777.255260562
15,0,250327,242962,AlPatch_0_1,12777.156827799,12777.25306285
15,0,250688,235168,AlPatch_0_0,31123.571216848,31123.663066905
15,0,250687,235168,AlPatch_0_0,31123.571216848,31123.665133286
15,0,250702,234879,AlPatch_0_0,3614.0849528347,3614.1760359568
15,0,250701,234879,AlPatch_0_0,3614.0849528347,3614.1774678166
15,0,251882,211283,AlPatch_2_0,102667.83018531,102667.9247044
15,0,251881,211283,AlPatch_2_0,102667.83018531,102667.91589948
15,0,252872,190570,AlPatch_1_0,95118.088199195,95118.177096955
15,0,252871,190570,AlPatch_1_0,95118.088199195,95118.178294769
15,0,253302,182004,AlPatch_2_0,731.64000526609,731.72542421545
15,0,253301,182004,AlPatch_2_0,731.64000526609,731.73078927575
15,0,253388,180629,AlPatch_1_1,68230.93275925,68231.027787729
15,0,253387,180629,AlPatch_1_1,68230.93275925,68231.032275305
15,0,253510,178195,AlPatch_0_1,26351.92037021,26352.007035105
15,0,253509,178195,AlPatch_0_1,26351.92037021,26352.006787305
15,0,253752,172699,AlPatch_0_0,31645.896929704,31645.992693455
15,0,253751,172699,AlPatch_0_0,31645.896929704,31645.984278055
15,0,254508,156739,AlPatch_0_1,7806.6635440091,7806.7655485544
15,0,254507,156739,AlPatch_0_1,7806.6635440091,7806.7652542299
15,0,254722,152102,AlPatch_2_0,26117.375113929,26117.477635953
15,0,254721,152102,AlPatch_2_0,26117.375113929,26117.460981811
15,0,254792,150758,AlPatch_1_0,11708.856149893,11708.947212512
15,0,254791,150758,AlPatch_1_0,11708.856149893,11708.9549379
15,0,254912,148371,AlPatch_0_1,3515.4519372961,3515.5448724165
15,0,254911,148371,AlPatch_0_1,3515.4519372961,3515.5469048218
15,0,255008,146735,AlPatch_1_0,102770.97777199,102771.0739386
15,0,255007,146735,AlPatch_1_0,102770.97777199,102771.06777129
15,0,255152,143727,AlPatch_2_0,54680.966301411,54681.061531082
15,0,255151,143727,AlPatch_2_0,54680.966301411,54681.058559138
15,0,255170,143214,AlPatch_2_1,4998.0945740548,4998.1854392898
15,0,255169,143214,AlPatch_2_1,4998.0945740548,4998.1888283316
15,0,256538,112689,AlPatch_0_1,61354.465962778,61354.566088054
15,0,256537,112689,AlPatch_0_1,61354.465962778,61354.554438407
15,0,256966,104854,AlPatch_1_1,32152.41862334,32152.511345393
15,0,256965,104854,AlPatch_1_1,32152.41862334,32152.51276558
15,0,257072,102207,AlPatch_0_1,26842.77489979,26842.872662884
15,0,257071,102207,AlPatch_0_1,26842.77489979,26842.865484502
15,0,257164,100381,AlPatch_2_0,636.63106239033,636.72494317899
15,0,257163,100381,AlPatch_2_0,636.63106239033,636.72157620729
15,0,257234,99428,AlPatch_2_0,9907.9306501924,9908.0195712968
15,0,257233,99428,AlPatch_2_0,9907.9306501924,9908.0205215259
15,0,257260,99061,AlPatch_0_0,94238.716000693,94238.803363086
15,0,257259,99061,AlPatch_0_0,94238.716000693,94238.803078282
15,0,257398,96648,AlPatch_2_0,1676.1618756098,1676.2628671018
15,0,257397,96648,AlPatch_2_0,1676.1618756098,1676.2492618694
15,0,257562,93580,AlPatch_1_1,2669.21749559,2669.3075166203
15,0,257561,93580,AlPatch_1_1,2669.21749559,2669.3036739318
15,0,257792,88512,AlPatch_1_0,22706.474631385,22706.565030747
15,0,257791,88512,AlPatch_1_0,22706.474631385,22706.562599307
15,0,257930,85766,AlPatch_1_1,52352.553137892,52352.652709232
15,0,257929,85766,AlPatch_1_1,52352.553137892,52352.642601162
15,0,258280,79165,AlPatch_1_1,3688.0565976354,3688.1503886744
15,0,258279,79165,AlPatch_1_1,3688.0565976354,3688.1510577489
15,0,258346,77850,AlPatch_0_0,3346.2806197368,3346.3829273964
15,0,258345,77850,AlPatch_0_0,3346.2806197368,3346.3686563542
15,0,258744,70363,AlPatch_2_1,21183.887128082,21183.98742017
15,0,258743,70363,AlPatch_2_1,21183.887128082,21183.975774964
15,0,259222,59446,AlPatch_1_1,55961.329870611,55961.429864846
15,0,259221,59446,AlPatch_1_1,55961.329870611,55961.418945524
15,0,259682,49181,AlPatch_0_0,41147.615943428,41147.707471121
15,0,259681,49181,AlPatch_0_0,41147.615943428,41147.706840229
15,0,259848,46182,AlPatch_2_1,28616.854305683,28616.955322397
15,0,259847,46182,AlPatch_2_1,28616.854305683,28616.941335492
15,0,259858,46004,AlPatch_2_1,39736.357231771,39736.445561172
15,0,259857,46004,AlPatch_2_1,39736.357231772,39736.445467428
15,0,260036,42440,AlPatch_1_0,11783.18998623,11783.279679301
15,0,260035,42440,AlPatch_1_0,11783.18998623,11783.287798752
15,0,260110,40590,AlPatch_0_0,34010.031954935,34010.122473686
15,0,260109,40590,AlPatch_0_0,34010.031954935,34010.130069559
15,0,260322,36133,AlPatch_0_1,66579.535585795,66579.627503835
15,0,260321,36133,AlPatch_0_1,66579.535585795,66579.630796985
15,0,260404,34648,AlPatch_2_1,4723.0920514105,4723.1892241864
15,0,260403,34648,AlPatch_2_1,4723.0920514105,4723.184926593
15,0,261124,19173,AlPatch_0_0,8647.80296793,8647.8914890317
15,0,261123,19173,AlPatch_0_0,8647.80296793,8647.895945488
15,0,261270,16343,AlPatch_0_1,55264.429667294,55264.518479895
15,0,261269,16343,AlPatch_0_1,55264.429667294,55264.523490116
15,0,261278,16212,AlPatch_0_1,98632.582316682,98632.671342883
15,0,261277,16212,AlPatch_0_1,98632.582316682,98632.67109124
15,0,261446,12845,AlPatch_0_1,120543.95527776,120544.04378656
15,0,261445,12845,AlPatch_0_1,120543.95527776,120544.05912283
15,0,261474,12563,AlPatch_0_1,123897.38155825,123897.47883156
15,0,261473,12563,AlPatch_0_1,123897.38155825,123897.47965805
15,0,261518,11810,AlPatch_2_1,8943.6355833796,8943.7305155085
15,0,261517,11810,AlPatch_2_1,8943.6355833796,8943.7293702118
16,0,250132,247437,AlPatch_0_1,110619.37235381,110619.45821355
16,0,250131,247437,AlPatch_0_1,110619.37235381,110619.45792248
16,0,250524,239563,AlPatch_2_0,26339.624472068,26339.72822075
16,0,250523,239563,AlPatch_2_0,26339.624472068,26339.727207436
16,0,250630,236850,AlPatch_1_0,1429.1506763698,1429.2559431612
16,0,250629,236850,AlPatch_1_0,1429.1506763698,1429.2426281359
16,0,250886,231337,AlPatch_2_1,1429.4103325922,1429.5068128079
16,0,250885,231337,AlPatch_2_1,1429.4103325922,1429.503003704
16,0,251032,228183,AlPatch_2_1,18870.283914524,18870.388696966
16,0,251031,228183,AlPatch_2_1,18870.283914524,18870.372054477
16,0,251448,219047,AlPatch_1_0,8925.7506187471,8925.8460717209
16,0,251447,219047,AlPatch_1_0,8925.7506187471,8925.8453245119
16,0,251624,215411,AlPatch_0_1,14843.052511528,14843.141710102
16,0,251623,215411,AlPatch_0_1,14843.052511528,14843.144497709
16,0,251840,211087,AlPatch_0_1,4748.157405937,4748.2457086693
16,0,251839,211087,AlPatch_0_1,4748.157405937,4748.2452891747
16,0,252566,196033,AlPatch_0_0,51441.396579855,51441.485187681
16,0,252565,196033,AlPatch_0_0,51441.396579855,51441.483856578
16,0,252648,194246,AlPatch_1_1,48623.937161347,48624.028043731
16,0,252647,194246,AlPatch_1_1,48623.937161347,48624.031462596
16,0,252684,193399,AlPatch_0_0,13043.361845743,13043.463584033
16,0,252683,193399,AlPatch_0_0,13043.361845743,13043.450412103
16,0,252692,193241,AlPatch_2_1,124220.30803922,124220.3994145
16,0,252691,193241,AlPatch_2_1,124220.30803922,124220.40684645
16,0,253110,184776,AlPatch_2_1,23981.164472828,23981.254969923
16,0,253109,184776,AlPatch_2_1,23981.164472828,23981.255628357
16,0,253136,184113,AlPatch_1_0,1375.2641429977,1375.35242986
16,0,253135,184113,AlPatch_1_0,1375.2641429977,1375.3523082949
16,0,253140,184066,AlPatch_1_1,36850.993710995,36851.081325878
16,0,253139,184066,AlPatch_1_1,36850.993710995,36851.09449307
16,0,253142,184039,AlPatch_0_0,56878.031278148,56878.135052112
16,0,253141,184039,AlPatch_0_0,56878.031278148,56878.129645495
16,0,253218,182850,AlPatch_0_1,28098.63452043,28098.736485941
16,0,253217,182850,AlPatch_0_1,28098.63452043,28098.722768755
16,0,253452,177650,AlPatch_0_1,153599.49856398,153599.58556964
16,0,253451,177650,AlPatch_0_1,153599.49856398,153599.59910837
16,0,253708,172667,AlPatch_0_1,93533.790301193,93533.884657802
16,0,253707,172667,AlPatch_0_1,93533.790301193,93533.886288111
16,0,254118,164326,AlPatch_2_0,153321.82706249,153321.91477833
16,0,254117,164326,AlPatch_2_0,153321.82706249,153321.91703334
16,0,254214,162049,AlPatch_0_1,1971.1581570621,1971.2505083999
16,0,254213,162049,AlPatch_0_1,1971.1581570621,1971.2573988343
16,0,254380,158698,AlPatch_2_1,22061.938619585,22062.027522553
16,0,254379,158698,AlPatch_2_1,22061.938619585,22062.037803267
16,0,254978,146613,AlPatch_0_1,53236.874461127,53236.979172063
16,0,254977,146613,AlPatch_0_1,53236.874461127,53236.980853066
16,0,255198,141842,AlPatch_1_0,49407.634540026,49407.726728048
16,0,255197,141842,AlPatch_1_0,49407.634540026,49407.737928956
16,0,255234,141160,AlPatch_0_1,20548.021852589,20548.123297449
16,0,255233,141160,AlPatch_0_1,20548.021852589,20548.112770287
16,0,255354,138756,AlPatch_2_0,25495.629009211,25495.730312149
16,0,255353,138756,AlPatch_2_0,25495.629009211,25495.719908668
16,0,255830,128718,AlPatch_1_1,3572.3046256962,3572.4103610263
16,0,255829,128718,AlPatch_1_1,3572.3046256962,3572.3909176444
16,0,256002,125585,AlPatch_0_0,43908.989341075,43909.089763458
16,0,256001,125585,AlPatch_0_0,43908.989341075,43909.082756325
16,0,256048,124736,AlPatch_0_0,16067.213668857,16067.31467589
16,0,256047,124736,AlPatch_0_0,16067.213668857,16067.309934295
16,0,256230,120992,AlPatch_2_0,4098.8958941911,4098.987384414
16,0,256229,120992,AlPatch_2_0,4098.8958941911,4098.9842288152
16,0,256334,118511,AlPatch_0_0,52471.580356643,52471.6694963
16,0,256333,118511,AlPatch_0_0,52471.580356643,52471.672506388
16,0,256432,116314,AlPatch_1_1,21475.261304828,21475.356335236
16,0,256431,116314,AlPatch_1_1,21475.261304828,21475.351821883
16,0,256466,115469,AlPatch_2_1,43010.842556919,43010.940730273
16,0,256465,115469,AlPatch_2_1,43010.842556919,43010.932052343
16,0,257174,100690,AlPatch_1_1,30382.664741234,30382.757480471
16,0,257173,100690,AlPatch_1_1,30382.664741234,30382.759026466
16,0,257262,99122,AlPatch_2_1,24567.800294548,24567.892915242
16,0,257261,99122,AlPatch_2_1,24567.800294548,24567.896462281
16,0,257468,95214,AlPatch_1_1,1923.4152299339,1923.5121866766
16,0,257467,95214,AlPatch_1_1,1923.4152299339,1923.5137874208
16,0,257580,92949,AlPatch_0_0,8119.5187155649,8119.6117519031
16,0,257579,92949,AlPatch_0_0,8119.5187155649,8119.6198894832
16,0,257782,88777,AlPatch_2_1,40816.002838357,40816.092115222
16,0,257781,88777,AlPatch_2_1,40816.002838357,40816.091458428
16,0,257964,85495,AlPatch_0_0,867.0355730455,867.12233215683
16,0,257963,85495,AlPatch_0_0,867.0355730455,867.14046277529
16,0,257996,84991,AlPatch_0_1,78687.758753388,78687.847722442
16,0,257995,84991,AlPatch_0_1,78687.758753388,78687.85770209
16,0,258702,70903,AlPatch_1_1,25255.56897099,25255.670010191
16,0,258701,70903,AlPatch_1_1,25255.56897099,25255.655781963
16,0,258796,69182,AlPatch_2_1,1151.4730612349,1151.56604632
16,0,258795,69182,AlPatch_2_1,1151.4730612349,1151.5617548654
16,0,258972,65362,AlPatch_0_1,14125.8144552,14125.90933337
16,0,258971,65362,AlPatch_0_1,14125.8144552,14125.903332386
16,0,259220,59817,AlPatch_1_0,11083.730649911,11083.828403437
16,0,259219,59817,AlPatch_1_0,11083.730649911,11083.821597681
16,0,259266,58684,AlPatch_2_0,75364.255592792,75364.34620714
16,0,259265,58684,AlPatch_2_0,75364.255592793,75364.355087916
16,0,259316,57985,AlPatch_1_0,6874.4489880448,6874.5440973133
16,0,259315,57985,AlPatch_1_0,6874.4489880448,6874.5418084811
16,0,259586,52926,AlPatch_0_0,25679.417821368,25679.504377854
16,0,259585,52926,AlPatch_0_0,25679.417821368,25679.51861091
16,0,259608,52338,AlPatch_1_0,20981.396521662,20981.495517405
16,0,259607,52338,AlPatch_1_0,20981.396521662,20981.489015547
16,0,259622,51963,AlPatch_1_0,21084.038488872,21084.143334204
16,0,259621,51963,AlPatch_1_0,21084.038488872,21084.140118549
16,0,259756,48672,AlPatch_2_0,1855.1742399983,1855.2609799032
16,0,259755,48672,AlPatch_2_0,1855.1742399983,1855.268605086
16,0,259816,47102,AlPatch_0_1,19674.785131582,19674.890712604
16,0,259815,47102,AlPatch_0_1,19674.785131582,19674.871539318
16,0,260020,43108,AlPatch_2_1,81932.90473642,81933.002528798
16,0,260019,43108,AlPatch_2_1,81932.90473642,81932.996938936
16,0,260054,42554,AlPatch_2_0,77775.354564547,77775.440907435
16,0,260053,42554,AlPatch_2_0,77775.354564547,77775.444836946
16,0,260416,35318,AlPatch_2_1,1239.8556117419,1239.9482905276
16,0,260415,35318,AlPatch_2_1,1239.8556117419,1239.9441764713
16,0,260566,32474,AlPatch_2_0,71770.429635507,71770.526405134
16,0,260565,32474,AlPatch_2_0,71770.429635507,71770.531608009
16,0,261028,23121,AlPatch_2_0,1894.4820761935,1894.568079842
16,0,261027,23121,AlPatch_2_0,1894.4820761935,1894.5884456769
16,0,261288,18242,AlPatch_1_0,209896.86590227,209896.95543988
16,0,261287,18242,AlPatch_1_0,209896.86590227,209896.95389035
16,0,261508,12586,AlPatch_0_0,46195.132312955,46195.223074012
16,0,261507,12586,AlPatch_0_0,46195.132312955,46195.231006992
16,0,261664,8896,AlPatch_2_1,773.21089507309,773.30578820286
16,0,261663,8896,AlPatch_2_1,773.21089507309,773.29812370976
16,0,261980,1872,AlPatch_1_0,24460.309338588,24460.397320401
16,0,261979,1872,AlPatch_1_0,24460.309338588,24460.396817096
17,0,250012,249708,AlPatch_0_1,7891.3018114599,7891.397341834
17,0,250011,249708,AlPatch_0_1,7891.3018114599,7891.3970486643
17,0,250236,245812,AlPatch_2_1,3599.0573621428,3599.1464184336
17,0,250235,245812,AlPatch_2_1,3599.0573621428,3599.1619106273
17,0,250696,237088,AlPatch_2_1,6095.1017979233,6095.1881912508
17,0,250695,237088,AlPatch_2_1,6095.1017979233,6095.1872958975
17,0,251702,217418,AlPatch_1_0,57318.805692385,57318.901177782
17,0,251701,217418,AlPatch_1_0,57318.805692385,57318.904722506
17,0,251828,214685,AlPatch_2_0,6960.2431333155,6960.3429324782
17,0,251827,214685,AlPatch_2_0,6960.2431333155,6960.3310137105
17,0,251838,214438,AlPatch_1_0,21324.51784643,21324.60861076
17,0,251837,214438,AlPatch_1_0,21324.51784643,21324.616626352
17,0,252158,207546,AlPatch_1_0,15533.091928124,15533.180788602
17,0,252157,207546,AlPatch_1_0,15533.091928124,15533.181382174
17,0,252286,204701,AlPatch_0_0,31160.753724804,31160.845765226
17,0,252285,204701,AlPatch_0_0,31160.753724804,31160.849193722
17,0,252394,202017,AlPatch_1_1,57309.353781492,57309.447659137
17,0,252393,202017,AlPatch_1_1,57309.353781492,57309.452619995
17,0,252474,200183,AlPatch_0_1,24083.562988064,24083.662645959
17,0,252473,200183,AlPatch_0_1,24083.562988064,24083.667913767
17,0,252542,198542,AlPatch_2_1,29938.409152309,29938.506309299
17,0,252541,198542,AlPatch_2_1,29938.409152309,29938.50883667
17,0,252616,197010,AlPatch_2_1,103590.40704551,103590.50647955
17,0,252615,197010,AlPatch_2_1,103590.40704551,103590.49658069
17,0,252886,191549,AlPatch_2_0,24402.338142147,24402.42402773
17,0,252885,191549,AlPatch_2_0,24402.338142147,24402.424468501
17,0,253114,186303,AlPatch_2_0,3402.0528414243,3402.1441590673
17,0,253113,186303,AlPatch_2_0,3402.0528414243,3402.1524513861
17,0,253284,183357,AlPatch_0_1,11979.145038621,11979.233377798
17,0,253283,183357,AlPatch_0_1,11979.145038621,11979.233434051
17,0,253792,173382,AlPatch_1_0,9296.1708668537,9296.2691877165
17,0,253791,173382,AlPatch_1_0,9296.1708668537,9296.2640401193
17,0,254164,166212,AlPatch_1_0,62685.688876261,62685.775793884
17,0,254163,166212,AlPatch_1_0,62685.688876261,62685.782455468
17,0,254254,164325,AlPatch_1_0,24747.103476956,24747.192025461
17,0,254253,164325,AlPatch_1_0,24747.103476956,24747.189315635
17,0,254392,162377,AlPatch_0_1,28902.720596331,28902.809566132
17,0,254391,162377,AlPatch_0_1,28902.720596331,28902.811570766
17,0,254688,156224,AlPatch_2_0,1792.1446371734,1792.2327798272
17,0,254687,156224,AlPatch_2_0,1792.1446371734,1792.2467817733
17,0,255080,148230,AlPatch_0_0,19678.512394666,19678.599369947
17,0,255079,148230,AlPatch_0_0,19678.512394666,19678.598867442
17,0,255096,147867,AlPatch_2_1,4541.8538061691,4541.9417222
17,0,255095,147867,AlPatch_2_1,4541.8538061691,4541.9441881857
17,0,255180,146118,AlPatch_0_0,120549.44882215,120549.55032258
17,0,255179,146118,AlPatch_0_0,120549.44882215,120549.53871449
17,0,255502,139023,AlPatch_0_0,16820.501043851,16820.587599054
17,0,255501,139023,AlPatch_0_0,16820.501043851,16820.588101643
17,0,255504,138929,AlPatch_2_1,43614.172791403,43614.266257418
17,0,255503,138929,AlPatch_2_1,43614.172791403,43614.273473399
17,0,255652,136158,AlPatch_0_0,116058.15769908,116058.25415265
17,0,255651,136158,AlPatch_0_0,116058.15769908,116058.25587457
17,0,255886,131015,AlPatch_2_1,33624.921093385,33625.01358858
17,0,255885,131015,AlPatch_2_1,33624.921093385,33625.012705891
17,0,256438,120064,AlPatch_2_0,12957.72873643,12957.816907273
17,0,256437,120064,AlPatch_2_0,12957.72873643,12957.829211904
17,0,256530,118355,AlPatch_2_1,30376.09580329,30376.183738374
17,0,256529,118355,AlPatch_2_1,30376.09580329,30376.182156158
17,0,256852,111687,AlPatch_2_1,36340.752663343,36340.84196023
17,0,256851,111687,AlPatch_2_1,36340.752663343,36340.841800131
17,0,256868,111119,AlPatch_0_1,8887.2221317713,8887.317222524
17,0,256867,111119,AlPatch_0_1,8887.2221317713,8887.3176272993
17,0,257094,105862,AlPatch_2_0,21489.762050211,21489.85137965
17,0,257093,105862,AlPatch_2_0,21489.762050211,21489.847780458
17,0,257314,101251,AlPatch_1_1,125477.49238014,125477.58264006
17,0,257313,101251,AlPatch_1_1,125477.49238014,125477.59224112
17,0,257334,100751,AlPatch_2_1,89158.269905037,89158.355060292
17,0,257333,100751,AlPatch_2_1,89158.269905037,89158.355453972
17,0,257784,91246,AlPatch_2_1,37576.962334249,37577.056554888
17,0,257783,91246,AlPatch_2_1,37576.962334249,37577.06146872
17,0,258356,78851,AlPatch_1_1,22613.751694375,22613.837145784
17,0,258355,78851,AlPatch_1_1,22613.751694375,22613.854045098
17,0,258478,76392,AlPatch_1_0,31477.224163349,31477.312359846
17,0,258477,76392,AlPatch_1_0,31477.224163349,31477.324893995
17,0,258566,74408,AlPatch_1_0,27986.455614106,27986.556552975
17,0,258565,74408,AlPatch_1_0,27986.455614106,27986.555909878
17,0,258646,72818,AlPatch_2_1,25571.937425849,25572.026107507
17,0,258645,72818,AlPatch_2_1,25571.937425849,25572.023294382
17,0,258788,70081,AlPatch_2_1,34458.643174343,34458.728602695
17,0,258787,70081,AlPatch_2_1,34458.643174343,34458.736561273
17,0,258808,69719,AlPatch_0_0,218486.99463989,218487.08139572
17,0,258807,69719,AlPatch_0_0,218486.99463989,218487.08247507
17,0,258930,67042,AlPatch_1_0,1181.3981438504,1181.4888351891
17,0,258929,67042,AlPatch_1_0,1181.3981438504,1181.4896870946
17,0,258934,67029,AlPatch_2_0,9590.6929963754,9590.7799147863
17,0,258933,67029,AlPatch_2_0,9590.6929963754,9590.7796806232
17,0,258948,66796,AlPatch_0_1,12852.466381412,12852.562685329
17,0,258947,66796,AlPatch_0_1,12852.466381412,12852.561355354
17,0,259036,64782,AlPatch_1_0,9383.0578625361,9383.1535060351
17,0,259035,64782,AlPatch_1_0,9383.0578625361,9383.1579390505
17,0,259080,63889,AlPatch_2_1,26586.732386524,26586.822784218
17,0,259079,63889,AlPatch_2_1,26586.732386524,26586.82726423
17,0,259322,58710,AlPatch_2_0,626.30439159118,626.39310136996
17,0,259321,58710,AlPatch_2_0,626.30439159118,626.40668375748
17,0,260314,36484,AlPatch_2_1,2423.8710622613,2423.9577371154
17,0,260313,36484,AlPatch_2_1,2423.8710622613,2423.9576731313
17,0,260396,34378,AlPatch_2_0,2599.6274574309,2599.7183816362
17,0,260395,34378,AlPatch_2_0,2599.6274574309,2599.718760923
17,0,260688,28580,AlPatch_0_0,5030.9750216496,5031.0641594882
17,0,260687,28580,AlPatch_0_0,5030.9750216496,5031.0613221524
17,0,260734,27724,AlPatch_2_1,34566.462941914,34566.555384435
17,0,260733,27724,AlPatch_2_1,34566.462941914,34566.565230956
17,0,260814,25983,AlPatch_2_0,256.64107915744,256.72872759969
17,0,260813,25983,AlPatch_2_0,256.64107915744,256.74134352551
17,0,261500,11326,AlPatch_0_1,90576.479247125,90576.566727613
17,0,261499,11326,AlPatch_0_1,90576.479247125,90576.581786637
17,0,261512,10892,AlPatch_2_0,105040.51706727,105040.61333275
17,0,261511,10892,AlPatch_2_0,105040.51706727,105040.6146371
18,0,250540,237772,AlPatch_1_0,2133.4252872706,2133.5168747476
18,0,250539,237772,AlPatch_1_0,2133.4252872706,2133.5119325259
18,0,250570,237023,AlPatch_1_0,35028.643119242,35028.737352851
18,0,250569,237023,AlPatch_1_0,35028.643119242,35028.742785414
18,0,250794,231666,AlPatch_0_0,103253.29717749,103253.38624054
18,0,250793,231666,AlPatch_0_0,103253.29717749,103253.38734924
18,0,250876,229786,AlPatch_1_1,92733.609163062,92733.70674323
18,0,250875,229786,AlPatch_1_1,92733.609163062,92733.701386492
18,0,251674,213868,AlPatch_2_0,2588.0450377709,2588.1390242657
18,0,251673,213868,AlPatch_2_0,2588.0450377709,2588.1408208548
18,0,251734,212481,AlPatch_2_1,6335.8662679693,6335.954001735
18,0,251733,212481,AlPatch_2_1,6335.8662679693,6335.9528943838
18,0,251812,210905,AlPatch_1_1,12361.276495952,12361.362164546
18,0,251811,210905,AlPatch_1_1,12361.276495952,12361.362247997
18,0,252014,206100,AlPatch_1_0,34274.439510257,34274.525400151
18,0,252013,206100,AlPatch_1_0,34274.439510257,34274.532107238
18,0,252212,201994,AlPatch_2_1,18552.323726546,18552.418269842
18,0,252211,201994,AlPatch_2_1,18552.323726546,18552.426472105
18,0,252228,201769,AlPatch_1_1,45156.000749294,45156.092518639
18,0,252227,201769,AlPatch_1_1,45156.000749294,45156.090968591
18,0,252748,189860,AlPatch_2_1,14809.265663782,14809.357887512
18,0,252747,189860,AlPatch_2_1,14809.265663782,14809.35700649
18,0,252778,189345,AlPatch_2_1,24622.653185414,24622.756550814
18,0,252777,189345,AlPatch_2_1,24622.653185414,24622.740748273
18,0,252996,184698,AlPatch_2_0,128258.03003021,128258.12928019
18,0,252995,184698,AlPatch_2_0,128258.03003021,128258.13143181
18,0,253022,184206,AlPatch_2_1,57563.989217007,57564.085638537
18,0,253021,184206,AlPatch_2_1,57563.989217007,57564.085856992
18,0,253636,172051,AlPatch_1_0,83770.081748816,83770.16909233
18,0,253635,172051,AlPatch_1_0,83770.081748816,83770.182942163
18,0,254210,160303,AlPatch_1_0,37696.125810064,37696.224363257
18,0,254209,160303,AlPatch_1_0,37696.125810064,37696.224735918
18,0,254486,154208,AlPatch_1_0,12197.323738557,12197.423499516
18,0,254485,154208,AlPatch_1_0,12197.323738557,12197.419153062
18,0,254738,149403,AlPatch_2_1,111622.74893244,111622.83696216
18,0,254737,149403,AlPatch_2_1,111622.74893244,111622.8404653
18,0,255246,139049,AlPatch_1_1,85746.492839428,85746.583194167
18,0,255245,139049,AlPatch_1_1,85746.492839428,85746.584676898
18,0,255374,136335,AlPatch_0_1,19043.374163722,19043.468408335
18,0,255373,136335,AlPatch_0_1,19043.374163722,19043.4691885
18,0,255496,134257,AlPatch_2_0,657.9831835465,658.08316336143
18,0,255495,134257,AlPatch_2_0,657.9831835465,658.07634587454
18,0,255510,134007,AlPatch_1_1,23561.073721002,23561.175533542
18,0,255509,134007,AlPatch_1_1,23561.073721002,23561.163943188
18,0,255676,130427,AlPatch_2_1,1290.084599271,1290.1807859033
18,0,255675,130427,AlPatch_2_1,1290.084599271,1290.1773458298
18,0,255818,127774,AlPatch_2_0,1018.0434116185,1018.1335540209
18,0,255817,127774,AlPatch_2_0,1018.0434116185,1018.1411350419
18,0,256580,111973,AlPatch_1_0,8092.7842158109,8092.8813190163
18,0,256579,111973,AlPatch_1_0,8092.7842158109,8092.8749448848
18,0,256904,104579,AlPatch_1_1,3030.7293071378,3030.8280474484
18,0,256903,104579,AlPatch_1_1,3030.7293071378,3030.830873405
18,0,257158,99515,AlPatch_1_1,46918.735264002,46918.836096304
18,0,257157,99515,AlPatch_1_1,46918.735264002,46918.823058663
18,0,257258,96777,AlPatch_0_1,19363.692238298,19363.781222248
18,0,257257,96777,AlPatch_0_1,19363.692238298,19363.779947236
18,0,257296,96171,AlPatch_0_0,57270.547848959,57270.638768788
18,0,257295,96171,AlPatch_0_0,57270.547848959,57270.638934081
18,0,257316,95626,AlPatch_0_0,4024.5415488899,4024.6357761936
18,0,257315,95626,AlPatch_0_0,4024.5415488899,4024.6396400017
18,0,257426,93349,AlPatch_1_1,13447.656894536,13447.747418827
18,0,257425,93349,AlPatch_1_1,13447.656894536,13447.747265738
18,0,257432,93253,AlPatch_2_0,38471.94751671,38472.045379955
18,0,257431,93253,AlPatch_2_0,38471.94751671,38472.044665265
18,0,257592,89385,AlPatch_2_1,834.66069928035,834.763667984
18,0,257591,89385,AlPatch_2_1,834.66069928035,834.7469558974
18,0,258204,77306,AlPatch_1_1,80806.665067867,80806.759205836
18,0,258203,77306,AlPatch_1_1,80806.665067867,80806.759730874
18,0,258262,76159,AlPatch_0_1,6333.5309984721,6333.6210952399
18,0,258261,76159,AlPatch_0_1,6333.5309984721,6333.6283149445
18,0,258492,71412,AlPatch_1_1,76443.097078001,76443.187860561
18,0,258491,71412,AlPatch_1_1,76443.097078001,76443.189016653
18,0,258604,69188,AlPatch_1_1,101172.10689219,101172.19697357
18,0,258603,69188,AlPatch_1_1,101172.10689219,101172.20807276
18,0,258682,67660,AlPatch_1_0,38420.378185304,38420.476036571
18,0,258681,67660,AlPatch_1_0,38420.378185304,38420.476353004
18,0,258736,66401,AlPatch_2_1,3545.9044639728,3546.0025133826
18,0,258735,66401,AlPatch_2_1,3545.9044639728,3545.9977282559
18,0,258882,63724,AlPatch_0_0,67237.664060358,67237.769287601
18,0,258881,63724,AlPatch_0_0,67237.664060358,67237.767628104
18,0,259154,57922,AlPatch_1_0,47035.923461673,47036.015293149
18,0,259153,57922,AlPatch_1_0,47035.923461673,47036.014804988
18,0,259160,57885,AlPatch_0_0,14850.267043636,14850.357456708
18,0,259159,57885,AlPatch_0_0,14850.267043636,14850.357938456
18,0,259450,52069,AlPatch_2_0,26601.290993852,26601.39329006
18,0,259449,52069,AlPatch_2_0,26601.290993852,26601.392488664
18,0,259460,52003,AlPatch_1_0,52222.329891341,52222.427034729
18,0,259459,52003,AlPatch_1_0,52222.329891341,52222.4251726
18,0,259718,46869,AlPatch_2_0,16130.59867303,16130.693555738
18,0,259717,46869,AlPatch_2_0,16130.59867303,16130.694995557
18,0,259732,46728,AlPatch_0_1,15916.933198178,15917.029218547
18,0,259731,46728,AlPatch_0_1,15916.933198178,15917.022907813
18,0,259742,46472,AlPatch_2_1,37512.708611755,37512.803812537
18,0,259741,46472,AlPatch_2_1,37512.708611755,37512.805434507
18,0,259816,44768,AlPatch_0_1,8278.9822239558,8279.073695658
18,0,259815,44768,AlPatch_0_1,8278.9822239558,8279.0843748288
18,0,260120,37793,AlPatch_0_1,18300.832305757,18300.933552838
18,0,260119,37793,AlPatch_0_1,18300.832305757,18300.933127262
18,0,260170,36478,AlPatch_2_0,899.10818467641,899.20071532263
18,0,260169,36478,AlPatch_2_0,899.10818467641,899.20170211438
18,0,260742,25261,AlPatch_2_1,4350.40216387,4350.496148083
18,0,260741,25261,AlPatch_2_1,4350.40216387,4350.4894840753
18,0,260834,23274,AlPatch_2_0,26536.159441637,26536.263384704
18,0,260833,23274,AlPatch_2_0,26536.159441637,26536.246594158
18,0,260880,22323,AlPatch_2_1,124931.79520045,124931.88580109
18,0,260879,22323,AlPatch_2_1,124931.79520045,124931.88067543
18,0,261278,13629,AlPatch_0_0,21611.891993585,21611.981900815
18,0,261277,13629,AlPatch_0_0,21611.891993585,21611.979840773
18,0,261704,4587,AlPatch_1_0,39013.997228352,39014.083519615
18,0,261703,4587,AlPatch_1_0,39013.997228352,39014.083569599
19,0,250086,248297,AlPatch_0_1,3620.9367396442,3621.0308974596
19,0,250085,248297,AlPatch_0_1,3620.9367396442,3621.031501992
19,0,250214,245561,AlPatch_2_0,26051.294017428,26051.392719357
19,0,250213,245561,AlPatch_2_0,26051.294017428,26051.396659875
19,0,250324,243933,AlPatch_1_0,10912.119399046,10912.217446066
19,0,250323,243933,AlPatch_1_0,10912.119399046,10912.213175461
19,0,250328,243847,AlPatch_0_1,43885.471471409,43885.570828476
19,0,250327,243847,AlPatch_0_1,43885.471471409,43885.559028926
19,0,250348,243405,AlPatch_1_0,42481.795360833,42481.887760153
19,0,250347,243405,AlPatch_1_0,42481.795360833,42481.888000706
19,0,250398,242268,AlPatch_1_1,15576.464726889,15576.554699511
19,0,250397,242268,AlPatch_1_1,15576.464726889,15576.554132429
19,0,250608,238627,AlPatch_2_1,12952.816105566,12952.906891175
19,0,250607,238627,AlPatch_2_1,12952.816105566,12952.909229802
19,0,250774,236007,AlPatch_2_0,1897.4551045011,1897.5438766036
19,0,250773,236007,AlPatch_2_0,1897.4551045011,1897.5440014224
19,0,251182,226907,AlPatch_0_0,24978.691499456,24978.787351025
19,0,251181,226907,AlPatch_0_0,24978.691499456,24978.788304816
19,0,251232,225764,AlPatch_1_1,38577.964751995,38578.052703741
19,0,251231,225764,AlPatch_1_1,38577.964751995,38578.051750344
19,0,251480,221796,AlPatch_0_1,41654.416484555,41654.507798138
19,0,251479,221796,AlPatch_0_1,41654.416484555,41654.516118689
19,0,252520,200791,AlPatch_2_0,43609.66805128,43609.756608645
19,0,252519,200791,AlPatch_2_0,43609.66805128,43609.771529559
19,0,253864,172763,AlPatch_2_0,3391.1313965033,3391.2296988505
19,0,253863,172763,AlPatch_2_0,3391.1313965033,3391.2372522349
19,0,254120,167302,AlPatch_1_1,8624.1757147008,8624.262371323
19,0,254119,167302,AlPatch_1_1,8624.1757147008,8624.2774758732
19,0,254308,162933,AlPatch_2_1,42274.786359913,42274.872484758
19,0,254307,162933,AlPatch_2_1,42274.786359913,42274.872549354
19,0,254356,161899,AlPatch_2_0,41942.086295575,41942.182324704
19,0,254355,161899,AlPatch_2_0,41942.086295575,41942.1798788
19,0,254736,154369,AlPatch_0_0,9506.4111491067,9506.5057629112
19,0,254735,154369,AlPatch_0_0,9506.4111491067,9506.5043241818
19,0,254886,150549,AlPatch_2_0,21102.500454987,21102.594793858
19,0,254885,150549,AlPatch_2_0,21102.500454987,21102.593513061
19,0,254940,149531,AlPatch_1_0,90447.992257808,90448.077938587
19,0,254939,149531,AlPatch_1_0,90447.992257808,90448.07832548
19,0,254942,149480,AlPatch_2_0,5309.1389578761,5309.2296373003
19,0,254941,149480,AlPatch_2_0,5309.1389578761,5309.2383280518
19,0,254990,148377,AlPatch_0_0,73196.871205425,73196.957840891
19,0,254989,148377,AlPatch_0_0,73196.871205425,73196.959937437
19,0,254992,148296,AlPatch_2_1,15456.100830038,15456.18641914
19,0,254991,148296,AlPatch_2_1,15456.100830038,15456.186706934
19,0,255084,146689,AlPatch_0_1,33155.191114828,33155.281306034
19,0,255083,146689,AlPatch_0_1,33155.191114828,33155.289208084
19,0,255302,142421,AlPatch_2_1,2016.5215152457,2016.614850092
19,0,255301,142421,AlPatch_2_1,2016.5215152457,2016.6230383276
19,0,255428,140186,AlPatch_2_0,16718.496699626,16718.588650615
19,0,255427,140186,AlPatch_2_0,16718.496699626,16718.588312213
19,0,255804,132248,AlPatch_1_0,290635.6735778,290635.77537066
19,0,255803,132248,AlPatch_1_0,290635.6735778,290635.77793787
19,0,256368,118489,AlPatch_0_0,41289.562311926,41289.660131663
19,0,256367,118489,AlPatch_0_0,41289.562311925,41289.655479154
19,0,256806,109188,AlPatch_2_1,22809.380090733,22809.475357558
19,0,256805,109188,AlPatch_2_1,22809.380090733,22809.477494354
19,0,256966,105706,AlPatch_0_1,204583.69177415,204583.79149112
19,0,256965,105706,AlPatch_0_1,204583.69177415,204583.78179825
19,0,257206,100863,AlPatch_1_0,12983.604542362,12983.695923617
19,0,257205,100863,AlPatch_1_0,12983.604542362,12983.697015685
19,0,257314,98433,AlPatch_1_1,47938.655887781,47938.747669147
19,0,257313,98433,AlPatch_1_1,47938.655887781,47938.748178019
19,0,257336,98225,AlPatch_0_0,156545.63304482,156545.72501088
19,0,257335,98225,AlPatch_0_0,156545.63304482,156545.72746126
19,0,257366,97574,AlPatch_0_0,25423.649431307,25423.743127654
19,0,257365,97574,AlPatch_0_0,25423.649431307,25423.735977806
19,0,257682,91627,AlPatch_0_1,59321.140711526,59321.233508715
19,0,257681,91627,AlPatch_0_1,59321.140711526,59321.228293898
19,0,258342,77397,AlPatch_0_0,8127.8651463692,8127.9605971873
19,0,258341,77397,AlPatch_0_0,8127.8651463692,8127.955376976
19,0,258428,76186,AlPatch_1_1,54732.786174633,54732.88697265
19,0,258427,76186,AlPatch_1_1,54732.786174633,54732.874579847
19,0,258574,73230,AlPatch_1_0,19097.61021465,19097.710743261
19,0,258573,73230,AlPatch_1_0,19097.61021465,19097.699455145
19,0,258696,70421,AlPatch_0_0,3934.1023211865,3934.1986142109
19,0,258695,70421,AlPatch_0_0,3934.1023211865,3934.1965329234
19,0,259162,61250,AlPatch_2_0,52433.207984994,52433.298872298
19,0,259161,61250,AlPatch_2_0,52433.207984994,52433.299745424
19,0,259584,52389,AlPatch_0_1,113056.67449836,113056.76480449
19,0,259583,52389,AlPatch_0_1,113056.67449836,113056.7616659
19,0,259588,52364,AlPatch_2_0,7950.8027574801,7950.9012438604
19,0,259587,52364,AlPatch_2_0,7950.8027574801,7950.8893247781
19,0,259912,45341,AlPatch_2_0,217517.24536381,217517.34347967
19,0,259911,45341,AlPatch_2_0,217517.24536381,217517.33849282
19,0,259932,45037,AlPatch_1_0,63880.813358408,63880.903330169
19,0,259931,45037,AlPatch_1_0,63880.813358408,63880.903537907
19,0,259958,44414,AlPatch_0_0,89949.351523066,89949.443838585
19,0,259957,44414,AlPatch_0_0,89949.351523066,89949.444078136
19,0,260980,23676,AlPatch_1_1,2205.8991429312,2205.9985335884
19,0,260979,23676,AlPatch_1_1,2205.8991429312,2205.9866436998
19,0,261324,16133,AlPatch_2_1,18691.044435444,18691.138216523
19,0,261323,16133,AlPatch_2_1,18691.044435444,18691.133625613
19,0,261346,15708,AlPatch_2_0,2723.111072321,2723.202042253
19,0,261345,15708,AlPatch_2_0,2723.111072321,2723.2107021509
19,0,261586,10703,AlPatch_1_0,56947.208862277,56947.29842483
19,0,261585,10703,AlPatch_1_0,56947.208862277,56947.299102543
19,0,261770,6791,AlPatch_2_0,83327.286330563,83327.390388109
19,0,261769,6791,AlPatch_2_0,83327.286330563,83327.377974353
1,0,250148,246352,AlPatch_2_0,73677.866141328,73677.956818001
1,0,250147,246352,AlPatch_2_0,73677.866141328,73677.961586521
1,0,250366,242762,AlPatch_1_1,9693.1826964971,9693.268501856
1,0,250365,242762,AlPatch_1_1,9693.1826964971,9693.2705043437
1,0,250458,239902,AlPatch_0_0,65902.992450602,65903.091093132
1,0,250457,239902,AlPatch_0_0,65902.992450602,65903.093745727
1,0,250538,238133,AlPatch_2_0,12265.009874421,12265.098716335
1,0,250537,238133,AlPatch_2_0,12265.009874421,12265.104124668
1,0,250638,236479,AlPatch_0_0,43220.732014304,43220.820838239
1,0,250637,236479,AlPatch_0_0,43220.732014304,43220.820797495
1,0,250786,232684,AlPatch_2_0,464.71828863726,464.8071248202
1,0,250785,232684,AlPatch_2_0,464.71828863726,464.82039385064
1,0,251306,221808,AlPatch_1_1,7120.2067999655,7120.3081989486
1,0,251305,221808,AlPatch_1_1,7120.2067999655,7120.3046397621
1,0,251392,220294,AlPatch_2_1,72931.096760856,72931.190953069
1,0,251391,220294,AlPatch_2_1,72931.096760856,72931.190051258
1,0,251730,213181,AlPatch_0_0,16672.075945647,16672.17116131
1,0,251729,213181,AlPatch_0_0,16672.075945647,16672.174140068
1,0,251740,212820,AlPatch_2_0,49576.957148607,49577.05618128
1,0,251739,212820,AlPatch_2_0,49576.957148607,49577.045889934
1,0,251756,212660,AlPatch_2_1,6625.8029067633,6625.897462874
1,0,251755,212660,AlPatch_2_1,6625.8029067633,6625.8965077781
1,0,251894,209468,AlPatch_1_0,119189.92113164,119190.0103478
1,0,251893,209468,AlPatch_1_0,119189.92113164,119190.0073837
1,0,251956,208226,AlPatch_2_0,269.80713609776,269.89248628956
1,0,251955,208226,AlPatch_2_0,269.80713609776,269.90492591756
1,0,252066,205801,AlPatch_2_1,18299.626927223,18299.71486012
1,0,252065,205801,AlPatch_2_1,18299.626927223,18299.715158367
1,0,252098,205359,AlPatch_2_1,44781.355319689,44781.456500008
1,0,252097,205359,AlPatch_2_1,44781.355319689,44781.442101967
1,0,252394,199149,AlPatch_1_1,177872.88738068,177872.97782871
1,0,252393,199149,AlPatch_1_1,177872.88738068,177872.98508625
1,0,252604,195110,AlPatch_0_0,42505.581094133,42505.680167758
1,0,252603,195110,AlPatch_0_0,42505.581094133,42505.677227005
1,0,252824,190187,AlPatch_2_1,1616.612381413,1616.7086252325
1,0,252823,190187,AlPatch_2_1,1616.612381413,1616.7044482644
1,0,252998,186404,AlPatch_1_0,69166.787371153,69166.876455826
1,0,252997,186404,AlPatch_1_0,69166.787371153,69166.886096052
1,0,253092,184635,AlPatch_2_0,24956.921922766,24957.023597464
1,0,253091,184635,AlPatch_2_0,24956.921922766,24957.024346498
1,0,253280,180603,AlPatch_1_1,42325.882171264,42325.974191591
1,0,253279,180603,AlPatch_1_1,42325.882171264,42325.972142615
1,0,253314,180070,AlPatch_2_0,63278.733252766,63278.824941241
1,0,253313,180070,AlPatch_2_0,63278.733252766,63278.832747335
1,0,253362,179404,AlPatch_1_0,29752.423936096,29752.521318691
1,0,253361,179404,AlPatch_1_0,29752.423936096,29752.517754925
1,0,253582,174753,AlPatch_1_0,3753.5125165295,3753.6147618597
1,0,253581,174753,AlPatch_1_0,3753.5125165295,3753.5999535484
1,0,253676,172814,AlPatch_1_1,25412.726304597,25412.819073229
1,0,253675,172814,AlPatch_1_1,25412.726304597,25412.819963872
1,0,254000,165966,AlPatch_2_0,21782.116018066,21782.210886153
1,0,253999,165966,AlPatch_2_0,21782.116018066,21782.211333286
1,0,254096,164494,AlPatch_0_1,14730.481242536,14730.573454601
1,0,254095,164494,AlPatch_0_1,14730.481242536,14730.579050615
1,0,254244,161214,AlPatch_1_1,49371.66674207,49371.758318626
1,0,254243,161214,AlPatch_1_1,49371.66674207,49371.765991859
1,0,254260,160971,AlPatch_0_0,21194.546178471,21194.637690752
1,0,254259,160971,AlPatch_0_0,21194.546178471,21194.64262516
1,0,254592,154824,AlPatch_2_0,36989.11473523,36989.206729337
1,0,254591,154824,AlPatch_2_0,36989.11473523,36989.203524208
1,0,254808,150012,AlPatch_0_1,81023.456810174,81023.54269
1,0,254807,150012,AlPatch_0_1,81023.456810174,81023.54945688
1,0,255114,143108,AlPatch_0_1,3650.7808873896,3650.8785431719
1,0,255113,143108,AlPatch_0_1,3650.7808873896,3650.8744970649
1,0,255284,139213,AlPatch_2_0,86223.712388669,86223.810973281
1,0,255283,139213,AlPatch_2_0,86223.712388669,86223.800372613
1,0,255340,137982,AlPatch_1_0,16174.766533306,16174.859247943
1,0,255339,137982,AlPatch_1_0,16174.766533306,16174.861662349
1,0,255358,137477,AlPatch_2_0,8444.8971092009,8444.9891125015
1,0,255357,137477,AlPatch_2_0,8444.8971092009,8444.9853750969
1,0,255518,134237,AlPatch_1_1,41302.850513547,41302.941087382
1,0,255517,134237,AlPatch_1_1,41302.850513547,41302.939865558
1,0,255646,131866,AlPatch_2_1,73641.017062063,73641.105720895
1,0,255645,131866,AlPatch_2_1,73641.017062063,73641.105272895
1,0,255942,125500,AlPatch_0_1,13087.164377277,13087.267712437
1,0,255941,125500,AlPatch_0_1,13087.164377277,13087.258395037
1,0,255962,125036,AlPatch_2_0,66003.468332709,66003.57124692
1,0,255961,125036,AlPatch_2_0,66003.468332709,66003.570763715
1,0,255982,124706,AlPatch_0_1,13899.10887975,13899.200741348
1,0,255981,124706,AlPatch_0_1,13899.10887975,13899.205468947
1,0,256648,110762,AlPatch_1_0,86544.634144378,86544.722393449
1,0,256647,110762,AlPatch_1_0,86544.634144378,86544.734269726
1,0,256878,104430,AlPatch_1_1,48919.186369806,48919.27278132
1,0,256877,104430,AlPatch_1_1,48919.186369806,48919.279153718
1,0,257226,97144,AlPatch_0_0,35862.336365722,35862.423756873
1,0,257225,97144,AlPatch_0_0,35862.336365722,35862.436914288
1,0,257400,93282,AlPatch_0_0,33450.311318452,33450.404178812
1,0,257399,93282,AlPatch_0_0,33450.311318452,33450.410242159
1,0,257528,91039,AlPatch_0_0,162719.08491033,162719.17073876
1,0,257527,91039,AlPatch_0_0,162719.08491033,162719.17180609
1,0,257614,89204,AlPatch_2_1,482.59591313163,482.68931276415
1,0,257613,89204,AlPatch_2_1,482.59591313163,482.69307744907
1,0,257892,83349,AlPatch_1_0,19989.352343657,19989.450105005
1,0,257891,83349,AlPatch_1_0,19989.352343657,19989.448160088
1,0,258110,78573,AlPatch_0_0,21790.301391712,21790.405958062
1,0,258109,78573,AlPatch_0_0,21790.301391712,21790.391947953
1,0,258508,70773,AlPatch_0_1,76344.676876973,76344.771453789
1,0,258507,70773,AlPatch_0_1,76344.676876973,76344.773093645
1,0,258662,67763,AlPatch_0_0,46725.322463178,46725.42052189
1,0,258661,67763,AlPatch_0_0,46725.322463178,46725.41935644
1,0,258760,65830,AlPatch_2_1,13773.323219875,13773.413657947
1,0,258759,65830,AlPatch_2_1,13773.323219875,13773.412785747
1,0,259418,51742,AlPatch_1_1,99504.081777138,99504.171749183
1,0,259417,51742,AlPatch_1_1,99504.081777138,99504.172044919
1,0,259544,48607,AlPatch_2_0,62120.346139239,62120.440340387
1,0,259543,48607,AlPatch_2_0,62120.346139239,62120.447527019
1,0,259678,46028,AlPatch_0_1,69202.855149888,69202.941318414
1,0,259677,46028,AlPatch_0_1,69202.855149888,69202.941572311
1,0,259728,45158,AlPatch_2_1,34273.591702648,34273.686800147
1,0,259727,45158,AlPatch_2_1,34273.591702648,34273.68474206
1,0,259740,45002,AlPatch_0_1,112585.36021571,112585.44777998
1,0,259739,45002,AlPatch_0_1,112585.36021571,112585.44872407
1,0,259958,39785,AlPatch_1_1,41012.588921465,41012.678845207
1,0,259957,39785,AlPatch_1_1,41012.588921465,41012.67935582
1,0,260198,34156,AlPatch_2_1,7307.3726771295,7307.46730963
1,0,260197,34156,AlPatch_2_1,7307.3726771295,7307.4685297647
1,0,260234,33492,AlPatch_2_0,87676.597234438,87676.691961073
1,0,260233,33492,AlPatch_2_0,87676.597234438,87676.691611974
1,0,260360,30750,AlPatch_2_1,62404.006544138,62404.098741361
1,0,260359,30750,AlPatch_2_1,62404.006544138,62404.10316659
1,0,260488,27926,AlPatch_1_0,11155.947543854,11156.044929605
1,0,260487,27926,AlPatch_1_0,11155.947543854,11156.034163592
1,0,260602,25427,AlPatch_0_1,19096.192674144,19096.278001301
1,0,260601,25427,AlPatch_0_1,19096.192674144,19096.282304409
1,0,260750,22329,AlPatch_0_0,26732.870720026,26732.959362432
1,0,260749,22329,AlPatch_0_0,26732.870720026,26732.957851389
1,0,261088,15328,AlPatch_1_0,47904.044586871,47904.135352233
1,0,261087,15328,AlPatch_1_0,47904.044586871,47904.141692663
2,0,250114,247261,AlPatch_0_1,18062.603456888,18062.705449516
2,0,250113,247261,AlPatch_0_1,18062.603456888,18062.697824505
2,0,250138,246684,AlPatch_0_1,30325.436688038,30325.536696361
2,0,250137,246684,AlPatch_0_1,30325.436688038,30325.526388508
2,0,250192,245669,AlPatch_1_0,1432.0268947625,1432.1160392418
2,0,250191,245669,AlPatch_1_0,1432.0268947625,1432.1192452887
2,0,250200,245437,AlPatch_0_1,60314.346196501,60314.450606332
2,0,250199,245437,AlPatch_0_1,60314.346196501,60314.432988004
2,0,250564,238505,AlPatch_1_0,20615.668554009,20615.758166308
2,0,250563,238505,AlPatch_1_0,20615.668554009,20615.76009072
2,0,250734,235284,AlPatch_1_1,59558.557837725,59558.658753809
2,0,250733,235284,AlPatch_1_1,59558.557837725,59558.647192091
2,0,250796,233818,AlPatch_0_1,34966.886547854,34966.990462271
2,0,250795,233818,AlPatch_0_1,34966.886547854,34966.977360709
2,0,250884,231634,AlPatch_0_1,67790.023947629,67790.121857961
2,0,250883,231634,AlPatch_0_1,67790.023947629,67790.116969347
2,0,251000,229092,AlPatch_1_1,134286.04979784,134286.13545869
2,0,250999,229092,AlPatch_1_1,134286.04979784,134286.14449554
2,0,251010,228908,AlPatch_0_0,105892.13040659,105892.22442439
2,0,251009,228908,AlPatch_0_0,105892.13040659,105892.22492972
2,0,251068,227758,AlPatch_0_0,8514.824843701,8514.9252126175
2,0,251067,227758,AlPatch_0_0,8514.824843701,8514.9122519377
2,0,251536,218751,AlPatch_2_0,17048.446684064,17048.533091686
2,0,251535,218751,AlPatch_2_0,17048.446684064,17048.53552241
2,0,251574,218071,AlPatch_1_1,51649.224132523,51649.318722639
2,0,251573,218071,AlPatch_1_1,51649.224132523,51649.313422775
2,0,251642,216532,AlPatch_0_0,6666.7043037095,6666.7939639707
2,0,251641,216532,AlPatch_0_0,6666.7043037095,6666.791828124
2,0,251846,212114,AlPatch_1_1,14749.284611161,14749.374578019
2,0,251845,212114,AlPatch_1_1,14749.284611161,14749.376550956
2,0,251936,210553,AlPatch_1_1,63273.359595368,63273.445378301
2,0,251935,210553,AlPatch_1_1,63273.359595368,63273.447805846
2,0,252208,204201,AlPatch_1_0,21826.96076143,21827.06300333
2,0,252207,204201,AlPatch_1_0,21826.96076143,21827.058685289
2,0,252494,198602,AlPatch_2_1,29356.088613333,29356.176281194
2,0,252493,198602,AlPatch_2_1,29356.088613333,29356.180075509
2,0,252518,198355,AlPatch_0_1,3835.0219907936,3835.1119802308
2,0,252517,198355,AlPatch_0_1,3835.0219907936,3835.1081956637
2,0,252610,196263,AlPatch_1_0,87704.512561796,87704.599216729
2,0,252609,196263,AlPatch_1_0,87704.512561796,87704.598677427
2,0,252846,191177,AlPatch_2_0,1677.9841573483,1678.0699989835
2,0,252845,191177,AlPatch_2_0,1677.9841573483,1678.0725922789
2,0,253540,177841,AlPatch_2_1,58584.26989888,58584.360658456
2,0,253539,177841,AlPatch_2_1,58584.26989888,58584.355909818
2,0,253556,177512,AlPatch_1_0,14298.22038724,14298.308868339
2,0,253555,177512,AlPatch_1_0,14298.22038724,14298.320869915
2,0,253880,170635,AlPatch_2_1,41407.828679012,41407.921436287
2,0,253879,170635,AlPatch_2_1,41407.828679012,41407.925704559
2,0,254066,166561,AlPatch_1_0,707.13573169591,707.23912019406
2,0,254065,166561,AlPatch_1_0,707.13573169591,707.22196680661
2,0,254226,163390,AlPatch_2_1,10485.236153027,10485.340275658
2,0,254225,163390,AlPatch_2_1,10485.236153027,10485.334493979
2,0,254228,163333,AlPatch_0_1,144436.28582643,144436.37699155
2,0,254227,163333,AlPatch_0_1,144436.28582643,144436.37229212
2,0,254484,158073,AlPatch_1_1,138089.21900373,138089.30542791
2,0,254483,158073,AlPatch_1_1,138089.21900373,138089.30506878
2,0,254910,149697,AlPatch_0_0,25003.526351903,25003.615649256
2,0,254909,149697,AlPatch_0_0,25003.526351903,25003.615665467
2,0,255112,144937,AlPatch_1_1,115981.33151433,115981.43650002
2,0,255111,144937,AlPatch_1_1,115981.33151433,115981.42049529
2,0,255132,144402,AlPatch_1_1,6492.5179231205,6492.6159677513
2,0,255131,144402,AlPatch_1_1,6492.5179231205,6492.6104740028
2,0,255250,142019,AlPatch_1_0,93033.56612039,93033.65837357
2,0,255249,142019,AlPatch_1_0,93033.56612039,93033.65872307
2,0,255672,132691,AlPatch_2_0,8214.5941182294,8214.687803969
2,0,255671,132691,AlPatch_2_0,8214.5941182294,8214.6971479691
2,0,255704,131743,AlPatch_2_1,2082.0865904858,2082.1760257554
2,0,255703,131743,AlPatch_2_1,2082.0865904858,2082.1750608066
2,0,255872,127866,AlPatch_1_1,25015.940163514,25016.032424006
2,0,255871,127866,AlPatch_1_1,25015.940163514,25016.033454033
2,0,255918,126863,AlPatch_2_0,9153.5297821893,9153.6255052279
2,0,255917,126863,AlPatch_2_0,9153.5297821893,9153.6234217623
2,0,256342,119054,AlPatch_0_1,9134.8852866734,9134.9857978343
2,0,256341,119054,AlPatch_0_1,9134.8852866734,9134.9843652647
2,0,256582,113561,AlPatch_1_1,6887.1948536084,6887.280401647
2,0,256581,113561,AlPatch_1_1,6887.1948536084,6887.2956687281
2,0,256804,108511,AlPatch_0_0,7682.5014599162,7682.5974872052
2,0,256803,108511,AlPatch_0_0,7682.5014599162,7682.5964509338
2,0,256908,106694,AlPatch_0_0,32874.676494716,32874.780808984
2,0,256907,106694,AlPatch_0_0,32874.676494716,32874.762077276
2,0,256918,106638,AlPatch_2_1,69283.600796584,69283.702505868
2,0,256917,106638,AlPatch_2_1,69283.600796584,69283.697219559
2,0,256986,105128,AlPatch_1_0,4729.1516440023,4729.2411551685
2,0,256985,105128,AlPatch_1_0,4729.1516440023,4729.2477710695
2,0,257180,101207,AlPatch_1_0,55395.882629315,55395.978712882
2,0,257179,101207,AlPatch_1_0,55395.882629315,55395.968452171
2,0,257364,97511,AlPatch_1_1,21596.466067057,21596.552387787
2,0,257363,97511,AlPatch_1_1,21596.466067057,21596.566827101
2,0,258178,79903,AlPatch_1_1,43715.17365295,43715.26254591
2,0,258177,79903,AlPatch_1_1,43715.17365295,43715.265056403
2,0,258232,78589,AlPatch_0_1,15584.107277658,15584.19910346
2,0,258231,78589,AlPatch_0_1,15584.107277658,15584.207027778
2,0,258292,77680,AlPatch_2_1,41314.228574591,41314.319635155
2,0,258291,77680,AlPatch_2_1,41314.228574591,41314.318154048
2,0,258474,74261,AlPatch_2_0,2251.518096876,2251.609593275
2,0,258473,74261,AlPatch_2_0,2251.518096876,2251.6163719523
2,0,258508,73537,AlPatch_1_0,9699.4660798034,9699.5680461422
2,0,258507,73537,AlPatch_1_0,9699.4660798034,9699.5524368308
2,0,258662,70422,AlPatch_0_0,37110.363719434,37110.459160015
2,0,258661,70422,AlPatch_0_0,37110.363719434,37110.456053879
2,0,258866,66767,AlPatch_0_1,61414.563539103,61414.65179378
2,0,258865,66767,AlPatch_0_1,61414.563539103,61414.663432495
2,0,259052,62404,AlPatch_2_0,254.86928132874,254.9570100685
2,0,259051,62404,AlPatch_2_0,254.86928132874,254.95735793285
2,0,260062,41527,AlPatch_0_1,25598.645567205,25598.743944741
2,0,260061,41527,AlPatch_0_1,25598.645567205,25598.73260517
2,0,260442,34630,AlPatch_1_1,47187.889902731,47187.981892159
2,0,260441,34630,AlPatch_1_1,47187.889902731,47187.978997383
2,0,260682,29797,AlPatch_0_0,32537.738670353,32537.839558003
2,0,260681,29797,AlPatch_0_0,32537.738670353,32537.837233353
2,0,260810,27070,AlPatch_0_0,31258.334917529,31258.430831527
2,0,260809,27070,AlPatch_0_0,31258.334917529,31258.426307358
2,0,261280,17706,AlPatch_2_1,469.9099114653,469.99962977456
2,0,261279,17706,AlPatch_2_1,469.9099114653,469.99625594177
2,0,261420,14574,AlPatch_2_1,19253.603427471,19253.70439203
2,0,261419,14574,AlPatch_2_1,19253.603427471,19253.701783426
2,0,261868,5699,AlPatch_1_0,17978.771874614,17978.859783548
2,0,261867,5699,AlPatch_1_0,17978.771874614,17978.874163483
2,0,261896,5266,AlPatch_2_0,25034.87366622,25034.967989907
2,0,261895,5266,AlPatch_2_0,25034.87366622,25034.967949054
2,0,262052,1614,AlPatch_1_0,38101.556616238,38101.649830706
2,0,262051,1614,AlPatch_1_0,38101.556616238,38101.651329634
3,0,250244,245351,AlPatch_2_0,4863.6363354781,4863.730952661
3,0,250243,245351,AlPatch_2_0,4863.6363354781,4863.7316410857
3,0,251568,215950,AlPatch_2_0,82848.415903809,82848.51099008
3,0,251567,215950,AlPatch_2_0,82848.415903809,82848.515604874
3,0,251674,213946,AlPatch_2_1,55186.085331667,55186.171434752
3,0,251673,213946,AlPatch_2_1,55186.085331667,55186.19253337
3,0,251690,213555,AlPatch_2_1,78505.740348927,78505.825994593
3,0,251689,213555,AlPatch_2_1,78505.740348927,78505.826284404
3,0,251798,210837,AlPatch_1_1,16787.855939333,16787.945179028
3,0,251797,210837,AlPatch_1_1,16787.855939333,16787.958520508
3,0,252022,206290,AlPatch_0_0,82976.446183929,82976.547910485
3,0,252021,206290,AlPatch_0_0,82976.446183929,82976.532456311
3,0,252180,203564,AlPatch_2_1,37034.071546961,37034.158933964
3,0,252179,203564,AlPatch_2_1,37034.071546961,37034.163827125
3,0,252280,201289,AlPatch_0_0,82366.992784613,82367.087533616
3,0,252279,201289,AlPatch_0_0,82366.992784613,82367.086781025
3,0,252350,199766,AlPatch_0_1,60824.058831367,60824.153600053
3,0,252349,199766,AlPatch_0_1,60824.058831367,60824.161251868
3,0,252364,199630,AlPatch_2_1,37075.695681878,37075.797941882
3,0,252363,199630,AlPatch_2_1,37075.695681878,37075.798039933
3,0,252390,198965,AlPatch_0_0,5695.2176894574,5695.3043888527
3,0,252389,198965,AlPatch_0_0,5695.2176894574,5695.3192682834
3,0,252522,196334,AlPatch_2_0,929.70474284849,929.79148707443
3,0,252521,196334,AlPatch_2_0,929.70474284849,929.79159205158
3,0,252704,192690,AlPatch_0_0,6219.2329392508,6219.3266789698
3,0,252703,192690,AlPatch_0_0,6219.2329392508,6219.3235000918
3,0,252830,190007,AlPatch_2_0,10577.698793057,10577.797219722
3,0,252829,190007,AlPatch_2_0,10577.698793057,10577.787138695
3,0,253378,178215,AlPatch_0_1,12299.623273116,12299.722787507
3,0,253377,178215,AlPatch_0_1,12299.623273116,12299.72302989
3,0,253456,176366,AlPatch_2_1,6478.4857657108,6478.583480841
3,0,253455,176366,AlPatch_2_1,6478.4857657108,6478.5761956383
3,0,253556,174731,AlPatch_1_1,55543.585646002,55543.674058368
3,0,253555,174731,AlPatch_1_1,55543.585646002,55543.673950929
3,0,253876,167996,AlPatch_0_0,105462.77756282,105462.8642456
3,0,253875,167996,AlPatch_0_0,105462.77756282,105462.86340756
3,0,254090,164339,AlPatch_2_1,14060.997690427,14061.08332398
3,0,254089,164339,AlPatch_2_1,14060.997690427,14061.101836446
3,0,254094,164310,AlPatch_1_1,47500.066972715,47500.169886746
3,0,254093,164310,AlPatch_1_1,47500.066972715,47500.156247733
3,0,254260,160119,AlPatch_1_1,32081.728191187,32081.82970421
3,0,254259,160119,AlPatch_1_1,32081.728191187,32081.82351787
3,0,254276,159824,AlPatch_1_0,61064.665044175,61064.758640438
3,0,254275,159824,AlPatch_1_0,61064.665044175,61064.754940259
3,0,254476,156244,AlPatch_0_1,79828.107901952,79828.207224637
3,0,254475,156244,AlPatch_0_1,79828.107901952,79828.199979718
3,0,254534,155133,AlPatch_0_1,23961.424746964,23961.514168868
3,0,254533,155133,AlPatch_0_1,23961.424746964,23961.516026907
3,0,254648,152597,AlPatch_0_0,24957.603607734,24957.691691018
3,0,254647,152597,AlPatch_0_0,24957.603607734,24957.70333754
3,0,254668,151991,AlPatch_2_1,25037.308920551,25037.408724121
3,0,254667,151991,AlPatch_2_1,25037.308920551,25037.409626966
3,0,254726,150762,AlPatch_0_1,37734.528867867,37734.616714013
3,0,254725,150762,AlPatch_0_1,37734.528867867,37734.618841259
3,0,255084,144577,AlPatch_0_1,4491.6453728129,4491.7332930893
3,0,255083,144577,AlPatch_0_1,4491.6453728129,4491.740908581
3,0,255280,140504,AlPatch_1_0,1316.3535309581,1316.4445487695
3,0,255279,140504,AlPatch_1_0,1316.3535309581,1316.4531620007
3,0,255374,138096,AlPatch_2_1,9571.5550565395,9571.6423809293
3,0,255373,138096,AlPatch_2_1,9571.5550565395,9571.6543720404
3,0,255604,133085,AlPatch_0_0,8054.1576526279,8054.2552136358
3,0,255603,133085,AlPatch_0_0,8054.1576526279,8054.2511961722
3,0,255674,131930,AlPatch_0_1,135579.90889299,135580.00830057
3,0,255673,131930,AlPatch_0_1,135579.90889299,135580.0072388
3,0,255694,131464,AlPatch_1_1,21366.330199886,21366.423404066
3,0,255693,131464,AlPatch_1_1,21366.330199886,21366.421270031
3,0,255720,130908,AlPatch_0_0,33081.974729394,33082.070450498
3,0,255719,130908,AlPatch_0_0,33081.974729394,33082.069859473
3,0,255846,128368,AlPatch_2_0,52130.231943325,52130.328779935
3,0,255845,128368,AlPatch_2_0,52130.231943325,52130.328622431
3,0,256070,124523,AlPatch_0_1,25115.790467126,25115.885724762
3,0,256069,124523,AlPatch_0_1,25115.790467126,25115.882573029
3,0,256304,119548,AlPatch_2_1,3047.9625427245,3048.0535870123
3,0,256303,119548,AlPatch_2_1,3047.9625427245,3048.0511580989
3,0,256772,110523,AlPatch_2_1,12097.694209526,12097.787188468
3,0,256771,110523,AlPatch_2_1,12097.694209526,12097.786840525
3,0,256848,108612,AlPatch_1_0,1647.9169609432,1648.0030716581
3,0,256847,108612,AlPatch_1_0,1647.9169609432,1648.0027682091
3,0,257434,97449,AlPatch_2_0,70956.734842388,70956.831318296
3,0,257433,97449,AlPatch_2_0,70956.734842388,70956.828690686
3,0,257660,93116,AlPatch_0_1,60944.09153631,60944.182190683
3,0,257659,93116,AlPatch_0_1,60944.09153631,60944.192928441
3,0,257950,87892,AlPatch_0_1,59738.310174982,59738.400106737
3,0,257949,87892,AlPatch_0_1,59738.310174982,59738.400027516
3,0,258684,72690,AlPatch_1_1,34736.795124637,34736.889353809
3,0,258683,72690,AlPatch_1_1,34736.795124637,34736.886255434
3,0,258838,69145,AlPatch_0_0,8464.1024385103,8464.1903390421
3,0,258837,69145,AlPatch_0_0,8464.1024385103,8464.1901611338
3,0,258954,67176,AlPatch_2_1,11626.656050351,11626.747583566
3,0,258953,67176,AlPatch_2_1,11626.656050351,11626.743667455
3,0,259096,64783,AlPatch_2_0,38422.475611134,38422.568906993
3,0,259095,64783,AlPatch_2_0,38422.475611134,38422.567525886
3,0,259596,54228,AlPatch_0_0,13259.019495572,13259.117413218
3,0,259595,54228,AlPatch_0_0,13259.019495572,13259.11227136
3,0,259638,53474,AlPatch_2_0,921.82365094323,921.917826061
3,0,259637,53474,AlPatch_2_0,921.82365094324,921.92079279262
3,0,259676,52701,AlPatch_0_1,21849.411495994,21849.501153239
3,0,259675,52701,AlPatch_0_1,21849.411495994,21849.497652278
3,0,259784,50697,AlPatch_2_0,30136.18600012,30136.273602839
3,0,259783,50697,AlPatch_2_0,30136.18600012,30136.273446248
3,0,259850,49336,AlPatch_0_0,18658.807832784,18658.902990963
3,0,259849,49336,AlPatch_0_0,18658.807832784,18658.907224764
3,0,260016,46105,AlPatch_0_0,24359.180403686,24359.273714501
3,0,260015,46105,AlPatch_0_0,24359.180403686,24359.27473757
3,0,260380,37657,AlPatch_2_1,130219.69189353,130219.77811816
3,0,260379,37657,AlPatch_2_1,130219.69189353,130219.79556726
3,0,260720,31441,AlPatch_2_0,9421.9371731718,9422.0342856539
3,0,260719,31441,AlPatch_2_0,9421.9371731718,9422.0244587626
3,0,260888,27777,AlPatch_2_1,8425.6599069192,8425.7465037081
3,0,260887,27777,AlPatch_2_1,8425.6599069192,8425.7471689997
3,0,261940,4809,AlPatch_2_1,3877.6533954687,3877.7387705743
3,0,261939,4809,AlPatch_2_1,3877.6533954687,3877.7565033953
3,0,262026,3386,AlPatch_0_1,140485.35050491,140485.45050156
3,0,262025,3386,AlPatch_0_1,140485.35050491,140485.43622235
3,0,262150,810,AlPatch_0_0,21382.991604851,21383.079702598
3,0,262149,810,AlPatch_0_0,21382.991604852,21383.080547965
3,0,262164,520,AlPatch_2_0,1297.5744562541,1297.6734013654
3,0,262163,520,AlPatch_2_0,1297.5744562541,1297.6654865042
4,0,250224,245325,AlPatch_0_0,10288.218349282,10288.324806791
4,0,250223,245325,AlPatch_0_0,10288.218349282,10288.309803179
4,0,250540,239280,AlPatch_0_0,43515.707956136,43515.803687567
4,0,250539,239280,AlPatch_0_0,43515.707956136,43515.800659483
4,0,250690,236322,AlPatch_2_0,53910.151730249,53910.242309806
4,0,250689,236322,AlPatch_2_0,53910.151730249,53910.248361727
4,0,250726,235973,AlPatch_0_0,78295.330899834,78295.423329454
4,0,250725,235973,AlPatch_0_0,78295.330899834,78295.42097038
4,0,252050,209540,AlPatch_0_0,82890.233575311,82890.332029715
4,0,252049,209540,AlPatch_0_0,82890.233575311,82890.321667269
4,0,252088,208537,AlPatch_0_1,17076.608260952,17076.707215209
4,0,252087,208537,AlPatch_0_1,17076.608260952,17076.702157472
4,0,252252,204525,AlPatch_0_0,2900.1972225549,2900.2873183046
4,0,252251,204525,AlPatch_0_0,2900.1972225549,2900.3019869359
4,0,252414,201417,AlPatch_1_0,2941.5751040498,2941.6609453411
4,0,252413,201417,AlPatch_1_0,2941.5751040498,2941.6605686679
4,0,252790,194191,AlPatch_2_0,904.62107571736,904.71848714912
4,0,252789,194191,AlPatch_2_0,904.62107571736,904.72171375273
4,0,252946,190938,AlPatch_1_0,15381.159666706,15381.265338274
4,0,252945,190938,AlPatch_1_0,15381.159666706,15381.258246535
4,0,253154,187233,AlPatch_0_0,5125.7975959501,5125.8903507231
4,0,253153,187233,AlPatch_0_0,5125.7975959501,5125.8954241966
4,0,253286,184667,AlPatch_0_0,31114.839691931,31114.938339474
4,0,253285,184667,AlPatch_0_0,31114.839691931,31114.934468123
4,0,253526,179606,AlPatch_2_1,50922.071860587,50922.166993163
4,0,253525,179606,AlPatch_2_1,50922.071860587,50922.161999184
4,0,253584,178680,AlPatch_1_1,10725.094306735,10725.190933387
4,0,253583,178680,AlPatch_1_1,10725.094306735,10725.17991257
4,0,253606,178454,AlPatch_2_1,26599.040269198,26599.134089915
4,0,253605,178454,AlPatch_2_1,26599.040269198,26599.127465382
4,0,253720,176314,AlPatch_0_0,39362.027321383,39362.124912002
4,0,253719,176314,AlPatch_0_0,39362.027321383,39362.117522371
4,0,253934,171151,AlPatch_2_0,38609.781354085,38609.867760551
4,0,253933,171151,AlPatch_2_0,38609.781354085,38609.868064316
4,0,254454,161325,AlPatch_2_1,4739.217650949,4739.3074794517
4,0,254453,161325,AlPatch_2_1,4739.217650949,4739.3066667655
4,0,254524,159892,AlPatch_2_0,23562.896410263,23562.986518413
4,0,254523,159892,AlPatch_2_0,23562.896410263,23562.989928395
4,0,254552,159201,AlPatch_0_0,81636.180118367,81636.272993405
4,0,254551,159201,AlPatch_0_0,81636.180118367,81636.281054506
4,0,254708,156137,AlPatch_2_1,15165.077640668,15165.175906504
4,0,254707,156137,AlPatch_2_1,15165.077640668,15165.175534829
4,0,254778,155045,AlPatch_2_0,660.77558383275,660.87310255124
4,0,254777,155045,AlPatch_2_0,660.77558383275,660.86671252475
4,0,255184,147182,AlPatch_1_1,65218.595040328,65218.686387809
4,0,255183,147182,AlPatch_1_1,65218.595040328,65218.687922378
4,0,255568,139245,AlPatch_1_0,121521.21317173,121521.30871647
4,0,255567,139245,AlPatch_1_0,121521.21317173,121521.30913978
4,0,256454,121532,AlPatch_0_1,39926.507851638,39926.600893753
4,0,256453,121532,AlPatch_0_1,39926.507851638,39926.598115561
4,0,256472,121269,AlPatch_0_1,223348.79228569,223348.87846522
4,0,256471,121269,AlPatch_0_1,223348.79228569,223348.87852868
4,0,256518,120076,AlPatch_2_1,20666.672237762,20666.772400619
4,0,256517,120076,AlPatch_2_1,20666.672237762,20666.760835043
4,0,256712,115138,AlPatch_2_0,5491.7763630912,5491.8791836505
4,0,256711,115138,AlPatch_2_0,5491.7763630912,5491.8624828589
4,0,256730,114761,AlPatch_0_1,14221.853871759,14221.950770114
4,0,256729,114761,AlPatch_0_1,14221.853871759,14221.951341484
4,0,256810,113244,AlPatch_1_0,8287.9943068131,8288.0973866927
4,0,256809,113244,AlPatch_1_0,8287.9943068131,8288.0927798759
4,0,257640,97128,AlPatch_0_0,44411.942366965,44412.042561105
4,0,257639,97128,AlPatch_0_0,44411.942366965,44412.039037255
4,0,257798,94232,AlPatch_2_1,113303.7675953,113303.86079745
4,0,257797,94232,AlPatch_2_1,113303.7675953,113303.86667168
4,0,257996,90634,AlPatch_0_1,10571.486706536,10571.579138116
4,0,257995,90634,AlPatch_0_1,10571.486706536,10571.578230891
4,0,258216,85963,AlPatch_2_1,40389.373305772,40389.476114399
4,0,258215,85963,AlPatch_2_1,40389.373305772,40389.476728546
4,0,258452,81186,AlPatch_1_0,159291.39951953,159291.50415173
4,0,258451,81186,AlPatch_1_0,159291.39951953,159291.48805543
4,0,258694,76474,AlPatch_0_0,79604.308453148,79604.399477036
4,0,258693,76474,AlPatch_0_0,79604.308453148,79604.40192986
4,0,258956,70495,AlPatch_1_1,42754.488616108,42754.581536939
4,0,258955,70495,AlPatch_1_1,42754.488616108,42754.585610625
4,0,259070,67674,AlPatch_2_0,1896.8214152058,1896.9163369952
4,0,259069,67674,AlPatch_2_0,1896.8214152058,1896.9124813778
4,0,259504,59201,AlPatch_0_1,38415.430454111,38415.519499565
4,0,259503,59201,AlPatch_0_1,38415.430454111,38415.519331519
4,0,259518,58891,AlPatch_1_1,30204.08356443,30204.171801149
4,0,259517,58891,AlPatch_1_1,30204.08356443,30204.171389925
4,0,260236,44139,AlPatch_0_1,15530.045751264,15530.140697948
4,0,260235,44139,AlPatch_0_1,15530.045751264,15530.141866554
4,0,260270,43425,AlPatch_1_1,10696.696596373,10696.784096326
4,0,260269,43425,AlPatch_1_1,10696.696596373,10696.784786353
4,0,260312,42569,AlPatch_0_1,36617.698692414,36617.797714197
4,0,260311,42569,AlPatch_0_1,36617.698692414,36617.788647773
4,0,260444,39548,AlPatch_1_0,11375.976080273,11376.067206997
4,0,260443,39548,AlPatch_1_0,11375.976080273,11376.077095359
4,0,261246,23000,AlPatch_2_0,19164.332048049,19164.427126001
4,0,261245,23000,AlPatch_2_0,19164.332048049,19164.422415684
4,0,261488,18035,AlPatch_0_0,3721.6941641578,3721.7852245667
4,0,261487,18035,AlPatch_0_0,3721.6941641578,3721.7866809281
4,0,261814,12071,AlPatch_0_1,35295.388981353,35295.482089288
4,0,261813,12071,AlPatch_0_1,35295.388981353,35295.4825521
4,0,262004,8086,AlPatch_2_1,42792.191253892,42792.286043655
4,0,262003,8086,AlPatch_2_1,42792.191253892,42792.286306607
4,0,262312,1689,AlPatch_1_0,7573.5922847084,7573.6820601678
4,0,262311,1689,AlPatch_1_0,7573.5922847084,7573.6823275052
5,0,250426,241355,AlPatch_0_0,6535.2456662503,6535.3379778893
5,0,250425,241355,AlPatch_0_0,6535.2456662503,6535.3412949402
5,0,250466,240490,AlPatch_2_0,37372.479543573,37372.565723369
5,0,250465,240490,AlPatch_2_0,37372.479543573,37372.58273403
5,0,250506,239679,AlPatch_0_1,39184.414843176,39184.508190001
5,0,250505,239679,AlPatch_0_1,39184.414843176,39184.50686766
5,0,250686,235988,AlPatch_0_1,5794.1867028799,5794.2766458395
5,0,250685,235988,AlPatch_0_1,5794.1867028799,5794.2756795553
5,0,250730,234466,AlPatch_2_0,16143.585145367,16143.67795938
5,0,250729,234466,AlPatch_2_0,16143.585145367,16143.680312057
5,0,250866,231375,AlPatch_1_1,85635.388196689,85635.487783955
5,0,250865,231375,AlPatch_1_1,85635.388196689,85635.476562214
5,0,250882,230990,AlPatch_1_0,6006.7425696191,6006.8393445332
5,0,250881,230990,AlPatch_1_0,6006.7425696191,6006.8387866887
5,0,251230,223227,AlPatch_0_0,8068.2554117752,8068.3488929465
5,0,251229,223227,AlPatch_0_0,8068.2554117752,8068.3510627228
5,0,251574,216498,AlPatch_2_1,64693.822016803,64693.915862222
5,0,251573,216498,AlPatch_2_1,64693.822016803,64693.915975505
5,0,251894,210613,AlPatch_0_1,2767.1995382656,2767.2952018202
5,0,251893,210613,AlPatch_0_1,2767.1995382656,2767.2873070435
5,0,252212,203529,AlPatch_1_1,43471.208244766,43471.306825223
5,0,252211,203529,AlPatch_1_1,43471.208244766,43471.297360417
5,0,252228,203185,AlPatch_2_1,39346.921644771,39347.023946258
5,0,252227,203185,AlPatch_2_1,39346.921644771,39347.009052383
5,0,252834,189126,AlPatch_1_1,218778.98525378,218779.08255449
5,0,252833,189126,AlPatch_1_1,218778.98525378,218779.07720871
5,0,253068,183655,AlPatch_2_1,73814.026779887,73814.113379274
5,0,253067,183655,AlPatch_2_1,73814.026779887,73814.112710974
5,0,253372,177769,AlPatch_2_1,18561.381973393,18561.480048906
5,0,253371,177769,AlPatch_2_1,18561.381973393,18561.472779886
5,0,254100,163417,AlPatch_2_0,95002.258292338,95002.345569983
5,0,254099,163417,AlPatch_2_0,95002.258292338,95002.357014207
5,0,254366,158246,AlPatch_2_1,118004.71441159,118004.80634277
5,0,254365,158246,AlPatch_2_1,118004.71441159,118004.80778121
5,0,254624,152696,AlPatch_2_1,3875.7342688111,3875.8322363536
5,0,254623,152696,AlPatch_2_1,3875.7342688111,3875.8233052335
5,0,254656,151687,AlPatch_0_1,31313.857649404,31313.96048987
5,0,254655,151687,AlPatch_0_1,31313.857649404,31313.948189475
5,0,254942,145594,AlPatch_2_0,23601.779586115,23601.873029453
5,0,254941,145594,AlPatch_2_0,23601.779586115,23601.870902181
5,0,255110,141705,AlPatch_1_0,47297.018654283,47297.120443932
5,0,255109,141705,AlPatch_1_0,47297.018654283,47297.118912625
5,0,255462,134043,AlPatch_1_0,14610.511929398,14610.600225756
5,0,255461,134043,AlPatch_1_0,14610.511929398,14610.60070049
5,0,255480,133699,AlPatch_1_0,185842.46497096,185842.55384195
5,0,255479,133699,AlPatch_1_0,185842.46497096,185842.55462357
5,0,255986,123763,AlPatch_2_1,65984.651304977,65984.736837514
5,0,255985,123763,AlPatch_2_1,65984.651304977,65984.736451366
5,0,256028,122746,AlPatch_1_1,44843.746782895,44843.840403409
5,0,256027,122746,AlPatch_1_1,44843.746782895,44843.839921203
5,0,256284,117463,AlPatch_1_0,102340.51047298,102340.61248085
5,0,256283,117463,AlPatch_1_0,102340.51047298,102340.613688
5,0,256844,107240,AlPatch_0_0,63099.031589155,63099.123991573
5,0,256843,107240,AlPatch_0_0,63099.031589155,63099.127633028
5,0,257074,102407,AlPatch_0_1,4312.6804951575,4312.7785231463
5,0,257073,102407,AlPatch_0_1,4312.6804951575,4312.7793067682
5,0,257196,99071,AlPatch_1_0,38462.853630999,38462.944327434
5,0,257195,99071,AlPatch_1_0,38462.853630999,38462.95396966
5,0,257414,94801,AlPatch_0_0,64957.693397998,64957.78623655
5,0,257413,94801,AlPatch_0_0,64957.693397997,64957.789329099
5,0,257476,93675,AlPatch_0_0,47841.724696633,47841.815402142
5,0,257475,93675,AlPatch_0_0,47841.724696633,47841.815455687
5,0,257746,87994,AlPatch_2_0,1019.614866107,1019.7011599882
5,0,257745,87994,AlPatch_2_0,1019.614866107,1019.7080024369
5,0,257860,85834,AlPatch_0_1,98424.838274742,98424.935373074
5,0,257859,85834,AlPatch_0_1,98424.838274742,98424.938435987
5,0,257868,85415,AlPatch_1_0,152093.87951852,152093.96737478
5,0,257867,85415,AlPatch_1_0,152093.87951852,152093.97371743
5,0,257984,82984,AlPatch_0_1,71076.892778921,71076.982388858
5,0,257983,82984,AlPatch_0_1,71076.892778922,71076.985662908
5,0,258002,82551,AlPatch_2_0,94238.678115643,94238.766345587
5,0,258001,82551,AlPatch_2_0,94238.678115643,94238.768322887
5,0,258144,79589,AlPatch_1_0,7292.9687927702,7293.0683371989
5,0,258143,79589,AlPatch_1_0,7292.9687927702,7293.0613888937
5,0,258196,78787,AlPatch_0_1,74527.356901062,74527.44269542
5,0,258195,78787,AlPatch_0_1,74527.356901062,74527.442534529
5,0,258222,78260,AlPatch_1_1,203444.75685332,203444.85930739
5,0,258221,78260,AlPatch_1_1,203444.75685332,203444.86191921
5,0,258280,77071,AlPatch_0_1,46842.039289753,46842.127184201
5,0,258279,77071,AlPatch_0_1,46842.039289753,46842.127028119
5,0,258350,75567,AlPatch_0_0,19635.546239758,19635.640505972
5,0,258349,75567,AlPatch_0_0,19635.546239758,19635.641676093
5,0,258370,74982,AlPatch_1_0,68431.200800114,68431.293795486
5,0,258369,74982,AlPatch_1_0,68431.200800114,68431.298085648
5,0,258410,74102,AlPatch_2_1,1426.121549225,1426.2099110443
5,0,258409,74102,AlPatch_2_1,1426.121549225,1426.2220984083
5,0,258512,72169,AlPatch_1_0,33942.322518004,33942.413194064
5,0,258511,72169,AlPatch_1_0,33942.322518004,33942.4132471
5,0,258786,67365,AlPatch_2_0,13527.62111301,13527.713577241
5,0,258785,67365,AlPatch_2_0,13527.62111301,13527.716536193
5,0,258904,65162,AlPatch_1_1,53469.075390449,53469.163101811
5,0,258903,65162,AlPatch_1_1,53469.075390449,53469.164521132
5,0,258906,65149,AlPatch_1_1,71312.434742943,71312.534027929
5,0,258905,65149,AlPatch_1_1,71312.434742943,71312.522382215
5,0,258908,65095,AlPatch_0_0,58822.795216094,58822.884333217
5,0,258907,65095,AlPatch_0_0,58822.795216094,58822.900153233
5,0,258968,63567,AlPatch_1_1,42215.843251021,42215.933788653
5,0,258967,63567,AlPatch_1_1,42215.843251021,42215.930272012
5,0,259182,59314,AlPatch_0_1,61924.867505707,61924.957378624
5,0,259181,59314,AlPatch_0_1,61924.867505707,61924.966238578
5,0,259242,57945,AlPatch_2_1,13900.18817661,13900.289711288
5,0,259241,57945,AlPatch_2_1,13900.18817661,13900.274484263
5,0,259632,49889,AlPatch_2_0,1695.2004370546,1695.2929611835
5,0,259631,49889,AlPatch_2_0,1695.2004370546,1695.2887047254
5,0,259688,48301,AlPatch_0_1,47668.899771098,47669.007211031
5,0,259687,48301,AlPatch_0_1,47668.899771098,47668.990294798
5,0,259720,47694,AlPatch_2_0,2765.359457704,2765.4609231778
5,0,259719,47694,AlPatch_2_0,2765.359457704,2765.4461788489
5,0,259814,45309,AlPatch_0_0,36534.287501887,36534.377263047
5,0,259813,45309,AlPatch_0_0,36534.287501887,36534.37685653
5,0,259898,43294,AlPatch_2_0,67495.071064813,67495.158957526
5,0,259897,43294,AlPatch_2_0,67495.071064813,67495.15855289
5,0,260784,25385,AlPatch_0_1,34742.676908475,34742.77824451
5,0,260783,25385,AlPatch_0_1,34742.676908475,34742.77750465
5,0,260852,23797,AlPatch_2_1,54169.700805782,54169.795537021
5,0,260851,23797,AlPatch_2_1,54169.700805782,54169.788342692
5,0,260930,22325,AlPatch_2_1,30619.616840278,30619.715055938
5,0,260929,22325,AlPatch_2_1,30619.616840278,30619.7082528
5,0,261452,10500,AlPatch_0_1,11267.564911377,11267.658632085
5,0,261451,10500,AlPatch_0_1,11267.564911377,11267.653616262
5,0,261520,8629,AlPatch_0_0,23989.561981079,23989.647716964
5,0,261519,8629,AlPatch_0_0,23989.561981079,23989.647379502
5,0,261870,1884,AlPatch_2_1,48718.267705959,48718.357789091
5,0,261869,1884,AlPatch_2_1,48718.267705959,48718.355946698
6,0,250056,248512,AlPatch_2_1,3135.5111888326,3135.5983521595
6,0,250055,248512,AlPatch_2_1,3135.5111888326,3135.5979571524
6,0,250082,247986,AlPatch_1_0,72234.240426979,72234.339912525
6,0,250081,247986,AlPatch_1_0,72234.240426979,72234.329647187
6,0,250236,244958,AlPatch_0_0,9187.9882184429,9188.0852826494
6,0,250235,244958,AlPatch_0_0,9187.9882184429,9188.0823900212
6,0,250410,241832,AlPatch_2_1,506.01808140336,506.1164188015
6,0,250409,241832,AlPatch_2_1,506.01808140336,506.10952467693
6,0,250706,235749,AlPatch_1_1,2072.3516902165,2072.4490053482
6,0,250705,235749,AlPatch_1_1,2072.3516902165,2072.442596862
6,0,250722,235416,AlPatch_1_1,26007.417216023,26007.511106636
6,0,250721,235416,AlPatch_1_1,26007.417216023,26007.514860732
6,0,250842,233554,AlPatch_2_0,700.56643080999,700.65223590458
6,0,250841,233554,AlPatch_2_0,700.56643080999,700.65280515117
6,0,251362,221862,AlPatch_0_1,17597.002673705,17597.096868679
6,0,251361,221862,AlPatch_0_1,17597.002673705,17597.096229369
6,0,251436,220002,AlPatch_1_1,81380.259357512,81380.360425545
6,0,251435,220002,AlPatch_1_1,81380.259357512,81380.36086457
6,0,251692,214290,AlPatch_0_1,41951.145883701,41951.24610807
6,0,251691,214290,AlPatch_0_1,41951.145883701,41951.244967672
6,0,251746,212740,AlPatch_0_0,25258.2703607,25258.363600113
6,0,251745,212740,AlPatch_0_0,25258.2703607,25258.36214135
6,0,252208,204347,AlPatch_0_1,29854.537529527,29854.627640899
6,0,252207,204347,AlPatch_0_1,29854.537529527,29854.634752479
6,0,252318,202294,AlPatch_0_1,3672.6784545105,3672.7789040264
6,0,252317,202294,AlPatch_0_1,3672.6784545105,3672.7695905683
6,0,252412,199912,AlPatch_1_1,115527.25545696,115527.35429776
6,0,252411,199912,AlPatch_1_1,115527.25545696,115527.34389077
6,0,252686,194529,AlPatch_0_0,20622.799217678,20622.885109509
6,0,252685,194529,AlPatch_0_0,20622.799217678,20622.901338204
6,0,252796,192355,AlPatch_1_0,30419.405039348,30419.503424739
6,0,252795,192355,AlPatch_1_0,30419.405039348,30419.504421781
6,0,253198,183124,AlPatch_2_1,93184.740938983,93184.827725045
6,0,253197,183124,AlPatch_2_1,93184.740938983,93184.843633073
6,0,253504,176112,AlPatch_2_1,4579.3077694804,4579.394409093
6,0,253503,176112,AlPatch_2_1,4579.3077694804,4579.4002401782
6,0,253666,172910,AlPatch_1_0,52802.639455648,52802.725338847
6,0,253665,172910,AlPatch_1_0,52802.639455648,52802.72656001
6,0,253926,167011,AlPatch_0_0,44654.734905572,44654.827542984
6,0,253925,167011,AlPatch_0_0,44654.734905572,44654.837392719
6,0,254234,160909,AlPatch_1_1,31094.925059971,31095.015883079
6,0,254233,160909,AlPatch_1_1,31094.925059971,31095.023590755
6,0,254306,159352,AlPatch_0_0,18844.363928713,18844.451827191
6,0,254305,159352,AlPatch_0_0,18844.363928713,18844.464788859
6,0,254320,159066,AlPatch_1_0,14620.559147335,14620.645374687
6,0,254319,159066,AlPatch_1_0,14620.559147335,14620.653737799
6,0,254506,155122,AlPatch_2_0,24758.777559372,24758.868220483
6,0,254505,155122,AlPatch_2_0,24758.777559372,24758.876688859
6,0,254540,154334,AlPatch_1_1,119752.53396673,119752.63337984
6,0,254539,154334,AlPatch_1_1,119752.53396673,119752.63624234
6,0,255010,144488,AlPatch_2_0,1061.9848847107,1062.0715933013
6,0,255009,144488,AlPatch_2_0,1061.9848847107,1062.0756389699
6,0,255638,131295,AlPatch_1_0,1639.7215321318,1639.8132233489
6,0,255637,131295,AlPatch_1_0,1639.7215321318,1639.8118851108
6,0,255710,130003,AlPatch_2_1,107058.87293705,107058.97727319
6,0,255709,130003,AlPatch_2_1,107058.87293705,107058.96265883
6,0,255712,129990,AlPatch_0_1,208168.72652349,208168.81220486
6,0,255711,129990,AlPatch_0_1,208168.72652349,208168.8119401
6,0,255910,125717,AlPatch_1_0,29804.583797821,29804.674724071
6,0,255909,125717,AlPatch_1_0,29804.583797821,29804.678676715
6,0,256122,121067,AlPatch_2_0,253.47352187597,253.56426607041
6,0,256121,121067,AlPatch_2_0,253.47352187597,253.57480822688
6,0,256160,120140,AlPatch_0_0,31932.792053336,31932.877477697
6,0,256159,120140,AlPatch_0_0,31932.792053336,31932.881675308
6,0,256424,114624,AlPatch_2_1,39831.569493072,39831.656850604
6,0,256423,114624,AlPatch_2_1,39831.569493072,39831.657301233
6,0,257554,91082,AlPatch_0_1,12423.401711229,12423.490191472
6,0,257553,91082,AlPatch_0_1,12423.401711229,12423.491650362
6,0,257974,82645,AlPatch_0_0,12426.814464719,12426.907979713
6,0,257973,82645,AlPatch_0_0,12426.814464719,12426.90923959
6,0,258484,71141,AlPatch_2_0,35013.981547532,35014.071375183
6,0,258483,71141,AlPatch_2_0,35013.981547532,35014.071796826
6,0,258606,68884,AlPatch_0_1,28096.69066766,28096.786588796
6,0,258605,68884,AlPatch_0_1,28096.69066766,28096.786438776
6,0,259408,52022,AlPatch_2_0,49652.39085166,49652.480506499
6,0,259407,52022,AlPatch_2_0,49652.39085166,49652.490340158
6,0,259668,47328,AlPatch_0_1,62609.82970009,62609.91557821
6,0,259667,47328,AlPatch_0_1,62609.82970009,62609.931986323
6,0,260350,33230,AlPatch_2_0,36684.113806669,36684.209480061
6,0,260349,33230,AlPatch_2_0,36684.113806669,36684.204407247
6,0,260480,30651,AlPatch_0_1,5812.0406827075,5812.1423901848
6,0,260479,30651,AlPatch_0_1,5812.0406827075,5812.1457286166
6,0,261264,14021,AlPatch_2_1,49711.800056153,49711.905033432
6,0,261263,14021,AlPatch_2_1,49711.800056153,49711.885963867
6,0,261284,13753,AlPatch_0_0,42374.220872809,42374.323799203
6,0,261283,13753,AlPatch_0_0,42374.220872809,42374.322175979
6,0,261364,12052,AlPatch_2_1,81107.154491956,81107.242934193
6,0,261363,12052,AlPatch_2_1,81107.154491956,81107.243006352
6,0,261494,9165,AlPatch_0_1,34896.03706274,34896.125588891
6,0,261493,9165,AlPatch_0_1,34896.03706274,34896.126535927
6,0,261826,2328,AlPatch_0_1,28738.503785708,28738.604849473
6,0,261825,2328,AlPatch_0_1,28738.503785708,28738.604783094
7,0,250122,247645,AlPatch_2_0,38740.132798615,38740.229284535
7,0,250121,247645,AlPatch_2_0,38740.132798615,38740.220960877
7,0,250370,242069,AlPatch_0_0,86227.717261081,86227.809581677
7,0,250369,242069,AlPatch_0_0,86227.717261081,86227.809760153
7,0,250702,234510,AlPatch_2_1,1219.6101407336,1219.6995749698
7,0,250701,234510,AlPatch_2_1,1219.6101407336,1219.6999591091
7,0,251030,227671,AlPatch_2_0,257.13875881089,257.22830648629
7,0,251029,227671,AlPatch_2_0,257.13875881089,257.22818775636
7,0,251324,222539,AlPatch_2_1,3722.8218319715,3722.9233665507
7,0,251323,222539,AlPatch_2_1,3722.8218319715,3722.9252656976
7,0,251362,222024,AlPatch_1_0,27098.515521304,27098.607161497
7,0,251361,222024,AlPatch_1_0,27098.515521304,27098.61248105
7,0,251682,216427,AlPatch_1_1,84898.783534383,84898.886156511
7,0,251681,216427,AlPatch_1_1,84898.783534382,84898.8715524
7,0,251758,215074,AlPatch_1_0,6214.9766845841,6215.0627952045
7,0,251757,215074,AlPatch_1_0,6214.9766845841,6215.0682120547
7,0,251904,211850,AlPatch_1_1,23392.950038159,23393.038951086
7,0,251903,211850,AlPatch_1_1,23392.950038159,23393.048916095
7,0,251908,211756,AlPatch_0_1,61924.548160141,61924.63479456
7,0,251907,211756,AlPatch_0_1,61924.548160141,61924.635227266
7,0,252044,208659,AlPatch_0_0,19431.281960867,19431.374284918
7,0,252043,208659,AlPatch_0_0,19431.281960867,19431.377503255
7,0,252138,206765,AlPatch_1_1,11964.749280159,11964.840084256
7,0,252137,206765,AlPatch_1_1,11964.749280159,11964.846520938
7,0,252220,204643,AlPatch_0_1,72699.678067734,72699.782002555
7,0,252219,204643,AlPatch_0_1,72699.678067734,72699.765521932
7,0,252224,204558,AlPatch_2_0,7328.8752026597,7328.975181091
7,0,252223,204558,AlPatch_2_0,7328.8752026597,7328.9730924942
7,0,252310,202758,AlPatch_2_1,10209.721312534,10209.820480234
7,0,252309,202758,AlPatch_2_1,10209.721312534,10209.815927006
7,0,252408,200387,AlPatch_1_1,33061.499976993,33061.602576295
7,0,252407,200387,AlPatch_1_1,33061.499976993,33061.58894833
7,0,252772,193299,AlPatch_1_1,33432.678247375,33432.768425353
7,0,252771,193299,AlPatch_1_1,33432.678247375,33432.768888461
7,0,252814,192530,AlPatch_1_0,55632.412255947,55632.514731569
7,0,252813,192530,AlPatch_1_0,55632.412255947,55632.497868317
7,0,253008,188588,AlPatch_0_0,60579.443544229,60579.543006112
7,0,253007,188588,AlPatch_0_0,60579.443544229,60579.543897039
7,0,253088,186876,AlPatch_0_0,3061.5322605455,3061.6264245513
7,0,253087,186876,AlPatch_0_0,3061.5322605455,3061.6268894098
7,0,253386,181273,AlPatch_2_0,491.91844001882,492.00642778129
7,0,253385,181273,AlPatch_2_0,491.91844001882,492.00779360971
7,0,253438,180090,AlPatch_2_1,2789.3988822146,2789.4923840789
7,0,253437,180090,AlPatch_2_1,2789.3988822146,2789.4991040813
7,0,253804,172928,AlPatch_2_1,53523.502776928,53523.598050728
7,0,253803,172928,AlPatch_2_1,53523.502776928,53523.59647619
7,0,253840,171934,AlPatch_0_1,32093.598918415,32093.687223811
7,0,253839,171934,AlPatch_0_1,32093.598918415,32093.685444978
7,0,253942,170072,AlPatch_0_0,130057.67083883,130057.76439871
7,0,253941,170072,AlPatch_0_0,130057.67083883,130057.76626352
7,0,253956,169740,AlPatch_2_1,31606.53308219,31606.629277875
7,0,253955,169740,AlPatch_2_1,31606.53308219,31606.631417412
7,0,253986,168889,AlPatch_2_0,301.72137235934,301.80663649295
7,0,253985,168889,AlPatch_2_0,301.72137235934,301.81343500863
7,0,254344,161321,AlPatch_2_0,456.44341493529,456.54787769696
7,0,254343,161321,AlPatch_2_0,456.44341493529,456.5487720422
7,0,254492,157755,AlPatch_2_0,251.81014244047,251.89722367281
7,0,254491,157755,AlPatch_2_0,251.81014244047,251.89661770325
7,0,254570,155947,AlPatch_2_0,6101.6107575691,6101.7091427739
7,0,254569,155947,AlPatch_2_0,6101.6107575691,6101.7034177702
7,0,254732,152889,AlPatch_1_1,27874.304531642,27874.396716266
7,0,254731,152889,AlPatch_1_1,27874.304531642,27874.396399791
7,0,255112,144307,AlPatch_0_1,40144.712568398,40144.798156097
7,0,255111,144307,AlPatch_0_1,40144.712568398,40144.797841195
7,0,255376,138833,AlPatch_2_0,19348.807721094,19348.898417542
7,0,255375,138833,AlPatch_2_0,19348.807721094,19348.905319324
7,0,255740,131459,AlPatch_2_0,122666.31063449,122666.40961158
7,0,255739,131459,AlPatch_2_0,122666.31063449,122666.4013538
7,0,255752,131151,AlPatch_2_1,41277.454395916,41277.550067471
7,0,255751,131151,AlPatch_2_1,41277.454395916,41277.547890896
7,0,256228,121413,AlPatch_2_1,84709.028916836,84709.11836834
7,0,256227,121413,AlPatch_2_1,84709.028916836,84709.123154412
7,0,256280,120364,AlPatch_1_0,35023.303113149,35023.396856824
7,0,256279,120364,AlPatch_1_0,35023.303113149,35023.391310912
7,0,256322,119469,AlPatch_1_0,3226.980518318,3227.0714709962
7,0,256321,119469,AlPatch_1_0,3226.980518318,3227.0791173545
7,0,256480,116016,AlPatch_1_0,47404.870470999,47404.960406465
7,0,256479,116016,AlPatch_1_0,47404.870470999,47404.971575337
7,0,256946,106271,AlPatch_0_0,5800.5912320043,5800.6876497901
7,0,256945,106271,AlPatch_0_0,5800.5912320043,5800.680100429
7,0,257166,101446,AlPatch_1_0,42967.626694394,42967.729029997
7,0,257165,101446,AlPatch_1_0,42967.626694394,42967.713445872
7,0,257248,99845,AlPatch_2_1,30280.732922724,30280.830171449
7,0,257247,99845,AlPatch_2_1,30280.732922724,30280.826436808
7,0,258038,82111,AlPatch_2_1,27785.763050015,27785.865379071
7,0,258037,82111,AlPatch_2_1,27785.763050015,27785.862267587
7,0,258118,80553,AlPatch_0_1,76387.708991257,76387.812555429
7,0,258117,80553,AlPatch_0_1,76387.708991257,76387.811157366
7,0,258530,72000,AlPatch_2_1,132209.74537305,132209.8405762
7,0,258529,72000,AlPatch_2_1,132209.74537305,132209.84029492
7,0,258820,66102,AlPatch_0_0,65440.357609593,65440.449126596
7,0,258819,66102,AlPatch_0_0,65440.357609593,65440.452437348
7,0,258900,64699,AlPatch_2_1,2567.1675964915,2567.2579133408
7,0,258899,64699,AlPatch_2_1,2567.1675964915,2567.26898069
7,0,258994,62958,AlPatch_2_0,19183.213681734,19183.310115686
7,0,258993,62958,AlPatch_2_0,19183.213681734,19183.302928634
7,0,259146,59546,AlPatch_2_0,106553.42466651,106553.51104439
7,0,259145,59546,AlPatch_2_0,106553.42466651,106553.52698149
7,0,259294,55942,AlPatch_2_1,92689.389609469,92689.4919712
7,0,259293,55942,AlPatch_2_1,92689.389609469,92689.476761897
7,0,259658,48107,AlPatch_0_0,27300.554061065,27300.642901616
7,0,259657,48107,AlPatch_0_0,27300.554061065,27300.64307056
7,0,259716,46883,AlPatch_2_1,6878.599425197,6878.6877776796
7,0,259715,46883,AlPatch_2_1,6878.599425197,6878.6937935234
7,0,259900,43367,AlPatch_0_0,46176.10129406,46176.18932063
7,0,259899,43367,AlPatch_0_0,46176.10129406,46176.197808518
7,0,259910,43308,AlPatch_1_1,54878.641451153,54878.728805012
7,0,259909,43308,AlPatch_1_1,54878.641451153,54878.729826821
7,0,260022,40998,AlPatch_1_0,75325.66667155,75325.755333378
7,0,260021,40998,AlPatch_1_0,75325.66667155,75325.754096943
7,0,260148,38405,AlPatch_0_1,7046.6080486701,7046.7008660234
7,0,260147,38405,AlPatch_0_1,7046.6080486701,7046.7015996714
7,0,260382,32840,AlPatch_1_0,34320.931524348,34321.022674494
7,0,260381,32840,AlPatch_1_0,34320.931524348,34321.023043188
7,0,260550,29715,AlPatch_0_0,80414.684220442,80414.774157901
7,0,260549,29715,AlPatch_0_0,80414.684220442,80414.786246865
7,0,260858,23429,AlPatch_2_0,1993.2996970541,1993.4017884598
7,0,260857,23429,AlPatch_2_0,1993.2996970541,1993.3931307397
7,0,261242,15048,AlPatch_0_1,36603.101090186,36603.205911534
7,0,261241,15048,AlPatch_0_1,36603.101090186,36603.187068305
7,0,261298,13934,AlPatch_2_0,29626.046465263,29626.145766898
7,0,261297,13934,AlPatch_2_0,29626.046465263,29626.139134459
7,0,261516,9556,AlPatch_0_0,17280.176702607,17280.267738289
7,0,261515,9556,AlPatch_0_0,17280.176702607,17280.276529521
7,0,261578,8013,AlPatch_2_0,6238.0354674855,6238.1252479775
7,0,261577,8013,AlPatch_2_0,6238.0354674855,6238.1262540736
7,0,261604,7320,AlPatch_2_0,258.32101567787,258.41743529365
7,0,261603,7320,AlPatch_2_0,258.32101567787,258.41567827221
7,0,261742,4770,AlPatch_1_0,107402.25552143,107402.3422806
7,0,261741,4770,AlPatch_1_0,107402.25552143,107402.35732638
7,0,261902,1478,AlPatch_2_0,105977.86314171,105977.96573042
7,0,261901,1478,AlPatch_2_0,105977.86314171,105977.96725621
8,0,250104,247568,AlPatch_0_1,52892.024830896,52892.122640671
8,0,250103,247568,AlPatch_0_1,52892.024830896,52892.118175199
8,0,250166,246473,AlPatch_1_1,52948.439008328,52948.538980466
8,0,250165,246473,AlPatch_1_1,52948.439008328,52948.540697447
8,0,250548,238499,AlPatch_0_0,166122.91060103,166123.00851407
8,0,250547,238499,AlPatch_0_0,166122.91060104,166123.00089984
8,0,250642,236858,AlPatch_0_1,39377.295166004,39377.390921009
8,0,250641,236858,AlPatch_0_1,39377.295166004,39377.389366207
8,0,250648,236771,AlPatch_1_1,9786.7561804633,9786.8429221233
8,0,250647,236771,AlPatch_1_1,9786.7561804633,9786.8434809099
8,0,250784,234280,AlPatch_2_0,45273.438616608,45273.52774221
8,0,250783,234280,AlPatch_2_0,45273.438616608,45273.533271469
8,0,251362,222464,AlPatch_2_0,6955.0625415331,6955.150365399
8,0,251361,222464,AlPatch_2_0,6955.0625415331,6955.1502721655
8,0,251556,218835,AlPatch_2_0,4247.2712397456,4247.3680336271
8,0,251555,218835,AlPatch_2_0,4247.2712397456,4247.3655041906
8,0,251578,218470,AlPatch_2_0,60659.281157292,60659.366975494
8,0,251577,218470,AlPatch_2_0,60659.281157292,60659.385273299
8,0,251960,209646,AlPatch_1_1,21238.484866274,21238.585547991
8,0,251959,209646,AlPatch_1_1,21238.484866274,21238.572627981
8,0,252366,201413,AlPatch_0_0,40580.748295807,40580.848797379
8,0,252365,201413,AlPatch_0_0,40580.748295807,40580.83544306
8,0,252596,197012,AlPatch_0_0,31987.703150915,31987.789674973
8,0,252595,197012,AlPatch_0_0,31987.703150915,31987.801953639
8,0,252832,192430,AlPatch_2_0,71655.097591937,71655.194422368
8,0,252831,192430,AlPatch_2_0,71655.097591937,71655.198044231
8,0,253570,177841,AlPatch_0_1,6043.775214165,6043.8659144515
8,0,253569,177841,AlPatch_0_1,6043.775214165,6043.868910517
8,0,253876,171782,AlPatch_1_0,31029.220572336,31029.307624092
8,0,253875,171782,AlPatch_1_0,31029.220572336,31029.308351167
8,0,254066,167975,AlPatch_2_0,31372.226680914,31372.326348974
8,0,254065,167975,AlPatch_2_0,31372.226680914,31372.326028198
8,0,254332,162840,AlPatch_2_0,262.5178639602,262.61977556868
8,0,254331,162840,AlPatch_2_0,262.5178639602,262.60974324486
8,0,254622,155649,AlPatch_0_1,12722.066547277,12722.161185744
8,0,254621,155649,AlPatch_0_1,12722.066547277,12722.16558616
8,0,254664,154907,AlPatch_0_0,80134.56303665,80134.665244736
8,0,254663,154907,AlPatch_0_0,80134.56303665,80134.665557828
8,0,254800,151677,AlPatch_2_0,4644.5623380938,4644.6593101911
8,0,254799,151677,AlPatch_2_0,4644.5623380938,4644.6560408864
8,0,254968,147494,AlPatch_2_0,110394.27164303,110394.3686109
8,0,254967,147494,AlPatch_2_0,110394.27164303,110394.36700266
8,0,255060,145791,AlPatch_2_1,49525.273212925,49525.369708293
8,0,255059,145791,AlPatch_2_1,49525.273212925,49525.370088775
8,0,255096,145048,AlPatch_1_1,15667.44338483,15667.544125991
8,0,255095,145048,AlPatch_1_1,15667.44338483,15667.535893799
8,0,255172,143616,AlPatch_0_0,7767.1330873254,7767.2245849938
8,0,255171,143616,AlPatch_0_0,7767.1330873254,7767.2299037229
8,0,255370,139539,AlPatch_1_1,1192.755534636,1192.8487934547
8,0,255369,139539,AlPatch_1_1,1192.755534636,1192.8525734715
8,0,255584,134094,AlPatch_0_1,47881.165568094,47881.25746002
8,0,255583,134094,AlPatch_0_1,47881.165568094,47881.26298616
8,0,256222,121435,AlPatch_2_0,3721.6343895929,3721.7349058291
8,0,256221,121435,AlPatch_2_0,3721.6343895929,3721.7234020118
8,0,256850,108120,AlPatch_2_0,26439.650718953,26439.737812226
8,0,256849,108120,AlPatch_2_0,26439.650718953,26439.756078787
8,0,256852,108084,AlPatch_0_0,78006.98133184,78007.069721514
8,0,256851,108084,AlPatch_0_0,78006.98133184,78007.069727356
8,0,257322,97646,AlPatch_1_1,66570.070986733,66570.170976062
8,0,257321,97646,AlPatch_1_1,66570.070986733,66570.159429722
8,0,257450,94639,AlPatch_2_1,36389.827657591,36389.921290955
8,0,257449,94639,AlPatch_2_1,36389.827657591,36389.921844011
8,0,257778,88523,AlPatch_1_1,58710.986798675,58711.075693849
8,0,257777,88523,AlPatch_1_1,58710.986798675,58711.081676898
8,0,258060,81983,AlPatch_0_1,56216.721846859,56216.807832265
8,0,258059,81983,AlPatch_0_1,56216.721846859,56216.808280244
8,0,258280,77504,AlPatch_1_1,51379.273157965,51379.365765921
8,0,258279,77504,AlPatch_1_1,51379.273157965,51379.365721431
8,0,258350,75862,AlPatch_1_0,123143.35593156,123143.44265745
8,0,258349,75862,AlPatch_1_0,123143.35593156,123143.45608684
8,0,259024,61077,AlPatch_2_1,70277.447973711,70277.534734027
8,0,259023,61077,AlPatch_2_1,70277.447973711,70277.533906233
8,0,259058,60669,AlPatch_1_1,8362.5773536152,8362.6745770939
8,0,259057,60669,AlPatch_1_1,8362.5773536152,8362.6727818474
8,0,259288,56232,AlPatch_0_0,43659.192847171,43659.291991941
8,0,259287,56232,AlPatch_0_0,43659.192847171,43659.280699905
8,0,259358,54499,AlPatch_1_0,19515.818020631,19515.917247911
8,0,259357,54499,AlPatch_1_0,19515.818020631,19515.905421778
8,0,260576,27168,AlPatch_2_0,44528.572187253,44528.658605994
8,0,260575,27168,AlPatch_2_0,44528.572187253,44528.667242307
8,0,260850,20899,AlPatch_2_1,124596.900236,124597.00149696
8,0,260849,20899,AlPatch_2_1,124596.900236,124597.00234487
8,0,260898,19869,AlPatch_1_1,18201.400187149,18201.497563595
8,0,260897,19869,AlPatch_1_1,18201.400187149,18201.495346488
8,0,261000,17493,AlPatch_2_0,26616.246481584,26616.336812013
8,0,260999,17493,AlPatch_2_0,26616.246481584,26616.338640966
8,0,261120,14947,AlPatch_0_1,10157.553976305,10157.652900472
8,0,261119,14947,AlPatch_0_1,10157.553976305,10157.646472182
8,0,261558,5324,AlPatch_1_1,10250.765489866,10250.862591556
8,0,261557,5324,AlPatch_1_1,10250.765489866,10250.861020371
8,0,261594,4327,AlPatch_2_1,74043.972009287,74044.072457549
8,0,261593,4327,AlPatch_2_1,74043.972009287,74044.07758497
9,0,250052,249039,AlPatch_2_1,13476.900464567,13476.997338239
9,0,250051,249039,AlPatch_2_1,13476.900464567,13476.993099427
9,0,250630,237285,AlPatch_2_0,569.42822362129,569.51782028805
9,0,250629,237285,AlPatch_2_0,569.42822362129,569.52057051801
9,0,250938,230271,AlPatch_1_1,17646.965165238,17647.061444134
9,0,250937,230271,AlPatch_1_1,17646.965165238,17647.05689227
9,0,251900,209266,AlPatch_1_1,72289.55640065,72289.655666407
9,0,251899,209266,AlPatch_1_1,72289.55640065,72289.65261097
9,0,251928,208511,AlPatch_0_1,25256.8847179,25256.98521885
9,0,251927,208511,AlPatch_0_1,25256.8847179,25256.971657548
9,0,252210,202912,AlPatch_0_0,26392.376490116,26392.475703732
9,0,252209,202912,AlPatch_0_0,26392.376490116,26392.474876736
9,0,252436,197108,AlPatch_1_1,35672.728691703,35672.823816723
9,0,252435,197108,AlPatch_1_1,35672.728691703,35672.824170455
9,0,252562,194107,AlPatch_0_1,84148.713833182,84148.812282095
9,0,252561,194107,AlPatch_0_1,84148.713833182,84148.807131801
9,0,252564,194103,AlPatch_2_0,2703.7265291834,2703.8123922849
9,0,252563,194103,AlPatch_2_0,2703.7265291834,2703.8122358889
9,0,253456,175391,AlPatch_0_1,42936.641274939,42936.728652063
9,0,253455,175391,AlPatch_0_1,42936.641274939,42936.742318435
9,0,253534,174021,AlPatch_1_1,5664.9093117186,5664.9982117586
9,0,253533,174021,AlPatch_1_1,5664.9093117186,5664.9957932267
9,0,253774,167950,AlPatch_2_0,1346.7593693705,1346.8519130578
9,0,253773,167950,AlPatch_2_0,1346.7593693705,1346.8521603493
9,0,253806,167298,AlPatch_1_0,108700.74320725,108700.83016973
9,0,253805,167298,AlPatch_1_0,108700.74320725,108700.83874992
9,0,254118,159536,AlPatch_2_0,31866.206992856,31866.304440844
9,0,254117,159536,AlPatch_2_0,31866.206992856,31866.294618487
9,0,254390,153914,AlPatch_2_0,7499.7038590269,7499.7987483937
9,0,254389,153914,AlPatch_2_0,7499.7038590269,7499.8014908515
9,0,254868,142947,AlPatch_1_1,32001.57882329,32001.669181863
9,0,254867,142947,AlPatch_1_1,32001.57882329,32001.678273945
9,0,255162,137152,AlPatch_0_0,50382.4941035,50382.593032284
9,0,255161,137152,AlPatch_0_0,50382.4941035,50382.583594108
9,0,255410,131393,AlPatch_2_0,16513.025779847,16513.124454915
9,0,255409,131393,AlPatch_2_0,16513.025779847,16513.127578377
9,0,255576,128298,AlPatch_2_0,89669.131272106,89669.225788324
9,0,255575,128298,AlPatch_2_0,89669.131272106,89669.225679291
9,0,255668,125762,AlPatch_1_1,7522.9018441256,7522.9938973836
9,0,255667,125762,AlPatch_1_1,7522.9018441256,7522.9996486128
9,0,255800,122880,AlPatch_2_1,318665.3416777,318665.4410148
9,0,255799,122880,AlPatch_2_1,318665.3416777,318665.43149428
9,0,256174,115597,AlPatch_0_0,6820.687502249,6820.775711294
9,0,256173,115597,AlPatch_0_0,6820.687502249,6820.7747300228
9,0,256594,108002,AlPatch_1_1,56098.527375264,56098.617309166
9,0,256593,108002,AlPatch_1_1,56098.527375264,56098.61975242
9,0,256902,101024,AlPatch_2_0,26097.933686449,26098.023033455
9,0,256901,101024,AlPatch_2_0,26097.933686449,26098.032900199
9,0,256924,100567,AlPatch_1_1,78309.765076822,78309.859087965
9,0,256923,100567,AlPatch_1_1,78309.765076822,78309.861316117
9,0,257082,96722,AlPatch_1_0,70375.735867584,70375.826591489
9,0,257081,96722,AlPatch_1_0,70375.735867584,70375.837340782
9,0,257146,95219,AlPatch_1_1,52390.319932387,52390.406179749
9,0,257145,95219,AlPatch_1_1,52390.319932387,52390.410114071
9,0,257184,94500,AlPatch_0_1,84339.494021716,84339.585836908
9,0,257183,94500,AlPatch_0_1,84339.494021716,84339.583800939
9,0,257228,93594,AlPatch_2_1,72956.249915225,72956.337812466
9,0,257227,93594,AlPatch_2_1,72956.249915225,72956.337567466
9,0,257240,93309,AlPatch_1_0,6536.8980338476,6536.9926136033
9,0,257239,93309,AlPatch_1_0,6536.8980338476,6536.9919886848
9,0,257290,92367,AlPatch_1_1,26965.569099815,26965.670254004
9,0,257289,92367,AlPatch_1_1,26965.569099815,26965.658319338
9,0,257946,76997,AlPatch_0_0,42383.262035457,42383.348783628
9,0,257945,76997,AlPatch_0_0,42383.262035457,42383.35515971
9,0,258002,75403,AlPatch_1_1,26613.026461433,26613.120821151
9,0,258001,75403,AlPatch_1_1,26613.026461433,26613.120855556
9,0,258314,68555,AlPatch_1_0,62519.867587855,62519.959777092
9,0,258313,68555,AlPatch_1_0,62519.867587855,62519.96195883
9,0,258602,62225,AlPatch_0_1,12560.604077226,12560.70745609
9,0,258601,62225,AlPatch_0_1,12560.604077226,12560.696644229
9,0,258640,61475,AlPatch_0_0,27815.447450529,27815.543047855
9,0,258639,61475,AlPatch_0_0,27815.447450529,27815.535679725
9,0,258940,53852,AlPatch_1_0,14198.428788713,14198.527273396
9,0,258939,53852,AlPatch_1_0,14198.428788713,14198.518771323
9,0,258970,53195,AlPatch_1_0,4171.0943234839,4171.1802109754
9,0,258969,53195,AlPatch_1_0,4171.0943234839,4171.198594632
9,0,259052,50905,AlPatch_0_1,53860.418251723,53860.51540071
9,0,259051,50905,AlPatch_0_1,53860.418251723,53860.505198053
9,0,259470,41666,AlPatch_2_1,40347.588463786,40347.683071963
9,0,259469,41666,AlPatch_2_1,40347.588463786,40347.679600942
9,0,259526,40587,AlPatch_1_0,20425.641361418,20425.734437275
9,0,259525,40587,AlPatch_1_0,20425.641361418,20425.737471996
9,0,259620,38972,AlPatch_1_0,9383.2638092529,9383.3526553843
9,0,259619,38972,AlPatch_1_0,9383.2638092529,9383.3541651718
9,0,259622,38885,AlPatch_2_0,17449.611442894,17449.699351526
9,0,259621,38885,AlPatch_2_0,17449.611442894,17449.701421214
9,0,259836,35083,AlPatch_2_0,20382.458535496,20382.560098769
9,0,259835,35083,AlPatch_2_0,20382.458535496,20382.552208967
9,0,260104,28152,AlPatch_2_1,11471.614357975,11471.714987084
9,0,260103,28152,AlPatch_2_1,11471.614357975,11471.715247823
9,0,260142,27388,AlPatch_2_1,120378.40021058,120378.49380536
9,0,260141,27388,AlPatch_2_1,120378.40021058,120378.49410046
9,0,260268,24491,AlPatch_0_0,59826.60722938,59826.70141848
9,0,260267,24491,AlPatch_0_0,59826.60722938,59826.692999113
9,0,260448,20789,AlPatch_1_0,9269.3187248177,9269.4089285173
9,0,260447,20789,AlPatch_1_0,9269.3187248177,9269.4040754932
9,0,260496,19791,AlPatch_2_0,75682.045181311,75682.135400723
9,0,260495,19791,AlPatch_2_0,75682.045181311,75682.145433514
9,0,260652,16553,AlPatch_0_1,75509.030842136,75509.130647708
9,0,260651,16553,AlPatch_0_1,75509.030842136,75509.127596967
9,0,260858,11701,AlPatch_2_0,22930.550135768,22930.651273517
9,0,260857,11701,AlPatch_2_0,22930.550135768,22930.650860075
9,0,261060,7297,AlPatch_1_0,54796.150375615,54796.247432087
9,0,261059,7297,AlPatch_1_0,54796.150375615,54796.247344917
9,0,261210,3953,AlPatch_2_1,6110.7483557426,6110.8452138083
9,0,261209,3953,AlPatch_2_1,6110.7483557426,6110.8423964802
