Job,Event,Track,Parent,Patch,Creation Time [ns],Death Time [ns]
0,0,2000354,1977184,AlPatch_0_0,19444.39957729,19444.496507357
0,0,2000353,1977184,AlPatch_0_0,19444.39957729,19444.491361398
0,0,2000566,1966196,AlPatch_2_0,18187.877315192,18187.96447014
0,0,2000565,1966196,AlPatch_2_0,18187.877315192,18187.965377302
0,0,2000720,1955706,AlPatch_1_1,8697.2727940933,8697.3701246067
0,0,2000719,1955706,AlPatch_1_1,8697.2727940933,8697.3687941111
0,0,2000730,1955311,AlPatch_1_0,11891.179480239,11891.265412522
0,0,2000729,1955311,AlPatch_1_0,11891.179480239,11891.269359008
0,0,2000978,1942737,AlPatch_1_1,5232.7214468012,5232.8128421348
0,0,2000977,1942737,AlPatch_1_1,5232.7214468012,5232.8124259964
0,0,2000998,1941632,AlPatch_1_0,869.81374225131,869.91571896879
0,0,2000997,1941632,AlPatch_1_0,869.81374225131,869.91105966324
0,0,2001258,1926599,AlPatch_2_1,2692.9221760252,2693.0206178555
0,0,2001257,1926599,AlPatch_2_1,2692.9221760252,2693.0227063853
0,0,2001312,1923227,AlPatch_2_0,459.9647174637,460.0517988843
0,0,2001311,1923227,AlPatch_2_0,459.9647174637,460.05947161792
0,0,2001678,1899558,AlPatch_2_0,2010.6521372958,2010.7558132205
0,0,2001677,1899558,AlPatch_2_0,2010.6521372958,2010.7512203452
0,0,2001798,1891760,AlPatch_2_0,1507.4534037738,1507.5393414534
0,0,2001797,1891760,AlPatch_2_0,1507.4534037738,1507.5585927699
0,0,2002314,1859927,AlPatch_2_0,2536.0602457904,2536.1629501566
0,0,2002313,1859927,AlPatch_2_0,2536.0602457904,2536.1496458122
0,0,2003018,1817328,AlPatch_0_1,9022.5648626999,9022.6599174178
0,0,2003017,1817328,AlPatch_0_1,9022.5648626999,9022.6580101537
0,0,2003332,1800821,AlPatch_2_1,8904.9450449867,8905.0402258635
0,0,2003331,1800821,AlPatch_2_1,8904.9450449867,8905.0401266369
0,0,2003538,1789029,AlPatch_1_0,9521.3919329201,9521.4829457062
0,0,2003537,1789029,AlPatch_1_0,9521.3919329201,9521.4860359236
0,0,2003580,1786934,AlPatch_1_0,3763.3686972891,3763.4632263522
0,0,2003579,1786934,AlPatch_1_0,3763.3686972891,3763.4646209249
0,0,2003666,1781502,AlPatch_2_1,3716.0594114401,3716.1488901722
0,0,2003665,1781502,AlPatch_2_1,3716.0594114401,3716.1487725831
0,0,2003762,1775998,AlPatch_2_0,10933.600948011,10933.688141965
0,0,2003761,1775998,AlPatch_2_0,10933.600948011,10933.687642943
0,0,2003796,1774088,AlPatch_0_0,8818.4228532541,8818.5116091409
0,0,2003795,1774088,AlPatch_0_0,8818.4228532541,8818.523271118
0,0,2004026,1760864,AlPatch_1_0,6333.9685901312,6334.055342912
0,0,2004025,1760864,AlPatch_1_0,6333.9685901312,6334.0549601077
0,0,2004296,1746000,AlPatch_1_0,14031.611604089,14031.710496241
0,0,2004295,1746000,AlPatch_1_0,14031.611604089,14031.702863984
0,0,2004522,1732388,AlPatch_1_1,3822.1207536427,3822.2072755273
0,0,2004521,1732388,AlPatch_1_1,3822.1207536427,3822.2234315822
0,0,2004630,1725899,AlPatch_0_0,8723.2976722396,8723.3924537881
0,0,2004629,1725899,AlPatch_0_0,8723.2976722396,8723.3873359682
0,0,2005088,1699376,AlPatch_1_0,3718.7941749394,3718.8885391641
0,0,2005087,1699376,AlPatch_1_0,3718.7941749394,3718.883171367
0,0,2005128,1695734,AlPatch_1_0,6378.2982406131,6378.392308895
0,0,2005127,1695734,AlPatch_1_0,6378.2982406131,6378.3919795985
0,0,2005308,1684847,AlPatch_0_1,10702.756782486,10702.854587258
0,0,2005307,1684847,AlPatch_0_1,10702.756782486,10702.848979729
0,0,2005316,1684324,AlPatch_0_0,4356.5131291804,4356.6106609121
0,0,2005315,1684324,AlPatch_0_0,4356.5131291804,4356.6058627088
0,0,2005398,1680070,AlPatch_2_1,2894.0006146057,2894.0990913303
0,0,2005397,1680070,AlPatch_2_1,2894.0006146057,2894.0997777671
0,0,2005634,1667684,AlPatch_2_1,12241.520064311,12241.61727833
0,0,2005633,1667684,AlPatch_2_1,12241.520064311,12241.608299234
0,0,2005854,1654047,AlPatch_2_0,4678.317458703,4678.4092591311
0,0,2005853,1654047,AlPatch_2_0,4678.317458703,4678.4123409223
0,0,2005912,1650499,AlPatch_2_0,702.42995686545,702.51876209378
0,0,2005911,1650499,AlPatch_2_0,702.42995686545,702.52104173821
0,0,2006142,1638439,AlPatch_1_1,6645.4971128602,6645.5990952821
0,0,2006141,1638439,AlPatch_1_1,6645.4971128602,6645.5963790062
0,0,2006518,1615402,AlPatch_0_1,10433.56651815,10433.663153677
0,0,2006517,1615402,AlPatch_0_1,10433.56651815,10433.654654055
0,0,2006738,1603538,AlPatch_1_0,9085.6114762549,9085.6984707482
0,0,2006737,1603538,AlPatch_1_0,9085.6114762549,9085.698284672
0,0,2006786,1600770,AlPatch_2_1,1414.7500548629,1414.8362132766
0,0,2006785,1600770,AlPatch_2_1,1414.7500548629,1414.8517572596
0,0,2006986,1590166,AlPatch_0_0,12181.002499637,12181.093218416
0,0,2006985,1590166,AlPatch_0_0,12181.002499637,12181.093160818
0,0,2007716,1543401,AlPatch_2_1,4234.2315122631,4234.3232153331
0,0,2007715,1543401,AlPatch_2_1,4234.2315122631,4234.3197038368
0,0,2007750,1541465,AlPatch_2_0,266.00266899625,266.0954668664
0,0,2007749,1541465,AlPatch_2_0,266.00266899625,266.09551838018
0,0,2008058,1523197,AlPatch_2_0,6294.751940381,6294.8533562459
0,0,2008057,1523197,AlPatch_2_0,6294.751940381,6294.8444494419
0,0,2008066,1522896,AlPatch_1_1,4943.4301669882,4943.5270068334
0,0,2008065,1522896,AlPatch_1_1,4943.4301669882,4943.5297222192
0,0,2008076,1522268,AlPatch_1_1,1907.878540422,1907.9676904868
0,0,2008075,1522268,AlPatch_1_1,1907.878540422,1907.9663045507
0,0,2008284,1509436,AlPatch_2_0,256.87658696707,256.96842495364
0,0,2008283,1509436,AlPatch_2_0,256.87658696707,256.97045776953
0,0,2008452,1498321,AlPatch_2_1,4330.8272596794,4330.9261002046
0,0,2008451,1498321,AlPatch_2_1,4330.8272596794,4330.926343555
0,0,2008822,1477490,AlPatch_2_0,872.22666520236,872.32145022588
0,0,2008821,1477490,AlPatch_2_0,872.22666520236,872.32482350248
0,0,2008826,1477459,AlPatch_0_1,2591.5068406281,2591.6006835342
0,0,2008825,1477459,AlPatch_0_1,2591.5068406281,2591.6025474493
0,0,2008980,1468623,AlPatch_1_1,6254.5045731349,6254.5911255225
0,0,2008979,1468623,AlPatch_1_1,6254.5045731349,6254.5934771736
0,0,2009090,1462819,AlPatch_1_1,13723.802680422,13723.905988596
0,0,2009089,1462819,AlPatch_1_1,13723.802680422,13723.902827998
0,0,2009124,1459871,AlPatch_2_0,10964.268782088,10964.369693932
0,0,2009123,1459871,AlPatch_2_0,10964.268782088,10964.363228431
0,0,2009522,1434339,AlPatch_0_1,1775.1454244129,1775.2329439508
0,0,2009521,1434339,AlPatch_0_1,1775.1454244129,1775.2336420485
0,0,2009864,1416218,AlPatch_0_0,8455.8928914036,8455.9793791037
0,0,2009863,1416218,AlPatch_0_0,8455.8928914036,8455.9790489754
0,0,2009956,1410791,AlPatch_2_1,6714.8420747038,6714.9417602054
0,0,2009955,1410791,AlPatch_2_1,6714.8420747038,6714.9306906005
0,0,2010118,1402977,AlPatch_2_1,10140.989006309,10141.081315308
0,0,2010117,1402977,AlPatch_2_1,10140.989006309,10141.080882705
0,0,2010222,1396800,AlPatch_0_1,3633.376869938,3633.4711848006
0,0,2010221,1396800,AlPatch_0_1,3633.376869938,3633.4667971511
0,0,2010274,1393253,AlPatch_0_0,10253.966739753,10254.066956153
0,0,2010273,1393253,AlPatch_0_0,10253.966739753,10254.056088296
0,0,2010282,1392845,AlPatch_2_0,1298.1558758207,1298.2450060554
0,0,2010281,1392845,AlPatch_2_0,1298.1558758207,1298.2468989696
0,0,2010482,1379913,AlPatch_1_0,22619.917771344,22620.010543539
0,0,2010481,1379913,AlPatch_1_0,22619.917771344,22620.012777342
0,0,2010686,1367255,AlPatch_2_1,9070.2831805844,9070.3772196906
0,0,2010685,1367255,AlPatch_2_1,9070.2831805844,9070.3769737089
0,0,2010796,1360459,AlPatch_0_0,5506.5854102759,5506.6712429119
0,0,2010795,1360459,AlPatch_0_0,5506.5854102759,5506.6881689118
0,0,2011108,1342161,AlPatch_0_0,9408.2004182601,9408.2990534653
0,0,2011107,1342161,AlPatch_0_0,9408.2004182601,9408.2897172469
0,0,2011138,1339436,AlPatch_1_0,12979.335170706,12979.42452197
0,0,2011137,1339436,AlPatch_1_0,12979.335170706,12979.424117464
0,0,2011178,1337080,AlPatch_0_1,3148.6344355877,3148.7221159248
0,0,2011177,1337080,AlPatch_0_1,3148.6344355877,3148.728919511
0,0,2011286,1329439,AlPatch_2_0,1048.1719483382,1048.2707487021
0,0,2011285,1329439,AlPatch_2_0,1048.1719483382,1048.2638227854
0,0,2011312,1327551,AlPatch_2_1,3233.9541462173,3234.0457787002
0,0,2011311,1327551,AlPatch_2_1,3233.9541462173,3234.0528927696
0,0,2011372,1324135,AlPatch_1_0,6773.684990431,6773.7749421302
0,0,2011371,1324135,AlPatch_1_0,6773.6849904309,6773.7874168101
0,0,2011400,1323061,AlPatch_2_1,11544.209664396,11544.296791405
0,0,2011399,1323061,AlPatch_2_1,11544.209664396,11544.302949845
0,0,2011574,1312128,AlPatch_1_1,993.53797103571,993.64136093448
0,0,2011573,1312128,AlPatch_1_1,993.53797103571,993.62326518582
0,0,2011962,1290577,AlPatch_0_0,14064.172180371,14064.266641674
0,0,2011961,1290577,AlPatch_0_0,14064.172180371,14064.266522076
0,0,2012026,1287171,AlPatch_2_0,8729.0489356904,8729.1380743107
0,0,2012025,1287171,AlPatch_2_0,8729.0489356904,8729.142450931
0,0,2012254,1273452,AlPatch_0_0,8030.9891709284,8031.085067904
0,0,2012253,1273452,AlPatch_0_0,8030.9891709284,8031.0892544378
0,0,2012478,1261635,AlPatch_0_1,16963.219558548,16963.314102473
0,0,2012477,1261635,AlPatch_0_1,16963.219558549,16963.309812683
0,0,2012496,1260510,AlPatch_2_1,3727.5409784036,3727.6311306012
0,0,2012495,1260510,AlPatch_2_1,3727.5409784036,3727.6317402026
0,0,2012584,1254983,AlPatch_1_1,2013.165232885,2013.2532188804
0,0,2012583,1254983,AlPatch_1_1,2013.165232885,2013.2689580333
0,0,2012596,1254644,AlPatch_2_0,465.55264908016,465.63946513933
0,0,2012595,1254644,AlPatch_2_0,465.55264908016,465.64151180054
0,0,2012802,1243260,AlPatch_1_0,4313.2393760226,4313.3376352049
0,0,2012801,1243260,AlPatch_1_0,4313.2393760226,4313.334047022
0,0,2012918,1233755,AlPatch_2_0,5377.5434411965,5377.6451118382
0,0,2012917,1233755,AlPatch_2_0,5377.5434411965,5377.6452064463
0,0,2013236,1212343,AlPatch_2_1,3043.4617328613,3043.5478620543
0,0,2013235,1212343,AlPatch_2_1,3043.4617328613,3043.5501551032
0,0,2013462,1196913,AlPatch_0_0,5776.3201504058,5776.4108130826
0,0,2013461,1196913,AlPatch_0_0,5776.3201504058,5776.40972731
0,0,2013524,1192871,AlPatch_0_0,8987.2592447806,8987.3527569568
0,0,2013523,1192871,AlPatch_0_0,8987.2592447806,8987.3539348334
0,0,2013574,1189611,AlPatch_1_0,6238.1927066308,6238.2809516171
0,0,2013573,1189611,AlPatch_1_0,6238.1927066308,6238.2811792443
0,0,2013770,1179197,AlPatch_1_0,10755.765063942,10755.860168262
0,0,2013769,1179197,AlPatch_1_0,10755.765063942,10755.86356084
0,0,2013988,1166737,AlPatch_2_1,1786.716347586,1786.8081912095
0,0,2013987,1166737,AlPatch_2_1,1786.716347586,1786.8078146426
0,0,2014066,1162175,AlPatch_0_1,7821.1712206021,7821.2568648027
0,0,2014065,1162175,AlPatch_0_1,7821.1712206021,7821.2709582261
0,0,2014214,1153335,AlPatch_2_1,7010.7588303081,7010.8576713228
0,0,2014213,1153335,AlPatch_2_1,7010.7588303081,7010.8455961895
0,0,2014484,1138471,AlPatch_0_1,4741.7293201361,4741.8319614808
0,0,2014483,1138471,AlPatch_0_1,4741.729320136,4741.8157987246
0,0,2014882,1113456,AlPatch_1_1,1215.8206069893,1215.9091305291
0,0,2014881,1113456,AlPatch_1_1,1215.8206069893,1215.9100280899
0,0,2015336,1086805,AlPatch_2_0,3418.3937170674,3418.4960862084
0,0,2015335,1086805,AlPatch_2_0,3418.3937170674,3418.4962715809
0,0,2015688,1065018,AlPatch_2_0,250.33834648546,250.4298310895
0,0,2015687,1065018,AlPatch_2_0,250.33834648546,250.42687942888
0,0,2015706,1063806,AlPatch_2_0,1441.4010433705,1441.4888477037
0,0,2015705,1063806,AlPatch_2_0,1441.4010433705,1441.4903804544
0,0,2015738,1062959,AlPatch_0_0,6433.6295975183,6433.7156877155
0,0,2015737,1062959,AlPatch_0_0,6433.6295975183,6433.7155549967
0,0,2015984,1047447,AlPatch_0_0,11606.173672324,11606.273268794
0,0,2015983,1047447,AlPatch_0_0,11606.173672324,11606.261839367
0,0,2015996,1046944,AlPatch_0_1,2381.1739313238,2381.2620623161
0,0,2015995,1046944,AlPatch_0_1,2381.1739313238,2381.2626625951
0,0,2016008,1046516,AlPatch_2_1,5099.0071564332,5099.1052980732
0,0,2016007,1046516,AlPatch_2_1,5099.0071564332,5099.0973400667
0,0,2016424,1021263,AlPatch_2_0,536.50320173078,536.60413480422
0,0,2016423,1021263,AlPatch_2_0,536.50320173078,536.60249893903
0,0,2016610,1010622,AlPatch_2_1,3275.7397063784,3275.828939593
0,0,2016609,1010622,AlPatch_2_1,3275.7397063784,3275.8312454492
0,0,2016664,1006563,AlPatch_1_1,7844.8791444666,7844.9672392389
0,0,2016663,1006563,AlPatch_1_1,7844.8791444666,7844.9720783502
0,0,2016740,1001793,AlPatch_2_0,10236.698503533,10236.787929851
0,0,2016739,1001793,AlPatch_2_0,10236.698503533,10236.789880264
0,0,2017050,983567,AlPatch_2_1,4469.9319843461,4470.0226942716
0,0,2017049,983567,AlPatch_2_1,4469.9319843461,4470.0208559341
0,0,2017178,973391,AlPatch_2_1,9926.7402735301,9926.8286606011
0,0,2017177,973391,AlPatch_2_1,9926.7402735301,9926.836436669
0,0,2017184,972938,AlPatch_2_0,1559.7498052418,1559.8508109587
0,0,2017183,972938,AlPatch_2_0,1559.7498052418,1559.8371689376
0,0,2017446,957868,AlPatch_1_1,9698.9826701549,9699.0798205343
0,0,2017445,957868,AlPatch_1_1,9698.9826701549,9699.0710512458
0,0,2017518,953694,AlPatch_0_1,6230.776397742,6230.8668743176
0,0,2017517,953694,AlPatch_0_1,6230.776397742,6230.87195514
0,0,2017744,941710,AlPatch_2_0,249.80004167433,249.89632106687
0,0,2017743,941710,AlPatch_2_0,249.80004167433,249.89696013012
0,0,2018160,915219,AlPatch_0_0,7393.6299148767,7393.7180148555
0,0,2018159,915219,AlPatch_0_0,7393.6299148767,7393.7189864284
0,0,2019334,847980,AlPatch_2_0,2126.3044327398,2126.3924385258
0,0,2019333,847980,AlPatch_2_0,2126.3044327398,2126.4050698667
0,0,2019452,841754,AlPatch_2_0,5813.1758391812,5813.2737922557
0,0,2019451,841754,AlPatch_2_0,5813.1758391812,5813.2733647332
0,0,2019598,833357,AlPatch_1_0,11162.89355198,11162.980167991
0,0,2019597,833357,AlPatch_1_0,11162.89355198,11162.990305408
0,0,2020062,805726,AlPatch_0_1,4907.5308808839,4907.6183726844
0,0,2020061,805726,AlPatch_0_1,4907.5308808839,4907.6228187867
0,0,2020252,794082,AlPatch_2_0,4553.6735089663,4553.7652192019
0,0,2020251,794082,AlPatch_2_0,4553.6735089663,4553.7643605259
0,0,2020306,792029,AlPatch_2_1,680.11436883402,680.21831410777
0,0,2020305,792029,AlPatch_2_1,680.11436883402,680.21551304695
0,0,2020660,769624,AlPatch_0_1,7718.7853634898,7718.871091366
0,0,2020659,769624,AlPatch_0_1,7718.7853634898,7718.8712710542
0,0,2020762,762203,AlPatch_2_0,266.77489265861,266.86101342028
0,0,2020761,762203,AlPatch_2_0,266.77489265861,266.86403818847
0,0,2021132,740208,AlPatch_1_0,4349.5376702961,4349.6324804302
0,0,2021131,740208,AlPatch_1_0,4349.5376702961,4349.6256008955
0,0,2021892,697285,AlPatch_1_1,11954.339148656,11954.433875055
0,0,2021891,697285,AlPatch_1_1,11954.339148656,11954.433273683
0,0,2022010,689366,AlPatch_2_1,2015.1741583121,2015.2643550069
0,0,2022009,689366,AlPatch_2_1,2015.1741583121,2015.2687175713
0,0,2022320,670640,AlPatch_0_1,4707.7557478169,4707.843310964
0,0,2022319,670640,AlPatch_0_1,4707.7557478169,4707.8472778742
0,0,2022334,669784,AlPatch_2_1,1010.4448599775,1010.5420739168
0,0,2022333,669784,AlPatch_2_1,1010.4448599775,1010.535393339
0,0,2022508,658026,AlPatch_0_0,5586.7136551215,5586.8004973753
0,0,2022507,658026,AlPatch_0_0,5586.7136551215,5586.8004291891
0,0,2022680,647968,AlPatch_0_0,12348.439840355,12348.531095318
0,0,2022679,647968,AlPatch_0_0,12348.439840355,12348.530424211
0,0,2022700,646656,AlPatch_1_1,5635.2988040901,5635.3901222688
0,0,2022699,646656,AlPatch_1_1,5635.2988040901,5635.3993352777
0,0,2022736,645101,AlPatch_1_1,18336.989712228,18337.079454568
0,0,2022735,645101,AlPatch_1_1,18336.989712228,18337.08394564
0,0,2022762,642642,AlPatch_0_1,6557.0597490008,6557.1509552677
0,0,2022761,642642,AlPatch_0_1,6557.0597490008,6557.1514755595
0,0,2022988,630162,AlPatch_2_0,14113.357368026,14113.447023522
0,0,2022987,630162,AlPatch_2_0,14113.357368026,14113.443237276
0,0,2023082,625288,AlPatch_1_0,2645.7155354185,2645.8105970284
0,0,2023081,625288,AlPatch_1_0,2645.7155354185,2645.8036845952
0,0,2023226,615991,AlPatch_0_0,8468.5183589969,8468.6073735741
0,0,2023225,615991,AlPatch_0_0,8468.5183589969,8468.6177784559
0,0,2023310,611155,AlPatch_0_1,3726.3176390715,3726.4039511112
0,0,2023309,611155,AlPatch_0_1,3726.3176390715,3726.4046720603
0,0,2023720,586398,AlPatch_0_1,18168.765443994,18168.861671668
0,0,2023719,586398,AlPatch_0_1,18168.765443994,18168.85593603
0,0,2023734,585753,AlPatch_2_0,8815.4966652512,8815.5923684766
0,0,2023733,585753,AlPatch_2_0,8815.4966652512,8815.5887736443
0,0,2023852,579019,AlPatch_0_1,9905.2584936206,9905.3476135294
0,0,2023851,579019,AlPatch_0_1,9905.2584936206,9905.3478336418
0,0,2024048,568783,AlPatch_2_0,1905.1586030684,1905.2586063772
0,0,2024047,568783,AlPatch_2_0,1905.1586030684,1905.2486721024
0,0,2024080,566854,AlPatch_2_0,11102.500214484,11102.598278049
0,0,2024079,566854,AlPatch_2_0,11102.500214484,11102.599702841
0,0,2024106,565807,AlPatch_0_1,2111.4527837757,2111.5457803081
0,0,2024105,565807,AlPatch_0_1,2111.4527837757,2111.5453778021
0,0,2024142,563599,AlPatch_2_0,867.287762099,867.3745682643
0,0,2024141,563599,AlPatch_2_0,867.287762099,867.37430514654
0,0,2024332,553072,AlPatch_0_0,18627.627108641,18627.716976097
0,0,2024331,553072,AlPatch_0_0,18627.627108641,18627.7171482
0,0,2024434,547167,AlPatch_1_1,8273.9866116329,8274.0855511291
0,0,2024433,547167,AlPatch_1_1,8273.9866116329,8274.0900057095
0,0,2024602,536738,AlPatch_2_1,12704.889777949,12704.985517778
0,0,2024601,536738,AlPatch_2_1,12704.889777949,12704.98278934
0,0,2024644,534609,AlPatch_2_1,1933.2115048911,1933.2975743948
0,0,2024643,534609,AlPatch_2_1,1933.2115048911,1933.2979872393
0,0,2024908,517793,AlPatch_1_1,12697.447049826,12697.53934378
0,0,2024907,517793,AlPatch_1_1,12697.447049826,12697.545935488
0,0,2024912,517568,AlPatch_1_0,733.66387879683,733.75377569892
0,0,2024911,517568,AlPatch_1_0,733.66387879683,733.75390855361
0,0,2024958,514543,AlPatch_0_1,25997.760446298,25997.859231668
0,0,2024957,514543,AlPatch_0_1,25997.760446298,25997.855171755
0,0,2025106,506138,AlPatch_0_0,10719.927837406,10720.020496859
0,0,2025105,506138,AlPatch_0_0,10719.927837406,10720.025287629
0,0,2025170,502742,AlPatch_2_0,248.92885802867,249.02706485236
0,0,2025169,502742,AlPatch_2_0,248.92885802867,249.01961301973
0,0,2025580,477431,AlPatch_1_0,8726.9081677645,8726.9952300349
0,0,2025579,477431,AlPatch_1_0,8726.9081677645,8727.0085539883
0,0,2025648,473711,AlPatch_1_0,19173.986234453,19174.081485153
0,0,2025647,473711,AlPatch_1_0,19173.986234453,19174.074002031
0,0,2025658,473021,AlPatch_2_1,5598.2403532044,5598.3393870814
0,0,2025657,473021,AlPatch_2_1,5598.2403532044,5598.3408846837
0,0,2026004,452720,AlPatch_2_1,9587.2315552272,9587.3303452607
0,0,2026003,452720,AlPatch_2_1,9587.2315552272,9587.3213600432
0,0,2026012,452336,AlPatch_0_0,21190.735022179,21190.835393086
0,0,2026011,452336,AlPatch_0_0,21190.735022179,21190.821802322
0,0,2026068,448936,AlPatch_2_0,18092.044415055,18092.137089492
0,0,2026067,448936,AlPatch_2_0,18092.044415055,18092.137868151
0,0,2026152,442845,AlPatch_2_0,459.78488978845,459.88286941227
0,0,2026151,442845,AlPatch_2_0,459.78488978845,459.87502296021
0,0,2026468,425337,AlPatch_2_0,14617.42499453,14617.515306969
0,0,2026467,425337,AlPatch_2_0,14617.42499453,14617.512712547
0,0,2027008,392678,AlPatch_2_0,1544.2537825111,1544.3453775961
0,0,2027007,392678,AlPatch_2_0,1544.2537825111,1544.343694046
0,0,2027820,342755,AlPatch_2_1,5110.1916068385,5110.2857130283
0,0,2027819,342755,AlPatch_2_1,5110.1916068385,5110.282077925
0,0,2027832,342366,AlPatch_0_1,6458.2809164494,6458.3872461549
0,0,2027831,342366,AlPatch_0_1,6458.2809164494,6458.3692914163
0,0,2027888,338570,AlPatch_1_0,9995.6072191366,9995.6949914494
0,0,2027887,338570,AlPatch_1_0,9995.6072191366,9995.7101113778
0,0,2028132,324757,AlPatch_2_0,15108.038905644,15108.136632201
0,0,2028131,324757,AlPatch_2_0,15108.038905644,15108.136087477
0,0,2028328,312664,AlPatch_2_0,588.26725377348,588.3571540703
0,0,2028327,312664,AlPatch_2_0,588.26725377348,588.3567464196
0,0,2028464,303906,AlPatch_0_1,19096.728246116,19096.818744686
0,0,2028463,303906,AlPatch_0_1,19096.728246116,19096.825583213
0,0,2028466,303828,AlPatch_1_1,12409.296011333,12409.391872417
0,0,2028465,303828,AlPatch_1_1,12409.296011333,12409.396499875
0,0,2028800,286564,AlPatch_2_0,6184.1975403706,6184.2915016167
0,0,2028799,286564,AlPatch_2_0,6184.1975403706,6184.2925394238
0,0,2029170,264683,AlPatch_2_1,4430.2829108271,4430.3741147857
0,0,2029169,264683,AlPatch_2_1,4430.2829108271,4430.3719416892
0,0,2029438,247483,AlPatch_1_1,4076.47712214,4076.5665398793
0,0,2029437,247483,AlPatch_1_1,4076.47712214,4076.5689863879
0,0,2029496,244758,AlPatch_1_1,1130.5873578503,1130.6743336835
0,0,2029495,244758,AlPatch_1_1,1130.5873578503,1130.6837953188
0,0,2030266,197810,AlPatch_2_1,8924.5224275698,8924.6208915224
0,0,2030265,197810,AlPatch_2_1,8924.5224275698,8924.6081856603
0,0,2030946,150904,AlPatch_0_0,11064.367080015,11064.467567099
0,0,2030945,150904,AlPatch_0_0,11064.367080015,11064.462173274
0,0,2030954,150578,AlPatch_1_0,3583.8616341694,3583.9539158967
0,0,2030953,150578,AlPatch_1_0,3583.8616341694,3583.9470859799
0,0,2030986,148871,AlPatch_0_1,15420.92135121,15421.007119699
0,0,2030985,148871,AlPatch_0_1,15420.92135121,15421.007952168
0,0,2031246,133790,AlPatch_2_1,16859.16849406,16859.260012728
0,0,2031245,133790,AlPatch_2_1,16859.16849406,16859.260836628
0,0,2031320,129426,AlPatch_0_0,13059.733795888,13059.825774618
0,0,2031319,129426,AlPatch_0_0,13059.733795888,13059.830121897
0,0,2031322,129287,AlPatch_1_1,4456.4703549639,4456.5613931124
0,0,2031321,129287,AlPatch_1_1,4456.4703549639,4456.5621975095
0,0,2031370,127083,AlPatch_2_0,3452.5655062814,3452.6590252144
0,0,2031369,127083,AlPatch_2_0,3452.5655062814,3452.6650353404
0,0,2031696,107070,AlPatch_1_0,4460.4392280107,4460.5300471808
0,0,2031695,107070,AlPatch_1_0,4460.4392280107,4460.5387734286
0,0,2032128,83290,AlPatch_2_1,10491.512422085,10491.602859047
0,0,2032127,83290,AlPatch_2_1,10491.512422085,10491.60345207
0,0,2032376,68375,AlPatch_1_1,2060.4321822403,2060.5261604074
0,0,2032375,68375,AlPatch_1_1,2060.4321822403,2060.5254189047
0,0,2032604,55390,AlPatch_1_1,3264.6719191513,3264.7653469869
0,0,2032603,55390,AlPatch_1_1,3264.6719191513,3264.7672182865
0,0,2032654,52658,AlPatch_1_1,11104.611175055,11104.70111129
0,0,2032653,52658,AlPatch_1_1,11104.611175055,11104.69944207
0,0,2033248,17321,AlPatch_2_0,507.01691561237,507.11761604684
0,0,2033247,17321,AlPatch_2_0,507.01691561237,507.10796098259
0,0,2033436,7320,AlPatch_2_0,12967.742424778,12967.839687948
0,0,2033435,7320,AlPatch_2_0,12967.742424778,12967.832987415
10,0,2000020,1999054,AlPatch_2_0,1068.6021160042,1068.6925291013
10,0,2000019,1999054,AlPatch_2_0,1068.6021160042,1068.6898840932
10,0,2000134,1991820,AlPatch_1_1,14364.973487016,14365.069951907
10,0,2000133,1991820,AlPatch_1_1,14364.973487016,14365.070001606
10,0,2000798,1954420,AlPatch_1_0,3156.453418371,3156.5581624488
10,0,2000797,1954420,AlPatch_1_0,3156.453418371,3156.5589603865
10,0,2000962,1945641,AlPatch_2_0,878.14287153001,878.23039467211
10,0,2000961,1945641,AlPatch_2_0,878.14287153001,878.23354052927
10,0,2001026,1940093,AlPatch_2_0,1439.8616267322,1439.9479542797
10,0,2001025,1940093,AlPatch_2_0,1439.8616267322,1439.9620076852
10,0,2001148,1933095,AlPatch_1_1,12036.903791826,12036.996980874
10,0,2001147,1933095,AlPatch_1_1,12036.903791826,12036.995279049
10,0,2001214,1928504,AlPatch_2_0,250.94270328787,251.04303387489
10,0,2001213,1928504,AlPatch_2_0,250.94270328787,251.03935500374
10,0,2001586,1906221,AlPatch_2_0,2331.0273083055,2331.1237494036
10,0,2001585,1906221,AlPatch_2_0,2331.0273083055,2331.1216801569
10,0,2001744,1896704,AlPatch_0_0,12142.434616756,12142.523903854
10,0,2001743,1896704,AlPatch_0_0,12142.434616756,12142.525260584
10,0,2002020,1881792,AlPatch_0_1,14295.177498236,14295.275835584
10,0,2002019,1881792,AlPatch_0_1,14295.177498236,14295.272670536
10,0,2002042,1880800,AlPatch_2_0,19162.289465124,19162.375871975
10,0,2002041,1880800,AlPatch_2_0,19162.289465125,19162.39032804
10,0,2002206,1870028,AlPatch_2_1,3179.4990371312,3179.5967860336
10,0,2002205,1870028,AlPatch_2_1,3179.4990371312,3179.5915965907
10,0,2002294,1864475,AlPatch_1_1,5994.2005238323,5994.2962717079
10,0,2002293,1864475,AlPatch_1_1,5994.2005238323,5994.2941033984
10,0,2002410,1858366,AlPatch_0_0,14017.969055042,14018.057713837
10,0,2002409,1858366,AlPatch_0_0,14017.969055042,14018.058121638
10,0,2002706,1841118,AlPatch_2_1,14629.836267306,14629.922604053
10,0,2002705,1841118,AlPatch_2_1,14629.836267306,14629.92233756
10,0,2002958,1825793,AlPatch_2_0,14257.565757928,14257.652539806
10,0,2002957,1825793,AlPatch_2_0,14257.565757928,14257.652929952
10,0,2003250,1808388,AlPatch_0_1,16092.127429535,16092.222697333
10,0,2003249,1808388,AlPatch_0_1,16092.127429535,16092.220556513
10,0,2003288,1806431,AlPatch_2_0,6450.6938985877,6450.7835221022
10,0,2003287,1806431,AlPatch_2_0,6450.6938985878,6450.786066033
10,0,2003300,1806015,AlPatch_2_1,11029.951877008,11030.042322824
10,0,2003299,1806015,AlPatch_2_1,11029.951877008,11030.054113154
10,0,2003410,1797690,AlPatch_2_0,804.63969852251,804.73251183485
10,0,2003409,1797690,AlPatch_2_0,804.63969852251,804.73515894869
10,0,2003502,1793059,AlPatch_2_0,3320.6030615922,3320.694507079
10,0,2003501,1793059,AlPatch_2_0,3320.6030615922,3320.6979221178
10,0,2003548,1790747,AlPatch_2_0,259.20425041987,259.30263111812
10,0,2003547,1790747,AlPatch_2_0,259.20425041987,259.29525319741
10,0,2003558,1789669,AlPatch_2_0,12153.329228606,12153.416678043
10,0,2003557,1789669,AlPatch_2_0,12153.329228606,12153.431810952
10,0,2003718,1780567,AlPatch_2_1,5589.4106328028,5589.5093336531
10,0,2003717,1780567,AlPatch_2_1,5589.4106328028,5589.5096680216
10,0,2003772,1777501,AlPatch_2_0,1677.0699592255,1677.1656778323
10,0,2003771,1777501,AlPatch_2_0,1677.0699592255,1677.1601109004
10,0,2004144,1758640,AlPatch_2_0,7181.7637972728,7181.8577906725
10,0,2004143,1758640,AlPatch_2_0,7181.7637972728,7181.8564935821
10,0,2004262,1751443,AlPatch_2_0,4475.4249820609,4475.5278683553
10,0,2004261,1751443,AlPatch_2_0,4475.4249820609,4475.5110593542
10,0,2004484,1738979,AlPatch_2_1,11621.737217201,11621.837537044
10,0,2004483,1738979,AlPatch_2_1,11621.737217201,11621.832071818
10,0,2004658,1726579,AlPatch_2_0,5357.3621862517,5357.450213822
10,0,2004657,1726579,AlPatch_2_0,5357.3621862517,5357.4656490235
10,0,2004660,1726565,AlPatch_0_0,5381.0594950033,5381.1494507733
10,0,2004659,1726565,AlPatch_0_0,5381.0594950033,5381.147727458
10,0,2004802,1718278,AlPatch_1_1,7885.1492582688,7885.2435585356
10,0,2004801,1718278,AlPatch_1_1,7885.1492582688,7885.2508302803
10,0,2005086,1702516,AlPatch_2_0,4988.383154014,4988.4705060088
10,0,2005085,1702516,AlPatch_2_0,4988.383154014,4988.4847152114
10,0,2005132,1700395,AlPatch_0_0,3859.4507778724,3859.5540454703
10,0,2005131,1700395,AlPatch_0_0,3859.4507778724,3859.5387126819
10,0,2005238,1693566,AlPatch_0_0,11408.211833967,11408.31378843
10,0,2005237,1693566,AlPatch_0_0,11408.211833967,11408.302168793
10,0,2005286,1691124,AlPatch_2_1,8099.4539364145,8099.5513923735
10,0,2005285,1691124,AlPatch_2_1,8099.4539364145,8099.5557297214
10,0,2005818,1659202,AlPatch_2_0,273.1480934373,273.24077192144
10,0,2005817,1659202,AlPatch_2_0,273.1480934373,273.23595029672
10,0,2006158,1638717,AlPatch_1_1,9998.5240863102,9998.6168334835
10,0,2006157,1638717,AlPatch_1_1,9998.5240863102,9998.6175774502
10,0,2006244,1633432,AlPatch_1_0,15089.186204097,15089.27708645
10,0,2006243,1633432,AlPatch_1_0,15089.186204097,15089.274337846
10,0,2006286,1631158,AlPatch_2_1,11685.00500949,11685.09581986
10,0,2006285,1631158,AlPatch_2_1,11685.00500949,11685.107816291
10,0,2006596,1611035,AlPatch_1_0,2435.109139597,2435.1978588506
10,0,2006595,1611035,AlPatch_1_0,2435.109139597,2435.2064396625
10,0,2006938,1590000,AlPatch_2_0,454.46256461898,454.55693819178
10,0,2006937,1590000,AlPatch_2_0,454.46256461898,454.55240860789
10,0,2007014,1584663,AlPatch_2_0,272.39405882805,272.48534308466
10,0,2007013,1584663,AlPatch_2_0,272.39405882805,272.49119687389
10,0,2007364,1565017,AlPatch_1_1,6068.5995652199,6068.7008919178
10,0,2007363,1565017,AlPatch_1_1,6068.5995652199,6068.6865465401
10,0,2007402,1563129,AlPatch_1_1,9083.2140769613,9083.3044550967
10,0,2007401,1563129,AlPatch_1_1,9083.2140769613,9083.3043315105
10,0,2007420,1562321,AlPatch_0_1,9969.9707609859,9970.0592814831
10,0,2007419,1562321,AlPatch_0_1,9969.9707609859,9970.0767251231
10,0,2007436,1561301,AlPatch_0_1,14718.299295133,14718.385537123
10,0,2007435,1561301,AlPatch_0_1,14718.299295133,14718.385076705
10,0,2007512,1557461,AlPatch_2_1,10347.325932464,10347.422200934
10,0,2007511,1557461,AlPatch_2_1,10347.325932464,10347.419515833
10,0,2007810,1540560,AlPatch_0_0,16035.407728523,16035.495118394
10,0,2007809,1540560,AlPatch_0_0,16035.407728523,16035.508687641
10,0,2007920,1533402,AlPatch_1_1,3612.6310296467,3612.7220502646
10,0,2007919,1533402,AlPatch_1_1,3612.6310296467,3612.7296266043
10,0,2008546,1493965,AlPatch_1_0,14170.066467486,14170.168645867
10,0,2008545,1493965,AlPatch_1_0,14170.066467486,14170.156054197
10,0,2008726,1484051,AlPatch_1_0,3792.151270023,3792.2537556042
10,0,2008725,1484051,AlPatch_1_0,3792.151270023,3792.2479045656
10,0,2008942,1473049,AlPatch_1_0,9164.1547006623,9164.2444835036
10,0,2008941,1473049,AlPatch_1_0,9164.1547006624,9164.2508028187
10,0,2009134,1461555,AlPatch_1_0,10583.825624069,10583.916924231
10,0,2009133,1461555,AlPatch_1_0,10583.825624069,10583.920853896
10,0,2009400,1443400,AlPatch_2_0,578.68764655334,578.7735773928
10,0,2009399,1443400,AlPatch_2_0,578.68764655334,578.77320596809
10,0,2009418,1442274,AlPatch_1_1,8194.6895882591,8194.7751309607
10,0,2009417,1442274,AlPatch_1_1,8194.6895882591,8194.7816365007
10,0,2009546,1433492,AlPatch_0_1,15255.739453687,15255.826544846
10,0,2009545,1433492,AlPatch_0_1,15255.739453687,15255.836495305
10,0,2009586,1430674,AlPatch_0_1,13390.610664226,13390.69802988
10,0,2009585,1430674,AlPatch_0_1,13390.610664226,13390.706268105
10,0,2009634,1428870,AlPatch_2_1,15209.355325529,15209.455865428
10,0,2009633,1428870,AlPatch_2_1,15209.355325529,15209.446584797
10,0,2009740,1423772,AlPatch_2_1,11435.39945704,11435.487846078
10,0,2009739,1423772,AlPatch_2_1,11435.39945704,11435.498579464
10,0,2010640,1371392,AlPatch_2_1,12087.004685442,12087.103806425
10,0,2010639,1371392,AlPatch_2_1,12087.004685442,12087.105934134
10,0,2010804,1363423,AlPatch_0_1,12263.631054244,12263.724376512
10,0,2010803,1363423,AlPatch_0_1,12263.631054244,12263.724347785
10,0,2010894,1358499,AlPatch_0_0,4671.5917328616,4671.6820091743
10,0,2010893,1358499,AlPatch_0_0,4671.5917328616,4671.6810888978
10,0,2011080,1348192,AlPatch_2_0,20423.391512668,20423.48209068
10,0,2011079,1348192,AlPatch_2_0,20423.391512668,20423.487014179
10,0,2011264,1337447,AlPatch_0_1,2492.5588962049,2492.6518994182
10,0,2011263,1337447,AlPatch_0_1,2492.5588962049,2492.6515831092
10,0,2011392,1331013,AlPatch_0_1,17277.743398434,17277.841096944
10,0,2011391,1331013,AlPatch_0_1,17277.743398434,17277.834109506
10,0,2011990,1296035,AlPatch_0_0,5981.2541355308,5981.3549902088
10,0,2011989,1296035,AlPatch_0_0,5981.2541355308,5981.3482670422
10,0,2012266,1281365,AlPatch_2_0,259.40069532739,259.50272876734
10,0,2012265,1281365,AlPatch_2_0,259.40069532739,259.49456906949
10,0,2012464,1270288,AlPatch_1_1,8730.5898323835,8730.6914598399
10,0,2012463,1270288,AlPatch_1_1,8730.5898323835,8730.6814236521
10,0,2013410,1213698,AlPatch_1_0,6006.4896803704,6006.575411542
10,0,2013409,1213698,AlPatch_1_0,6006.4896803704,6006.5755472293
10,0,2013550,1205537,AlPatch_1_0,11535.148726169,11535.239337897
10,0,2013549,1205537,AlPatch_1_0,11535.148726169,11535.238231866
10,0,2013562,1204386,AlPatch_0_0,5364.2145910415,5364.3061237178
10,0,2013561,1204386,AlPatch_0_0,5364.2145910415,5364.3027966821
10,0,2013794,1191570,AlPatch_0_1,8840.6826602834,8840.7763080137
10,0,2013793,1191570,AlPatch_0_1,8840.6826602834,8840.7698593186
10,0,2013854,1188744,AlPatch_0_1,12484.309876122,12484.401911104
10,0,2013853,1188744,AlPatch_0_1,12484.309876122,12484.401136902
10,0,2013864,1188440,AlPatch_1_0,6611.7101054627,6611.8073105141
10,0,2013863,1188440,AlPatch_1_0,6611.7101054627,6611.8041809846
10,0,2013896,1187062,AlPatch_2_1,6586.6972381772,6586.7975858725
10,0,2013895,1187062,AlPatch_2_1,6586.6972381772,6586.7878798448
10,0,2014008,1181188,AlPatch_2_0,255.33059987012,255.41945395697
10,0,2014007,1181188,AlPatch_2_0,255.33059987012,255.41993584889
10,0,2014132,1173333,AlPatch_2_1,3278.4640346525,3278.5627415897
10,0,2014131,1173333,AlPatch_2_1,3278.4640346525,3278.5617406195
10,0,2014196,1169523,AlPatch_1_1,9639.1940731839,9639.2887345547
10,0,2014195,1169523,AlPatch_1_1,9639.1940731839,9639.2961138164
10,0,2014400,1158195,AlPatch_0_0,12856.355384534,12856.445690458
10,0,2014399,1158195,AlPatch_0_0,12856.355384534,12856.445579369
10,0,2014402,1157785,AlPatch_1_0,1200.4530989233,1200.5538904729
10,0,2014401,1157785,AlPatch_1_0,1200.4530989233,1200.5436042369
10,0,2014608,1147664,AlPatch_1_0,7315.0468884668,7315.1364547557
10,0,2014607,1147664,AlPatch_1_0,7315.0468884668,7315.1473362024
10,0,2014730,1140237,AlPatch_0_1,14955.444324501,14955.533735215
10,0,2014729,1140237,AlPatch_0_1,14955.444324501,14955.532901451
10,0,2014824,1134538,AlPatch_0_0,2829.0971114987,2829.1911484462
10,0,2014823,1134538,AlPatch_0_0,2829.0971114987,2829.1939855061
10,0,2015690,1083326,AlPatch_2_1,5266.0472270047,5266.1377483268
10,0,2015689,1083326,AlPatch_2_1,5266.0472270047,5266.1434553703
10,0,2015934,1067833,AlPatch_2_0,11929.55705884,11929.65181318
10,0,2015933,1067833,AlPatch_2_0,11929.55705884,11929.645262878
10,0,2016008,1063027,AlPatch_1_0,1075.9924387904,1076.0777791513
10,0,2016007,1063027,AlPatch_1_0,1075.9924387904,1076.0882734583
10,0,2016674,1021751,AlPatch_2_0,1194.3035772673,1194.3973591992
10,0,2016673,1021751,AlPatch_2_0,1194.3035772673,1194.3962138059
10,0,2016686,1021093,AlPatch_0_0,14565.932150177,14566.034048549
10,0,2016685,1021093,AlPatch_0_0,14565.932150177,14566.020581391
10,0,2016918,1006920,AlPatch_2_1,11932.304020774,11932.405354109
10,0,2016917,1006920,AlPatch_2_1,11932.304020774,11932.392140553
10,0,2017948,951725,AlPatch_1_1,5223.407211106,5223.5031011987
10,0,2017947,951725,AlPatch_1_1,5223.407211106,5223.5065360582
10,0,2018720,904161,AlPatch_0_1,10114.070618884,10114.164987592
10,0,2018719,904161,AlPatch_0_1,10114.070618884,10114.162359931
10,0,2018820,897041,AlPatch_0_1,6139.9510177344,6140.036390153
10,0,2018819,897041,AlPatch_0_1,6139.9510177344,6140.0480634839
10,0,2019066,883002,AlPatch_1_0,13939.284177833,13939.369979765
10,0,2019065,883002,AlPatch_1_0,13939.284177833,13939.376425986
10,0,2019082,882280,AlPatch_0_1,7317.9813587858,7318.0692784635
10,0,2019081,882280,AlPatch_0_1,7317.9813587858,7318.0693656873
10,0,2019126,879114,AlPatch_0_1,5045.4186817261,5045.5112786895
10,0,2019125,879114,AlPatch_0_1,5045.4186817261,5045.5086733652
10,0,2019236,871385,AlPatch_0_0,6732.1016889832,6732.2008353042
10,0,2019235,871385,AlPatch_0_0,6732.1016889832,6732.1911458891
10,0,2019512,855953,AlPatch_2_1,8888.7383783827,8888.8339271239
10,0,2019511,855953,AlPatch_2_1,8888.7383783827,8888.8324425328
10,0,2019646,848165,AlPatch_0_0,13593.769660327,13593.855914501
10,0,2019645,848165,AlPatch_0_0,13593.769660327,13593.860189875
10,0,2019690,846017,AlPatch_1_1,5634.3266765633,5634.4296258922
10,0,2019689,846017,AlPatch_1_1,5634.3266765633,5634.4121173674
10,0,2019790,839352,AlPatch_1_1,3598.1094930056,3598.1989938766
10,0,2019789,839352,AlPatch_1_1,3598.1094930056,3598.2088493393
10,0,2019800,838838,AlPatch_0_0,10793.588399101,10793.678814749
10,0,2019799,838838,AlPatch_0_0,10793.588399101,10793.67809988
10,0,2019802,838673,AlPatch_2_0,458.46686887682,458.55931511356
10,0,2019801,838673,AlPatch_2_0,458.46686887682,458.56702279339
10,0,2019826,837443,AlPatch_2_1,2764.337620892,2764.4293579034
10,0,2019825,837443,AlPatch_2_1,2764.337620892,2764.4323699189
10,0,2020044,824227,AlPatch_0_0,10875.262021419,10875.359232984
10,0,2020043,824227,AlPatch_0_0,10875.262021419,10875.358936292
10,0,2020340,805926,AlPatch_0_1,13611.675247234,13611.774671301
10,0,2020339,805926,AlPatch_0_1,13611.675247234,13611.76348797
10,0,2020952,771733,AlPatch_0_1,18421.632277732,18421.717840251
10,0,2020951,771733,AlPatch_0_1,18421.632277732,18421.721998753
10,0,2021044,765627,AlPatch_2_1,7060.017421971,7060.1046518506
10,0,2021043,765627,AlPatch_2_1,7060.017421971,7060.1071605898
10,0,2021850,720290,AlPatch_1_1,8179.4612838735,8179.5467860523
10,0,2021849,720290,AlPatch_1_1,8179.4612838735,8179.5636365466
10,0,2022012,709018,AlPatch_1_1,1010.6983412191,1010.8034652808
10,0,2022011,709018,AlPatch_1_1,1010.6983412191,1010.7838511691
10,0,2022090,704279,AlPatch_2_0,257.3440355792,257.44508915057
10,0,2022089,704279,AlPatch_2_0,257.3440355792,257.43147418743
10,0,2022416,688460,AlPatch_2_0,439.22109438288,439.31866371014
10,0,2022415,688460,AlPatch_2_0,439.22109438288,439.3115902685
10,0,2022934,657009,AlPatch_1_0,10250.204410758,10250.292399749
10,0,2022933,657009,AlPatch_1_0,10250.204410758,10250.309846355
10,0,2022962,655808,AlPatch_2_0,11270.735020893,11270.830003874
10,0,2022961,655808,AlPatch_2_0,11270.735020893,11270.82841525
10,0,2023250,639263,AlPatch_2_0,953.4356249292,953.52406611267
10,0,2023249,639263,AlPatch_2_0,953.4356249292,953.52485811238
10,0,2023278,637796,AlPatch_2_0,18979.598697997,18979.694269721
10,0,2023277,637796,AlPatch_2_0,18979.598697997,18979.692696421
10,0,2023290,637276,AlPatch_2_0,8778.6577330195,8778.7610577413
10,0,2023289,637276,AlPatch_2_0,8778.6577330195,8778.7469903056
10,0,2023450,627997,AlPatch_0_0,19325.691391592,19325.780970515
10,0,2023449,627997,AlPatch_0_0,19325.691391592,19325.785859843
10,0,2023648,615400,AlPatch_0_1,10656.761388734,10656.847631516
10,0,2023647,615400,AlPatch_0_1,10656.761388734,10656.847439418
10,0,2023706,611571,AlPatch_1_0,551.12550740789,551.2216463843
10,0,2023705,611571,AlPatch_1_0,551.12550740789,551.22124545565
10,0,2023898,598580,AlPatch_0_0,11027.044148911,11027.136153949
10,0,2023897,598580,AlPatch_0_0,11027.044148911,11027.143315924
10,0,2023998,591781,AlPatch_1_0,768.1197125774,768.21402615277
10,0,2023997,591781,AlPatch_1_0,768.11971257741,768.20970225584
10,0,2024496,563598,AlPatch_2_0,8865.541019063,8865.6312099207
10,0,2024495,563598,AlPatch_2_0,8865.541019063,8865.6385750183
10,0,2024696,552157,AlPatch_2_0,3199.2261563148,3199.3128093277
10,0,2024695,552157,AlPatch_2_0,3199.2261563148,3199.3137182207
10,0,2024906,539048,AlPatch_2_0,11717.30371449,11717.405361281
10,0,2024905,539048,AlPatch_2_0,11717.30371449,11717.390538206
10,0,2025056,530475,AlPatch_1_0,16719.677448884,16719.783548562
10,0,2025055,530475,AlPatch_1_0,16719.677448884,16719.768678685
10,0,2025434,509003,AlPatch_2_0,3338.5681690623,3338.6594362375
10,0,2025433,509003,AlPatch_2_0,3338.5681690623,3338.6581302036
10,0,2025494,506157,AlPatch_0_1,6428.8394709814,6428.9306188702
10,0,2025493,506157,AlPatch_0_1,6428.8394709814,6428.9259007521
10,0,2025646,496133,AlPatch_1_1,8403.0957004021,8403.1880299176
10,0,2025645,496133,AlPatch_1_1,8403.0957004021,8403.1947882288
10,0,2025800,488497,AlPatch_2_0,280.28779091378,280.37450272728
10,0,2025799,488497,AlPatch_2_0,280.28779091378,280.37410722376
10,0,2026302,460304,AlPatch_1_0,4081.7422952675,4081.8322905282
10,0,2026301,460304,AlPatch_1_0,4081.7422952675,4081.8401018863
10,0,2026346,457243,AlPatch_1_0,16575.736709953,16575.829177382
10,0,2026345,457243,AlPatch_1_0,16575.736709953,16575.832835066
10,0,2026354,456826,AlPatch_0_0,8527.7846084655,8527.8774277043
10,0,2026353,456826,AlPatch_0_0,8527.7846084655,8527.8779348402
10,0,2026378,456083,AlPatch_2_1,14500.995612612,14501.085531033
10,0,2026377,456083,AlPatch_2_1,14500.995612612,14501.087149045
10,0,2026462,451343,AlPatch_2_0,9036.6379309841,9036.7305767686
10,0,2026461,451343,AlPatch_2_0,9036.6379309841,9036.7309245412
10,0,2026550,446546,AlPatch_1_0,4852.7727957969,4852.858871109
10,0,2026549,446546,AlPatch_1_0,4852.7727957969,4852.8663609127
10,0,2026556,446344,AlPatch_1_0,6795.1134531164,6795.2012821526
10,0,2026555,446344,AlPatch_1_0,6795.1134531164,6795.2126716154
10,0,2026646,441807,AlPatch_1_0,9027.085270839,9027.1769229088
10,0,2026645,441807,AlPatch_1_0,9027.085270839,9027.1733870298
10,0,2026766,434620,AlPatch_0_0,10635.914822171,10636.01385049
10,0,2026765,434620,AlPatch_0_0,10635.914822171,10636.005141448
10,0,2026790,433177,AlPatch_0_1,16739.498276806,16739.584662666
10,0,2026789,433177,AlPatch_0_1,16739.498276806,16739.591439655
10,0,2026964,421725,AlPatch_0_1,6628.6348114032,6628.7233498225
10,0,2026963,421725,AlPatch_0_1,6628.6348114032,6628.734470358
10,0,2027230,406004,AlPatch_0_1,11403.775313218,11403.87276162
10,0,2027229,406004,AlPatch_0_1,11403.775313218,11403.87344272
10,0,2027382,395975,AlPatch_1_1,1872.3614444136,1872.4577524447
10,0,2027381,395975,AlPatch_1_1,1872.3614444136,1872.4579240556
10,0,2027486,389403,AlPatch_2_1,8440.7506304041,8440.8508756127
10,0,2027485,389403,AlPatch_2_1,8440.7506304041,8440.8398483951
10,0,2027830,368779,AlPatch_0_0,10754.191879889,10754.28038474
10,0,2027829,368779,AlPatch_0_0,10754.191879889,10754.283340944
10,0,2028116,353230,AlPatch_2_0,8863.0590226035,8863.1530285093
10,0,2028115,353230,AlPatch_2_0,8863.0590226035,8863.1495897364
10,0,2028252,345547,AlPatch_2_0,4359.7392550658,4359.8360428536
10,0,2028251,345547,AlPatch_2_0,4359.7392550658,4359.8442946193
10,0,2028586,325803,AlPatch_1_1,11998.752569045,11998.84551918
10,0,2028585,325803,AlPatch_1_1,11998.752569045,11998.846741758
10,0,2028970,302808,AlPatch_1_0,11733.942254476,11734.044489623
10,0,2028969,302808,AlPatch_1_0,11733.942254476,11734.027754474
10,0,2029254,284111,AlPatch_0_1,5376.9617565271,5377.0533853702
10,0,2029253,284111,AlPatch_0_1,5376.9617565271,5377.0532844491
10,0,2029316,280175,AlPatch_1_0,4984.9187569867,4985.01347219
10,0,2029315,280175,AlPatch_1_0,4984.9187569867,4985.0134107872
10,0,2029542,268311,AlPatch_0_0,10587.405838018,10587.50579097
10,0,2029541,268311,AlPatch_0_0,10587.405838018,10587.499204711
10,0,2029632,263898,AlPatch_1_0,15990.078869561,15990.180189683
10,0,2029631,263898,AlPatch_1_0,15990.078869561,15990.181105495
10,0,2029820,253417,AlPatch_2_1,1931.5805640195,1931.6685677615
10,0,2029819,253417,AlPatch_2_1,1931.5805640195,1931.6678764323
10,0,2030188,233664,AlPatch_2_0,4878.4673464412,4878.5535308055
10,0,2030187,233664,AlPatch_2_0,4878.4673464412,4878.5600961085
10,0,2030370,222519,AlPatch_1_1,10838.863174673,10838.952091136
10,0,2030369,222519,AlPatch_1_1,10838.863174673,10838.955676204
10,0,2030440,217893,AlPatch_1_0,12676.840927042,12676.926380662
10,0,2030439,217893,AlPatch_1_0,12676.840927042,12676.942281641
10,0,2030620,205994,AlPatch_2_1,10029.920134914,10030.017414821
10,0,2030619,205994,AlPatch_2_1,10029.920134914,10030.015758955
10,0,2030658,204395,AlPatch_2_1,14412.862424461,14412.954360283
10,0,2030657,204395,AlPatch_2_1,14412.862424461,14412.963164404
10,0,2030720,201008,AlPatch_2_1,16845.901159311,16845.989721863
10,0,2030719,201008,AlPatch_2_1,16845.901159311,16845.989430831
10,0,2030894,190453,AlPatch_2_1,14754.506264117,14754.607666025
10,0,2030893,190453,AlPatch_2_1,14754.506264117,14754.593727288
10,0,2031270,168315,AlPatch_2_0,931.99178402056,932.08787127117
10,0,2031269,168315,AlPatch_2_0,931.99178402056,932.09435865408
10,0,2031364,162080,AlPatch_2_1,2637.3237017385,2637.4259743777
10,0,2031363,162080,AlPatch_2_1,2637.3237017385,2637.4095576564
10,0,2031576,148901,AlPatch_2_0,1598.9329420321,1599.0317598272
10,0,2031575,148901,AlPatch_2_0,1598.9329420321,1599.0234333832
10,0,2031650,145206,AlPatch_2_0,509.69192471532,509.79265333532
10,0,2031649,145206,AlPatch_2_0,509.69192471532,509.78216251305
10,0,2031682,144017,AlPatch_1_0,11381.106820583,11381.194269701
10,0,2031681,144017,AlPatch_1_0,11381.106820583,11381.196976012
10,0,2032302,109278,AlPatch_2_0,400.78291913403,400.87371392998
10,0,2032301,109278,AlPatch_2_0,400.78291913403,400.88088989104
10,0,2032308,109066,AlPatch_2_0,7929.721127356,7929.8154605634
10,0,2032307,109066,AlPatch_2_0,7929.721127356,7929.8157393546
10,0,2032638,88925,AlPatch_2_0,4133.1999563223,4133.287491474
10,0,2032637,88925,AlPatch_2_0,4133.1999563223,4133.2919042746
10,0,2032664,88073,AlPatch_2_0,11754.277553733,11754.373713572
10,0,2032663,88073,AlPatch_2_0,11754.277553733,11754.367039865
10,0,2032730,83655,AlPatch_0_1,11702.616561308,11702.709491892
10,0,2032729,83655,AlPatch_0_1,11702.616561308,11702.70968479
10,0,2032762,81937,AlPatch_2_0,16517.535661361,16517.623086304
10,0,2032761,81937,AlPatch_2_0,16517.535661361,16517.622000273
10,0,2032784,80887,AlPatch_2_0,12974.578834332,12974.666147236
10,0,2032783,80887,AlPatch_2_0,12974.578834332,12974.668853772
10,0,2032806,79557,AlPatch_0_0,2189.6913912772,2189.7886198358
10,0,2032805,79557,AlPatch_0_0,2189.6913912772,2189.784528973
10,0,2032854,77327,AlPatch_2_1,5403.3293033171,5403.4298557812
10,0,2032853,77327,AlPatch_2_1,5403.3293033171,5403.4281370243
10,0,2033212,54405,AlPatch_0_1,2964.692431557,2964.7804844865
10,0,2033211,54405,AlPatch_0_1,2964.692431557,2964.7867802735
10,0,2033522,36021,AlPatch_2_1,2267.8635368352,2267.9497228417
10,0,2033521,36021,AlPatch_2_1,2267.8635368352,2267.9496515917
10,0,2033540,34820,AlPatch_2_0,6314.2601886227,6314.3577673421
10,0,2033539,34820,AlPatch_2_0,6314.2601886227,6314.355968163
10,0,2033690,26106,AlPatch_0_1,5263.7408510437,5263.8365401572
10,0,2033689,26106,AlPatch_0_1,5263.7408510437,5263.8290524634
10,0,2033700,25424,AlPatch_1_0,21343.123610934,21343.223129794
10,0,2033699,25424,AlPatch_1_0,21343.123610934,21343.211968241
10,0,2034090,1677,AlPatch_0_0,3786.660723362,3786.7525768775
10,0,2034089,1677,AlPatch_0_0,3786.660723362,3786.757710466
10,0,2034118,690,AlPatch_1_0,3448.0798407476,3448.1744362429
10,0,2034117,690,AlPatch_1_0,3448.0798407476,3448.1768275037
11,0,2000154,1990088,AlPatch_2_1,739.00371545784,739.09157139957
11,0,2000153,1990088,AlPatch_2_1,739.00371545784,739.09096410116
11,0,2000714,1957743,AlPatch_2_0,10861.699179687,10861.80311483
11,0,2000713,1957743,AlPatch_2_0,10861.699179687,10861.784717695
11,0,2001302,1925107,AlPatch_2_0,1721.5864224794,1721.6799456785
11,0,2001301,1925107,AlPatch_2_0,1721.5864224794,1721.6751900807
11,0,2001352,1921084,AlPatch_1_0,4338.6412775245,4338.7382472625
11,0,2001351,1921084,AlPatch_1_0,4338.6412775245,4338.7347237153
11,0,2001678,1901703,AlPatch_2_1,17091.676804247,17091.775444826
11,0,2001677,1901703,AlPatch_2_1,17091.676804247,17091.768419149
11,0,2001732,1898696,AlPatch_1_0,1439.1917961533,1439.2969353799
11,0,2001731,1898696,AlPatch_1_0,1439.1917961533,1439.2796114994
11,0,2001960,1885940,AlPatch_0_1,18875.00855576,18875.112993516
11,0,2001959,1885940,AlPatch_0_1,18875.00855576,18875.103008725
11,0,2002100,1877081,AlPatch_1_1,15181.633687521,15181.72517161
11,0,2002099,1877081,AlPatch_1_1,15181.633687521,15181.727928408
11,0,2002190,1870211,AlPatch_2_0,5668.5308660195,5668.6176062148
11,0,2002189,1870211,AlPatch_2_0,5668.5308660195,5668.6184074124
11,0,2002322,1862503,AlPatch_0_1,7250.2640620229,7250.3666568566
11,0,2002321,1862503,AlPatch_0_1,7250.2640620229,7250.3514148803
11,0,2002500,1853406,AlPatch_2_0,250.98033023033,251.0735212109
11,0,2002499,1853406,AlPatch_2_0,250.98033023033,251.08216169835
11,0,2002656,1843371,AlPatch_2_1,2611.3474948284,2611.4345400476
11,0,2002655,1843371,AlPatch_2_1,2611.3474948284,2611.4358723345
11,0,2002764,1836736,AlPatch_2_0,255.04736978234,255.13789675168
11,0,2002763,1836736,AlPatch_2_0,255.04736978234,255.14715639122
11,0,2002770,1836460,AlPatch_0_0,16149.474789495,16149.564284376
11,0,2002769,1836460,AlPatch_0_0,16149.474789495,16149.571334774
11,0,2002940,1827165,AlPatch_2_0,1798.7401388741,1798.8380086218
11,0,2002939,1827165,AlPatch_2_0,1798.7401388741,1798.8371461948
11,0,2002972,1825666,AlPatch_0_1,16339.361817771,16339.453187409
11,0,2002971,1825666,AlPatch_0_1,16339.361817771,16339.449570869
11,0,2003018,1823377,AlPatch_0_0,18239.066749331,18239.167614348
11,0,2003017,1823377,AlPatch_0_0,18239.066749331,18239.162576272
11,0,2003472,1796713,AlPatch_0_1,9347.8193559328,9347.9149848386
11,0,2003471,1796713,AlPatch_0_1,9347.8193559328,9347.915213746
11,0,2003820,1773561,AlPatch_2_1,13731.028186351,13731.12768727
11,0,2003819,1773561,AlPatch_2_1,13731.028186351,13731.118554651
11,0,2004656,1725145,AlPatch_1_0,1507.1771841923,1507.2724159723
11,0,2004655,1725145,AlPatch_1_0,1507.1771841923,1507.2667668098
11,0,2004704,1723293,AlPatch_2_0,536.77566689488,536.8692961816
11,0,2004703,1723293,AlPatch_2_0,536.77566689488,536.86533044806
11,0,2005206,1693177,AlPatch_1_1,2869.543772665,2869.644899699
11,0,2005205,1693177,AlPatch_1_1,2869.543772665,2869.6307955407
11,0,2005512,1676467,AlPatch_0_0,4860.2855032468,4860.3716705098
11,0,2005511,1676467,AlPatch_0_0,4860.2855032468,4860.3727939265
11,0,2005724,1664930,AlPatch_1_1,9199.42499677,9199.5200589471
11,0,2005723,1664930,AlPatch_1_1,9199.42499677,9199.5145847108
11,0,2006124,1639628,AlPatch_2_1,4312.2688854417,4312.356121327
11,0,2006123,1639628,AlPatch_2_1,4312.2688854417,4312.3758361226
11,0,2006232,1632000,AlPatch_0_1,12174.68400554,12174.775009355
11,0,2006231,1632000,AlPatch_0_1,12174.68400554,12174.776206181
11,0,2006422,1619431,AlPatch_1_1,13126.064641906,13126.156380764
11,0,2006421,1619431,AlPatch_1_1,13126.064641906,13126.164005182
11,0,2006492,1614899,AlPatch_0_1,7818.4244314707,7818.514538885
11,0,2006491,1614899,AlPatch_0_1,7818.4244314707,7818.5168703811
11,0,2006630,1606894,AlPatch_2_0,1782.1685132883,1782.2585917149
11,0,2006629,1606894,AlPatch_2_0,1782.1685132883,1782.2629763342
11,0,2006878,1588240,AlPatch_2_0,11424.720947178,11424.819699079
11,0,2006877,1588240,AlPatch_2_0,11424.720947178,11424.81344107
11,0,2006940,1584702,AlPatch_0_1,9231.6018206461,9231.7040287967
11,0,2006939,1584702,AlPatch_0_1,9231.6018206461,9231.6946753209
11,0,2007012,1581115,AlPatch_2_0,1749.3587948194,1749.4551116122
11,0,2007011,1581115,AlPatch_2_0,1749.3587948194,1749.4526213553
11,0,2007066,1578010,AlPatch_1_0,1137.6516523151,1137.7529911245
11,0,2007065,1578010,AlPatch_1_0,1137.6516523151,1137.7484132119
11,0,2007380,1559906,AlPatch_2_0,3229.9768157794,3230.0734177782
11,0,2007379,1559906,AlPatch_2_0,3229.9768157794,3230.0704796442
11,0,2007510,1552249,AlPatch_1_1,12129.827333213,12129.925951066
11,0,2007509,1552249,AlPatch_1_1,12129.827333213,12129.92325897
11,0,2007740,1540111,AlPatch_2_0,16075.66691912,16075.760741967
11,0,2007739,1540111,AlPatch_2_0,16075.66691912,16075.761491149
11,0,2007844,1534475,AlPatch_2_1,5676.1993895794,5676.3030206239
11,0,2007843,1534475,AlPatch_2_1,5676.1993895794,5676.2920837395
11,0,2007850,1534202,AlPatch_2_1,10512.732126471,10512.820247592
11,0,2007849,1534202,AlPatch_2_1,10512.732126471,10512.821183136
11,0,2007878,1532822,AlPatch_2_0,10903.616375396,10903.714117029
11,0,2007877,1532822,AlPatch_2_0,10903.616375396,10903.712975643
11,0,2007908,1531588,AlPatch_2_1,1297.570417558,1297.655974764
11,0,2007907,1531588,AlPatch_2_1,1297.570417558,1297.6602712943
11,0,2007926,1530190,AlPatch_1_0,17163.790904682,17163.876416589
11,0,2007925,1530190,AlPatch_1_0,17163.790904682,17163.878806503
11,0,2007948,1528681,AlPatch_2_1,1065.6725006694,1065.7590256582
11,0,2007947,1528681,AlPatch_2_1,1065.6725006694,1065.7592583371
11,0,2008090,1520737,AlPatch_0_0,4672.578368487,4672.6755452141
11,0,2008089,1520737,AlPatch_0_0,4672.578368487,4672.6739916522
11,0,2008282,1509700,AlPatch_0_1,3319.0997506571,3319.1907619312
11,0,2008281,1509700,AlPatch_0_1,3319.0997506571,3319.1922978652
11,0,2008292,1509092,AlPatch_2_0,449.77215364961,449.86587963723
11,0,2008291,1509092,AlPatch_2_0,449.77215364961,449.86843562609
11,0,2008484,1496969,AlPatch_0_1,8563.8728069035,8563.9745363287
11,0,2008483,1496969,AlPatch_0_1,8563.8728069035,8563.9606573533
11,0,2008524,1493616,AlPatch_2_1,18311.379528758,18311.481851316
11,0,2008523,1493616,AlPatch_2_1,18311.379528758,18311.46532237
11,0,2008558,1491146,AlPatch_1_0,600.0058688803,600.10344304917
11,0,2008557,1491146,AlPatch_1_0,600.0058688803,600.10364263436
11,0,2009274,1451427,AlPatch_0_1,7283.2019741218,7283.2938466582
11,0,2009273,1451427,AlPatch_0_1,7283.2019741218,7283.2979384585
11,0,2009356,1446721,AlPatch_2_0,7862.9354669923,7863.039502017
11,0,2009355,1446721,AlPatch_2_0,7862.9354669923,7863.0290925489
11,0,2009628,1429054,AlPatch_0_0,15204.983705334,15205.08461725
11,0,2009627,1429054,AlPatch_0_0,15204.983705334,15205.084100578
11,0,2009730,1422401,AlPatch_2_0,12103.817168201,12103.909087927
11,0,2009729,1422401,AlPatch_2_0,12103.817168201,12103.909116916
11,0,2009836,1415986,AlPatch_2_1,9235.6280317502,9235.7270367538
11,0,2009835,1415986,AlPatch_2_1,9235.6280317502,9235.7161738224
11,0,2010018,1406966,AlPatch_0_0,15016.667355602,15016.767143235
11,0,2010017,1406966,AlPatch_0_0,15016.667355602,15016.75685878
11,0,2010312,1391127,AlPatch_2_0,2300.661521617,2300.7474519338
11,0,2010311,1391127,AlPatch_2_0,2300.661521617,2300.7555265119
11,0,2010388,1387142,AlPatch_2_0,1684.0802543636,1684.1729087854
11,0,2010387,1387142,AlPatch_2_0,1684.0802543636,1684.1756088437
11,0,2010598,1373925,AlPatch_1_0,1823.49475654,1823.5901066287
11,0,2010597,1373925,AlPatch_1_0,1823.49475654,1823.5856301702
11,0,2011210,1337777,AlPatch_0_1,19683.037997676,19683.123547378
11,0,2011209,1337777,AlPatch_0_1,19683.037997676,19683.141202159
11,0,2011404,1326775,AlPatch_2_0,10089.468735646,10089.558308453
11,0,2011403,1326775,AlPatch_2_0,10089.468735646,10089.566439989
11,0,2011848,1298322,AlPatch_2_0,19998.017983565,19998.112243994
11,0,2011847,1298322,AlPatch_2_0,19998.017983565,19998.112474296
11,0,2012006,1289296,AlPatch_0_1,14384.478842042,14384.566400614
11,0,2012005,1289296,AlPatch_0_1,14384.478842042,14384.565942103
11,0,2012070,1285290,AlPatch_1_1,3215.2512725755,3215.3400657826
11,0,2012069,1285290,AlPatch_1_1,3215.2512725755,3215.3495583046
11,0,2012104,1282431,AlPatch_2_0,12549.869473701,12549.962396398
11,0,2012103,1282431,AlPatch_2_0,12549.869473701,12549.9623578
11,0,2012686,1250587,AlPatch_1_0,7777.4405167177,7777.5280682405
11,0,2012685,1250587,AlPatch_1_0,7777.4405167177,7777.5290145009
11,0,2012750,1247015,AlPatch_1_0,2906.7922721094,2906.8812232312
11,0,2012749,1247015,AlPatch_1_0,2906.7922721094,2906.8816665616
11,0,2012922,1238414,AlPatch_2_0,13417.420856205,13417.522806105
11,0,2012921,1238414,AlPatch_2_0,13417.420856205,13417.509442954
11,0,2013114,1227438,AlPatch_2_0,258.71512294639,258.81194059737
11,0,2013113,1227438,AlPatch_2_0,258.71512294639,258.81470682923
11,0,2013444,1206397,AlPatch_0_1,17209.84727947,17209.941233731
11,0,2013443,1206397,AlPatch_0_1,17209.84727947,17209.942852561
11,0,2013514,1202200,AlPatch_1_0,13766.564452369,13766.668950424
11,0,2013513,1202200,AlPatch_1_0,13766.564452369,13766.650155157
11,0,2013614,1195908,AlPatch_0_0,17296.768992377,17296.857152862
11,0,2013613,1195908,AlPatch_0_0,17296.768992377,17296.865467358
11,0,2014510,1143920,AlPatch_1_1,6521.6251708324,6521.7133133187
11,0,2014509,1143920,AlPatch_1_1,6521.6251708324,6521.7252868272
11,0,2014528,1143250,AlPatch_0_0,9078.0158127929,9078.1078948019
11,0,2014527,1143250,AlPatch_0_0,9078.0158127929,9078.1075234586
11,0,2014652,1135269,AlPatch_2_0,272.72745890007,272.81763778581
11,0,2014651,1135269,AlPatch_2_0,272.72745890007,272.82825021414
11,0,2014692,1133442,AlPatch_2_1,9220.4823978267,9220.5762088033
11,0,2014691,1133442,AlPatch_2_1,9220.4823978267,9220.5757835148
11,0,2014720,1131762,AlPatch_1_0,6000.2581755567,6000.3478619823
11,0,2014719,1131762,AlPatch_1_0,6000.2581755567,6000.3563382784
11,0,2015012,1114614,AlPatch_2_1,5983.4749521955,5983.5679458264
11,0,2015011,1114614,AlPatch_2_1,5983.4749521955,5983.5642218859
11,0,2015604,1081047,AlPatch_2_0,440.90993179766,441.00361364164
11,0,2015603,1081047,AlPatch_2_0,440.90993179766,441.01604458349
11,0,2015716,1073100,AlPatch_2_1,11512.953897307,11513.05469999
11,0,2015715,1073100,AlPatch_2_1,11512.953897307,11513.047646198
11,0,2015986,1056589,AlPatch_2_1,23509.569247108,23509.672399492
11,0,2015985,1056589,AlPatch_2_1,23509.569247108,23509.655931186
11,0,2016088,1051679,AlPatch_0_1,6102.5433568698,6102.635597568
11,0,2016087,1051679,AlPatch_0_1,6102.5433568698,6102.6333931911
11,0,2016588,1020390,AlPatch_0_1,15597.887388732,15597.973827197
11,0,2016587,1020390,AlPatch_0_1,15597.887388732,15597.980270261
11,0,2016632,1018047,AlPatch_0_1,12396.293160185,12396.390989285
11,0,2016631,1018047,AlPatch_0_1,12396.293160185,12396.391806401
11,0,2016814,1004586,AlPatch_2_1,1143.0116430047,1143.0994704365
11,0,2016813,1004586,AlPatch_2_1,1143.0116430047,1143.1155913069
11,0,2016992,994901,AlPatch_0_0,9968.5700056264,9968.6689120186
11,0,2016991,994901,AlPatch_0_0,9968.5700056264,9968.6583468472
11,0,2017294,979143,AlPatch_0_1,7486.9825379546,7487.0709194661
11,0,2017293,979143,AlPatch_0_1,7486.9825379546,7487.0726873391
11,0,2017312,978710,AlPatch_2_0,9426.8359881686,9426.9326865273
11,0,2017311,978710,AlPatch_2_0,9426.8359881686,9426.9313820407
11,0,2017628,960074,AlPatch_2_0,779.88608343637,779.97635895087
11,0,2017627,960074,AlPatch_2_0,779.88608343637,779.98427925198
11,0,2017638,959690,AlPatch_0_1,11682.699915059,11682.798389403
11,0,2017637,959690,AlPatch_0_1,11682.699915059,11682.802857457
11,0,2018040,934834,AlPatch_1_1,3793.1003297761,3793.2008782066
11,0,2018039,934834,AlPatch_1_1,3793.1003297761,3793.1870262939
11,0,2018356,915681,AlPatch_1_0,3177.0935920491,3177.1943141865
11,0,2018355,915681,AlPatch_1_0,3177.0935920491,3177.1821046248
11,0,2018608,900902,AlPatch_1_1,5868.0388451064,5868.128179896
11,0,2018607,900902,AlPatch_1_1,5868.0388451064,5868.1258720445
11,0,2018744,893383,AlPatch_1_1,8200.1735261255,8200.2756556602
11,0,2018743,893383,AlPatch_1_1,8200.1735261255,8200.269115911
11,0,2018766,891906,AlPatch_2_1,885.40043232175,885.49515165111
11,0,2018765,891906,AlPatch_2_1,885.40043232175,885.49379606297
11,0,2018776,891470,AlPatch_0_0,7854.5864190673,7854.6864831228
11,0,2018775,891470,AlPatch_0_0,7854.5864190673,7854.6729004935
11,0,2018856,886839,AlPatch_0_1,8978.2795224775,8978.3714903619
11,0,2018855,886839,AlPatch_0_1,8978.2795224775,8978.3837564183
11,0,2019048,876815,AlPatch_2_0,2355.1724550725,2355.2587595547
11,0,2019047,876815,AlPatch_2_0,2355.1724550725,2355.2782439951
11,0,2019430,853062,AlPatch_2_0,721.76101035389,721.85260233258
11,0,2019429,853062,AlPatch_2_0,721.76101035389,721.85118888076
11,0,2019614,840835,AlPatch_0_0,2684.3842524852,2684.4759927628
11,0,2019613,840835,AlPatch_0_0,2684.3842524852,2684.4825060257
11,0,2019720,834866,AlPatch_0_1,8994.335748208,8994.4350486734
11,0,2019719,834866,AlPatch_0_1,8994.335748208,8994.4228400743
11,0,2020306,800619,AlPatch_2_1,18328.853733142,18328.95462575
11,0,2020305,800619,AlPatch_2_1,18328.853733142,18328.94109647
11,0,2020666,776394,AlPatch_2_1,14769.538146812,14769.624650455
11,0,2020665,776394,AlPatch_2_1,14769.538146812,14769.625372646
11,0,2021360,735605,AlPatch_2_1,3856.0159466639,3856.1073194588
11,0,2021359,735605,AlPatch_2_1,3856.0159466639,3856.1131883043
11,0,2021592,724001,AlPatch_1_0,3265.5789810491,3265.682797356
11,0,2021591,724001,AlPatch_1_0,3265.5789810491,3265.6768339469
11,0,2021910,706094,AlPatch_0_1,17075.182546666,17075.275353799
11,0,2021909,706094,AlPatch_0_1,17075.182546666,17075.276175468
11,0,2021964,703227,AlPatch_2_1,4129.3913866146,4129.4871687541
11,0,2021963,703227,AlPatch_2_1,4129.3913866146,4129.4856052442
11,0,2022022,700273,AlPatch_2_1,1086.3101309342,1086.4120178416
11,0,2022021,700273,AlPatch_2_1,1086.3101309342,1086.410302321
11,0,2022292,685670,AlPatch_1_0,8659.1740877973,8659.2721727232
11,0,2022291,685670,AlPatch_1_0,8659.1740877973,8659.2715401448
11,0,2022398,680339,AlPatch_1_0,20305.186112771,20305.272727242
11,0,2022397,680339,AlPatch_1_0,20305.186112771,20305.272541672
11,0,2022944,649251,AlPatch_2_0,1316.7185851794,1316.8208471237
11,0,2022943,649251,AlPatch_2_0,1316.7185851794,1316.8208213541
11,0,2023282,625814,AlPatch_0_0,4164.2620219941,4164.3500425421
11,0,2023281,625814,AlPatch_0_0,4164.2620219941,4164.3519071348
11,0,2023400,619585,AlPatch_2_1,593.79150474529,593.88057102868
11,0,2023399,619585,AlPatch_2_1,593.79150474529,593.88094081037
11,0,2023630,607197,AlPatch_2_1,1076.4858164624,1076.5779223314
11,0,2023629,607197,AlPatch_2_1,1076.4858164624,1076.5863833169
11,0,2023960,581788,AlPatch_2_0,3245.5716856243,3245.6584079861
11,0,2023959,581788,AlPatch_2_0,3245.5716856243,3245.6572176205
11,0,2024110,573350,AlPatch_0_1,6363.980166184,6364.0713398098
11,0,2024109,573350,AlPatch_0_1,6363.980166184,6364.0751843492
11,0,2024368,559483,AlPatch_0_0,2441.1257129799,2441.2180218038
11,0,2024367,559483,AlPatch_0_0,2441.1257129799,2441.2221781825
11,0,2024646,542755,AlPatch_1_0,1794.0321240094,1794.1220563943
11,0,2024645,542755,AlPatch_1_0,1794.0321240094,1794.1305652859
11,0,2024778,536633,AlPatch_2_0,1505.8613653416,1505.9547660299
11,0,2024777,536633,AlPatch_2_0,1505.8613653416,1505.9547893865
11,0,2025158,516385,AlPatch_2_0,20795.433539045,20795.52171484
11,0,2025157,516385,AlPatch_2_0,20795.433539045,20795.519585213
11,0,2025604,488887,AlPatch_1_1,21139.52671475,21139.625491384
11,0,2025603,488887,AlPatch_1_1,21139.52671475,21139.622070754
11,0,2025902,471969,AlPatch_2_0,271.22612523121,271.31506137481
11,0,2025901,471969,AlPatch_2_0,271.22612523121,271.32281588742
11,0,2026376,443163,AlPatch_1_1,2006.8709853922,2006.965517278
11,0,2026375,443163,AlPatch_1_1,2006.8709853922,2006.9649876588
11,0,2026412,440405,AlPatch_2_1,12457.300084308,12457.390068709
11,0,2026411,440405,AlPatch_2_1,12457.300084308,12457.39797339
11,0,2026708,422858,AlPatch_2_1,1000.7064232424,1000.8042523367
11,0,2026707,422858,AlPatch_2_1,1000.7064232424,1000.8029239799
11,0,2026770,420136,AlPatch_2_0,678.98947084131,679.08381309779
11,0,2026769,420136,AlPatch_2_0,678.98947084131,679.0821895096
11,0,2026960,407734,AlPatch_0_1,11980.621696034,11980.719110352
11,0,2026959,407734,AlPatch_0_1,11980.621696034,11980.719478999
11,0,2027100,399077,AlPatch_2_0,5414.167296708,5414.2615789979
11,0,2027099,399077,AlPatch_2_0,5414.167296708,5414.2597774169
11,0,2027388,384923,AlPatch_0_1,19726.279730617,19726.366888708
11,0,2027387,384923,AlPatch_0_1,19726.279730617,19726.381060028
11,0,2027504,378616,AlPatch_2_1,987.54880046933,987.6465220019
11,0,2027503,378616,AlPatch_2_1,987.54880046933,987.63849385265
11,0,2027618,372419,AlPatch_1_1,3112.6462729357,3112.7357205999
11,0,2027617,372419,AlPatch_1_1,3112.6462729357,3112.7363264462
11,0,2028570,315850,AlPatch_2_0,9650.6584857887,9650.75798299
11,0,2028569,315850,AlPatch_2_0,9650.6584857887,9650.744980815
11,0,2029016,288585,AlPatch_1_1,7645.8702394856,7645.9712246135
11,0,2029015,288585,AlPatch_1_1,7645.8702394856,7645.9580387895
11,0,2029338,267551,AlPatch_0_1,6383.2399254633,6383.3317996628
11,0,2029337,267551,AlPatch_0_1,6383.2399254633,6383.337189399
11,0,2030264,212637,AlPatch_2_0,7448.1384311168,7448.2275020564
11,0,2030263,212637,AlPatch_2_0,7448.1384311168,7448.2239942092
11,0,2030364,207435,AlPatch_2_1,11295.32005619,11295.421720707
11,0,2030363,207435,AlPatch_2_1,11295.32005619,11295.419653275
11,0,2030630,192177,AlPatch_1_0,1644.5689590204,1644.6573243002
11,0,2030629,192177,AlPatch_1_0,1644.5689590204,1644.6573317419
11,0,2030754,184944,AlPatch_2_0,915.29239218481,915.38367053455
11,0,2030753,184944,AlPatch_2_0,915.29239218481,915.38970543777
11,0,2031138,162673,AlPatch_0_0,5566.4897890799,5566.5903170264
11,0,2031137,162673,AlPatch_0_0,5566.4897890799,5566.5775173897
11,0,2031146,162160,AlPatch_2_0,1225.4151985399,1225.5154161528
11,0,2031145,162160,AlPatch_2_0,1225.4151985399,1225.5085837222
11,0,2031300,152013,AlPatch_1_1,10138.350884866,10138.445536909
11,0,2031299,152013,AlPatch_1_1,10138.350884866,10138.445449641
11,0,2031524,135991,AlPatch_2_0,10383.561349007,10383.660957
11,0,2031523,135991,AlPatch_2_0,10383.561349007,10383.660652613
11,0,2031592,131775,AlPatch_1_0,20092.475819211,20092.571107907
11,0,2031591,131775,AlPatch_1_0,20092.475819211,20092.575790121
11,0,2031842,117015,AlPatch_0_0,8574.6398539225,8574.7323639151
11,0,2031841,117015,AlPatch_0_0,8574.6398539225,8574.7260873527
11,0,2031970,109351,AlPatch_2_1,6430.4753151284,6430.5739346416
11,0,2031969,109351,AlPatch_2_1,6430.4753151284,6430.5644388056
11,0,2032026,106668,AlPatch_0_1,5602.0845664355,5602.1849950975
11,0,2032025,106668,AlPatch_0_1,5602.0845664355,5602.1723002246
11,0,2032040,105349,AlPatch_2_0,3816.032003321,3816.1213995727
11,0,2032039,105349,AlPatch_2_0,3816.032003321,3816.1209663238
11,0,2032412,82269,AlPatch_1_1,11368.333072238,11368.43178671
11,0,2032411,82269,AlPatch_1_1,11368.333072238,11368.425105814
11,0,2032450,80092,AlPatch_0_1,7331.4820806626,7331.5681898568
11,0,2032449,80092,AlPatch_0_1,7331.4820806626,7331.5678662522
11,0,2032464,78738,AlPatch_2_0,3484.5462035441,3484.6410969661
11,0,2032463,78738,AlPatch_2_0,3484.5462035441,3484.6336040963
11,0,2032620,69330,AlPatch_2_1,2245.808130241,2245.8943566417
11,0,2032619,69330,AlPatch_2_1,2245.808130241,2245.894938201
11,0,2032622,69310,AlPatch_2_1,2172.5987368009,2172.684112594
11,0,2032621,69310,AlPatch_2_1,2172.5987368009,2172.6859273744
11,0,2032736,63959,AlPatch_1_0,8298.7115550387,8298.8107120391
11,0,2032735,63959,AlPatch_1_0,8298.7115550387,8298.8024536127
11,0,2032782,61133,AlPatch_0_0,20931.20479335,20931.29161648
11,0,2032781,61133,AlPatch_0_0,20931.20479335,20931.293027235
11,0,2032848,57596,AlPatch_0_1,17136.065591504,17136.161772911
11,0,2032847,57596,AlPatch_0_1,17136.065591504,17136.153258531
11,0,2033742,2089,AlPatch_0_0,14852.825819205,14852.916455341
11,0,2033741,2089,AlPatch_0_0,14852.825819205,14852.917520068
12,0,2000242,1984420,AlPatch_0_1,18482.263906833,18482.356346054
12,0,2000241,1984420,AlPatch_0_1,18482.263906833,18482.360640934
12,0,2000570,1965250,AlPatch_1_1,1362.0451834969,1362.1388015384
12,0,2000569,1965250,AlPatch_1_1,1362.0451834969,1362.1419784975
12,0,2000586,1964677,AlPatch_2_1,8884.0511089555,8884.1391058603
12,0,2000585,1964677,AlPatch_2_1,8884.0511089555,8884.1388764809
12,0,2000790,1955356,AlPatch_2_1,10899.626792093,10899.71639625
12,0,2000789,1955356,AlPatch_2_1,10899.626792093,10899.727299553
12,0,2001076,1938416,AlPatch_2_0,5645.6956219309,5645.781128625
12,0,2001075,1938416,AlPatch_2_0,5645.6956219309,5645.7962916542
12,0,2001212,1930077,AlPatch_1_0,16126.830682989,16126.926054465
12,0,2001211,1930077,AlPatch_1_0,16126.830682989,16126.925413161
12,0,2001244,1928821,AlPatch_2_0,17182.881691097,17182.976470061
12,0,2001243,1928821,AlPatch_2_0,17182.881691097,17182.982824751
12,0,2001350,1923329,AlPatch_0_1,14757.22986667,14757.322617364
12,0,2001349,1923329,AlPatch_0_1,14757.22986667,14757.316867429
12,0,2001900,1890665,AlPatch_0_0,15325.33015642,15325.427121519
12,0,2001899,1890665,AlPatch_0_0,15325.33015642,15325.422325895
12,0,2001906,1890291,AlPatch_1_0,17402.941959111,17403.038117806
12,0,2001905,1890291,AlPatch_1_0,17402.941959111,17403.028462159
12,0,2001960,1887157,AlPatch_1_1,3314.1169277725,3314.2190645688
12,0,2001959,1887157,AlPatch_1_1,3314.1169277725,3314.2027021189
12,0,2001986,1885665,AlPatch_1_1,1446.7982012319,1446.8906383435
12,0,2001985,1885665,AlPatch_1_1,1446.7982012319,1446.9005547151
12,0,2001992,1884835,AlPatch_0_0,1770.5182872707,1770.6130807713
12,0,2001991,1884835,AlPatch_0_0,1770.5182872707,1770.6105793481
12,0,2003072,1827351,AlPatch_2_0,9118.5599270981,9118.6520100752
12,0,2003071,1827351,AlPatch_2_0,9118.5599270981,9118.6480458888
12,0,2003404,1808517,AlPatch_2_0,1285.6144445816,1285.7145889789
12,0,2003403,1808517,AlPatch_2_0,1285.6144445816,1285.7028607618
12,0,2003660,1793984,AlPatch_1_0,10769.862179414,10769.959887411
12,0,2003659,1793984,AlPatch_1_0,10769.862179414,10769.955966772
12,0,2003666,1793362,AlPatch_2_0,2018.6616090065,2018.7613292374
12,0,2003665,1793362,AlPatch_2_0,2018.6616090065,2018.7608220193
12,0,2003922,1779157,AlPatch_2_1,12052.159226151,12052.24470095
12,0,2003921,1779157,AlPatch_2_1,12052.159226151,12052.25831943
12,0,2004292,1756045,AlPatch_2_1,14274.904600006,14275.008927779
12,0,2004291,1756045,AlPatch_2_1,14274.904600006,14274.990340421
12,0,2005248,1693427,AlPatch_2_0,11201.768920223,11201.865516766
12,0,2005247,1693427,AlPatch_2_0,11201.768920223,11201.862684618
12,0,2005438,1682128,AlPatch_0_0,9790.0725766801,9790.161787436
12,0,2005437,1682128,AlPatch_0_0,9790.0725766801,9790.1682136273
12,0,2005610,1671997,AlPatch_2_0,717.16157780254,717.24926016585
12,0,2005609,1671997,AlPatch_2_0,717.16157780254,717.24761490893
12,0,2006210,1636866,AlPatch_0_1,18459.726017501,18459.82415591
12,0,2006209,1636866,AlPatch_0_1,18459.726017501,18459.82818575
12,0,2006396,1625535,AlPatch_0_0,18948.743584155,18948.835966001
12,0,2006395,1625535,AlPatch_0_0,18948.743584155,18948.832472088
12,0,2006462,1622605,AlPatch_0_0,18609.129890915,18609.227057194
12,0,2006461,1622605,AlPatch_0_0,18609.129890915,18609.221297858
12,0,2006730,1607954,AlPatch_2_0,585.39893507473,585.49477275131
12,0,2006729,1607954,AlPatch_2_0,585.39893507473,585.49822707394
12,0,2006862,1599877,AlPatch_1_0,13077.758493653,13077.849668015
12,0,2006861,1599877,AlPatch_1_0,13077.758493653,13077.844681469
12,0,2006878,1599387,AlPatch_0_0,15143.039338855,15143.140389583
12,0,2006877,1599387,AlPatch_0_0,15143.039338855,15143.126273187
12,0,2007008,1591892,AlPatch_1_0,2057.0938151591,2057.183018841
12,0,2007007,1591892,AlPatch_1_0,2057.0938151591,2057.1812477762
12,0,2007418,1567133,AlPatch_2_1,9322.7152255093,9322.8166241027
12,0,2007417,1567133,AlPatch_2_1,9322.7152255093,9322.8021023037
12,0,2007676,1552503,AlPatch_2_1,461.43850600165,461.53507555316
12,0,2007675,1552503,AlPatch_2_1,461.43850600165,461.53552627216
12,0,2007764,1548903,AlPatch_0_0,3080.9368670505,3081.0275067063
12,0,2007763,1548903,AlPatch_0_0,3080.9368670505,3081.0254583045
12,0,2008656,1497365,AlPatch_1_0,3937.6726209911,3937.7724926089
12,0,2008655,1497365,AlPatch_1_0,3937.6726209911,3937.7671823328
12,0,2008774,1491896,AlPatch_2_1,10172.648693013,10172.739292619
12,0,2008773,1491896,AlPatch_2_1,10172.648693013,10172.738342026
12,0,2008780,1491437,AlPatch_2_0,14686.522569943,14686.609341006
12,0,2008779,1491437,AlPatch_2_0,14686.522569943,14686.624503197
12,0,2009316,1463810,AlPatch_2_0,13223.616479014,13223.706656925
12,0,2009315,1463810,AlPatch_2_0,13223.616479014,13223.716809574
12,0,2009368,1461127,AlPatch_1_1,15375.662760616,15375.750161228
12,0,2009367,1461127,AlPatch_1_1,15375.662760616,15375.765905663
12,0,2009432,1457486,AlPatch_1_0,10666.14610564,10666.238378238
12,0,2009431,1457486,AlPatch_1_0,10666.14610564,10666.238993163
12,0,2009484,1455271,AlPatch_0_1,7399.1532219271,7399.2414577687
12,0,2009483,1455271,AlPatch_0_1,7399.1532219271,7399.2413383915
12,0,2009760,1439733,AlPatch_1_1,1052.3586873423,1052.4476490298
12,0,2009759,1439733,AlPatch_1_1,1052.3586873423,1052.4447704146
12,0,2009928,1429314,AlPatch_1_0,10916.427806251,10916.519769951
12,0,2009927,1429314,AlPatch_1_0,10916.427806251,10916.52657402
12,0,2010112,1418422,AlPatch_1_1,1050.282640782,1050.3761206
12,0,2010111,1418422,AlPatch_1_1,1050.282640782,1050.3735526998
12,0,2010116,1418009,AlPatch_1_0,13636.139837679,13636.234083581
12,0,2010115,1418009,AlPatch_1_0,13636.139837679,13636.243241866
12,0,2010250,1410985,AlPatch_1_1,14748.314703099,14748.405744345
12,0,2010249,1410985,AlPatch_1_1,14748.314703099,14748.405735022
12,0,2010416,1401188,AlPatch_0_1,3551.9945062419,3552.0837408429
12,0,2010415,1401188,AlPatch_0_1,3551.9945062419,3552.0933337641
12,0,2010492,1397283,AlPatch_0_0,8350.4287015116,8350.5313904575
12,0,2010491,1397283,AlPatch_0_0,8350.4287015116,8350.5322191747
12,0,2010534,1394746,AlPatch_2_0,1127.4202819082,1127.507792454
12,0,2010533,1394746,AlPatch_2_0,1127.4202819082,1127.5229257751
12,0,2010612,1389997,AlPatch_2_1,10461.892390457,10461.983707426
12,0,2010611,1389997,AlPatch_2_1,10461.892390457,10461.991414047
12,0,2010746,1380253,AlPatch_2_0,2520.3883523035,2520.4822186379
12,0,2010745,1380253,AlPatch_2_0,2520.3883523035,2520.4830569196
12,0,2010794,1377162,AlPatch_0_0,11240.86330951,11240.95350192
12,0,2010793,1377162,AlPatch_0_0,11240.86330951,11240.961001381
12,0,2011052,1360618,AlPatch_2_1,14227.185777853,14227.287211025
12,0,2011051,1360618,AlPatch_2_1,14227.185777853,14227.272901738
12,0,2011438,1338800,AlPatch_2_0,2992.2710716576,2992.3730861139
12,0,2011437,1338800,AlPatch_2_0,2992.2710716576,2992.3617473052
12,0,2011472,1337358,AlPatch_0_0,2085.3852620575,2085.4817116112
12,0,2011471,1337358,AlPatch_0_0,2085.3852620575,2085.4767722851
12,0,2012252,1293362,AlPatch_2_1,16547.367615181,16547.463557571
12,0,2012251,1293362,AlPatch_2_1,16547.367615181,16547.470341949
12,0,2012256,1293157,AlPatch_1_1,6910.430485815,6910.5228837027
12,0,2012255,1293157,AlPatch_1_1,6910.430485815,6910.5269235621
12,0,2012454,1279800,AlPatch_1_0,12088.577351625,12088.666862592
12,0,2012453,1279800,AlPatch_1_0,12088.577351625,12088.666531039
12,0,2012476,1277565,AlPatch_2_0,5510.2229157622,5510.3266295731
12,0,2012475,1277565,AlPatch_2_0,5510.2229157622,5510.3121353451
12,0,2012526,1275039,AlPatch_0_1,13499.839713945,13499.932098707
12,0,2012525,1275039,AlPatch_0_1,13499.839713945,13499.934531151
12,0,2012534,1274424,AlPatch_1_0,597.22302848353,597.31811490744
12,0,2012533,1274424,AlPatch_1_0,597.22302848353,597.3166466426
12,0,2013062,1243197,AlPatch_1_1,15590.116463615,15590.212846865
12,0,2013061,1243197,AlPatch_1_1,15590.116463615,15590.201945773
12,0,2013080,1241751,AlPatch_0_0,5891.0974593654,5891.1967389215
12,0,2013079,1241751,AlPatch_0_0,5891.0974593654,5891.2003612976
12,0,2013154,1235712,AlPatch_2_1,743.85329672604,743.94052918938
12,0,2013153,1235712,AlPatch_2_1,743.85329672604,743.93987112433
12,0,2013434,1220221,AlPatch_2_0,20751.230243566,20751.32156816
12,0,2013433,1220221,AlPatch_2_0,20751.230243566,20751.32327995
12,0,2013562,1213175,AlPatch_0_0,1996.3708596317,1996.4586078636
12,0,2013561,1213175,AlPatch_0_0,1996.3708596317,1996.4718404771
12,0,2013594,1211411,AlPatch_2_0,255.52688976162,255.63269740855
12,0,2013593,1211411,AlPatch_2_0,255.52688976162,255.6132705484
12,0,2013642,1206303,AlPatch_2_0,5387.7443442665,5387.831683331
12,0,2013641,1206303,AlPatch_2_0,5387.7443442665,5387.831371778
12,0,2013690,1203141,AlPatch_2_0,5615.0488207018,5615.1343978245
12,0,2013689,1203141,AlPatch_2_0,5615.0488207018,5615.1351594595
12,0,2014328,1166340,AlPatch_0_1,6098.5038919231,6098.6013796067
12,0,2014327,1166340,AlPatch_0_1,6098.5038919231,6098.5961927047
12,0,2014478,1157664,AlPatch_2_0,435.6507864942,435.74110197267
12,0,2014477,1157664,AlPatch_2_0,435.6507864942,435.74908316187
12,0,2014482,1157515,AlPatch_2_1,5318.7672785491,5318.8612212722
12,0,2014481,1157515,AlPatch_2_1,5318.7672785491,5318.8611636903
12,0,2014796,1137082,AlPatch_2_0,6499.864010073,6499.9493029923
12,0,2014795,1137082,AlPatch_2_0,6499.864010073,6499.9530835622
12,0,2014844,1133435,AlPatch_2_0,7752.3729855177,7752.4704288125
12,0,2014843,1133435,AlPatch_2_0,7752.3729855177,7752.4665056072
12,0,2015648,1083568,AlPatch_2_0,854.83221185969,854.91993413539
12,0,2015647,1083568,AlPatch_2_0,854.83221185969,854.93116921951
12,0,2016390,1040843,AlPatch_2_0,15215.896308546,15215.983667881
12,0,2016389,1040843,AlPatch_2_0,15215.896308546,15215.987079314
12,0,2016722,1019690,AlPatch_0_0,10851.992013773,10852.093480092
12,0,2016721,1019690,AlPatch_0_0,10851.992013773,10852.081614205
12,0,2017246,990294,AlPatch_2_1,12829.54635905,12829.639469833
12,0,2017245,990294,AlPatch_2_1,12829.54635905,12829.638520475
12,0,2017726,961698,AlPatch_1_1,11396.448171294,11396.534727249
12,0,2017725,961698,AlPatch_1_1,11396.448171294,11396.549366777
12,0,2017828,956394,AlPatch_2_0,3710.5631044366,3710.665459954
12,0,2017827,956394,AlPatch_2_0,3710.5631044366,3710.6528548194
12,0,2017884,953125,AlPatch_0_1,14350.041807568,14350.133763012
12,0,2017883,953125,AlPatch_0_1,14350.041807568,14350.130715951
12,0,2018140,938050,AlPatch_1_0,4203.881597757,4203.9751589364
12,0,2018139,938050,AlPatch_1_0,4203.881597757,4203.9764462339
12,0,2018472,918963,AlPatch_0_1,16222.604192332,16222.702201195
12,0,2018471,918963,AlPatch_0_1,16222.604192332,16222.69361456
12,0,2018474,918723,AlPatch_1_1,11685.145559945,11685.232453157
12,0,2018473,918723,AlPatch_1_1,11685.145559945,11685.244174417
12,0,2018740,900867,AlPatch_2_0,265.1360974186,265.23175448099
12,0,2018739,900867,AlPatch_2_0,265.1360974186,265.23270037211
12,0,2018928,888566,AlPatch_2_0,10267.878967049,10267.969128271
12,0,2018927,888566,AlPatch_2_0,10267.878967049,10267.976064916
12,0,2019274,867804,AlPatch_2_1,1379.3977104265,1379.4849430965
12,0,2019273,867804,AlPatch_2_1,1379.3977104265,1379.4989710507
12,0,2019360,860282,AlPatch_1_1,4330.9592684443,4331.0489278168
12,0,2019359,860282,AlPatch_1_1,4330.9592684443,4331.0452265425
12,0,2019490,853261,AlPatch_2_0,271.58301674512,271.68089091063
12,0,2019489,853261,AlPatch_2_0,271.58301674512,271.67199296302
12,0,2019930,825435,AlPatch_1_0,4922.9764634878,4923.0625891631
12,0,2019929,825435,AlPatch_1_0,4922.9764634878,4923.0635162841
12,0,2020020,818620,AlPatch_0_0,3353.258620197,3353.3461963027
12,0,2020019,818620,AlPatch_0_0,3353.258620197,3353.3459564306
12,0,2020622,781060,AlPatch_0_1,6068.5921415661,6068.6945693492
12,0,2020621,781060,AlPatch_0_1,6068.5921415661,6068.6866293949
12,0,2021124,755480,AlPatch_1_1,6708.726576634,6708.8313199072
12,0,2021123,755480,AlPatch_1_1,6708.726576634,6708.8162731048
12,0,2021196,750794,AlPatch_2_0,1164.5742007942,1164.6630660778
12,0,2021195,750794,AlPatch_2_0,1164.5742007942,1164.663169268
12,0,2021252,747853,AlPatch_1_1,792.67583941637,792.77489405029
12,0,2021251,747853,AlPatch_1_1,792.67583941637,792.7786125978
12,0,2021490,732738,AlPatch_2_1,12082.998046705,12083.088242496
12,0,2021489,732738,AlPatch_2_1,12082.998046705,12083.091314656
12,0,2021718,715643,AlPatch_2_0,7914.3445644931,7914.4458593271
12,0,2021717,715643,AlPatch_2_0,7914.3445644931,7914.4509967887
12,0,2021746,714095,AlPatch_2_0,7661.8662683671,7661.9680246066
12,0,2021745,714095,AlPatch_2_0,7661.8662683671,7661.9643005872
12,0,2021988,699977,AlPatch_1_1,12349.844496234,12349.942977889
12,0,2021987,699977,AlPatch_1_1,12349.844496234,12349.943056778
12,0,2022158,691023,AlPatch_2_0,7086.5011649138,7086.5966238098
12,0,2022157,691023,AlPatch_2_0,7086.5011649138,7086.5892501718
12,0,2022560,664743,AlPatch_1_0,3830.5262720129,3830.6128499834
12,0,2022559,664743,AlPatch_1_0,3830.5262720129,3830.6233433145
12,0,2022942,641459,AlPatch_2_0,471.35432557866,471.45089602154
12,0,2022941,641459,AlPatch_2_0,471.35432557866,471.45222366193
12,0,2023090,633050,AlPatch_0_0,11285.65040235,11285.743133099
12,0,2023089,633050,AlPatch_0_0,11285.65040235,11285.743789267
12,0,2023156,629597,AlPatch_1_0,7248.9618652051,7249.0550040383
12,0,2023155,629597,AlPatch_1_0,7248.9618652051,7249.053535186
12,0,2023268,622900,AlPatch_1_1,7902.6890740396,7902.7745740689
12,0,2023267,622900,AlPatch_1_1,7902.6890740396,7902.7912307364
12,0,2023412,614422,AlPatch_0_0,12003.794248769,12003.893821407
12,0,2023411,614422,AlPatch_0_0,12003.794248769,12003.879819468
12,0,2023474,610835,AlPatch_1_0,10080.890768748,10080.982976895
12,0,2023473,610835,AlPatch_1_0,10080.890768747,10080.987085231
12,0,2023690,597676,AlPatch_2_1,9168.473345122,9168.5643183096
12,0,2023689,597676,AlPatch_2_1,9168.4733451219,9168.5740804296
12,0,2024232,563001,AlPatch_2_0,382.21868324337,382.3062576074
12,0,2024231,563001,AlPatch_2_0,382.21868324337,382.31605476822
12,0,2024308,557625,AlPatch_1_0,4717.3283944335,4717.4144285091
12,0,2024307,557625,AlPatch_1_0,4717.3283944335,4717.4302045763
12,0,2024328,557081,AlPatch_1_1,17436.006855638,17436.103292313
12,0,2024327,557081,AlPatch_1_1,17436.006855638,17436.104742503
12,0,2024486,547121,AlPatch_2_0,2137.349101606,2137.445060543
12,0,2024485,547121,AlPatch_2_0,2137.349101606,2137.4476629072
12,0,2024532,543428,AlPatch_0_1,17055.948810067,17056.051801534
12,0,2024531,543428,AlPatch_0_1,17055.948810067,17056.035764534
12,0,2024810,525584,AlPatch_0_1,6089.513693014,6089.6110706998
12,0,2024809,525584,AlPatch_0_1,6089.513693014,6089.6035337028
12,0,2024992,514990,AlPatch_1_1,6642.5660879015,6642.6608009125
12,0,2024991,514990,AlPatch_1_1,6642.5660879015,6642.6647107176
12,0,2025516,481331,AlPatch_1_1,11590.04515822,11590.132044482
12,0,2025515,481331,AlPatch_1_1,11590.04515822,11590.134668696
12,0,2025934,456810,AlPatch_0_0,16670.720556344,16670.813351508
12,0,2025933,456810,AlPatch_0_0,16670.720556344,16670.818640199
12,0,2026186,441540,AlPatch_2_0,887.16128644247,887.251022497
12,0,2026185,441540,AlPatch_2_0,887.16128644247,887.25036152698
12,0,2026340,431098,AlPatch_1_1,8335.8050882044,8335.907247999
12,0,2026339,431098,AlPatch_1_1,8335.8050882044,8335.9026177336
12,0,2026378,429172,AlPatch_2_1,1072.3277166031,1072.4256672785
12,0,2026377,429172,AlPatch_2_1,1072.3277166031,1072.4219805902
12,0,2026704,410669,AlPatch_0_0,20781.016237651,20781.10912873
12,0,2026703,410669,AlPatch_0_0,20781.016237651,20781.110762703
12,0,2026928,398649,AlPatch_2_0,409.40848960458,409.49732298371
12,0,2026927,398649,AlPatch_2_0,409.40848960458,409.49768364909
12,0,2027664,353078,AlPatch_2_0,4856.0935882965,4856.1840414206
12,0,2027663,353078,AlPatch_2_0,4856.0935882965,4856.1990502368
12,0,2028084,328880,AlPatch_2_0,1781.4732192831,1781.5703303128
12,0,2028083,328880,AlPatch_2_0,1781.4732192831,1781.5680743103
12,0,2028614,296432,AlPatch_2_0,17858.833996687,17858.92673401
12,0,2028613,296432,AlPatch_2_0,17858.833996687,17858.932532749
12,0,2028882,283968,AlPatch_1_0,4728.1896928747,4728.2928909055
12,0,2028881,283968,AlPatch_1_0,4728.1896928747,4728.2831644937
12,0,2029492,249178,AlPatch_0_1,14186.809706021,14186.903652147
12,0,2029491,249178,AlPatch_0_1,14186.809706021,14186.906892194
12,0,2029814,226578,AlPatch_0_0,5611.20070191,5611.2895846729
12,0,2029813,226578,AlPatch_0_0,5611.20070191,5611.2991745302
12,0,2029898,221534,AlPatch_2_0,15484.083726758,15484.176244148
12,0,2029897,221534,AlPatch_2_0,15484.083726758,15484.179003337
12,0,2030376,190979,AlPatch_1_1,5818.7559129406,5818.852084704
12,0,2030375,190979,AlPatch_1_1,5818.7559129406,5818.8446087291
12,0,2030528,180505,AlPatch_0_0,9200.6015082302,9200.6901796292
12,0,2030527,180505,AlPatch_0_0,9200.6015082302,9200.7029822018
12,0,2030626,174716,AlPatch_0_1,21195.061264764,21195.156848158
12,0,2030625,174716,AlPatch_0_1,21195.061264764,21195.149361565
12,0,2030656,173280,AlPatch_1_0,4200.1825472505,4200.2810423892
12,0,2030655,173280,AlPatch_1_0,4200.1825472505,4200.2726333454
12,0,2031024,150392,AlPatch_1_1,17823.688788737,17823.789170375
12,0,2031023,150392,AlPatch_1_1,17823.688788737,17823.778453873
12,0,2031348,134158,AlPatch_2_1,11638.705743872,11638.79308317
12,0,2031347,134158,AlPatch_2_1,11638.705743872,11638.806704218
12,0,2031476,127010,AlPatch_0_0,6075.4727428752,6075.5632866856
12,0,2031475,127010,AlPatch_0_0,6075.4727428752,6075.5674417428
12,0,2031576,122383,AlPatch_2_1,929.8771289846,929.96815877631
12,0,2031575,122383,AlPatch_2_1,929.87712898459,929.97458224578
12,0,2031600,120665,AlPatch_2_0,892.29953622425,892.39877782696
12,0,2031599,120665,AlPatch_2_0,892.29953622425,892.3969156591
12,0,2031654,117377,AlPatch_1_0,4294.7442122364,4294.8365279417
12,0,2031653,117377,AlPatch_1_0,4294.7442122364,4294.8391163053
12,0,2032104,93408,AlPatch_0_0,12919.3723846,12919.466556441
12,0,2032103,93408,AlPatch_0_0,12919.3723846,12919.46572893
12,0,2032356,76690,AlPatch_0_1,19049.123324065,19049.210270994
12,0,2032355,76690,AlPatch_0_1,19049.123324065,19049.224144521
12,0,2032376,75537,AlPatch_2_1,2674.9984173261,2675.0958473145
12,0,2032375,75537,AlPatch_2_1,2674.9984173261,2675.1006859
12,0,2032524,65171,AlPatch_1_0,11535.434740926,11535.528103008
12,0,2032523,65171,AlPatch_1_0,11535.434740926,11535.527475562
12,0,2032886,43635,AlPatch_2_1,3221.4657185641,3221.5524965047
12,0,2032885,43635,AlPatch_2_1,3221.4657185641,3221.5681700369
12,0,2033252,22462,AlPatch_0_1,8224.0397952058,8224.126873564
12,0,2033251,22462,AlPatch_0_1,8224.0397952058,8224.1354871
12,0,2033290,20264,AlPatch_0_0,17028.926519227,17029.017805686
12,0,2033289,20264,AlPatch_0_0,17028.926519227,17029.023886015
12,0,2033294,20194,AlPatch_0_0,16639.812018092,16639.908458815
12,0,2033293,20194,AlPatch_0_0,16639.812018092,16639.912977055
12,0,2033334,17859,AlPatch_2_1,7165.319524875,7165.4050500575
12,0,2033333,17859,AlPatch_2_1,7165.319524875,7165.4049899943
13,0,2000702,1960380,AlPatch_0_1,1610.1289278876,1610.2239561344
13,0,2000701,1960380,AlPatch_0_1,1610.1289278876,1610.2240477794
13,0,2000812,1953865,AlPatch_2_0,263.60621470233,263.70369289497
13,0,2000811,1953865,AlPatch_2_0,263.60621470233,263.69217021172
13,0,2001050,1939227,AlPatch_0_1,11975.158118702,11975.256776211
13,0,2001049,1939227,AlPatch_0_1,11975.158118702,11975.255248768
13,0,2001204,1929220,AlPatch_2_0,683.11591014855,683.21394405691
13,0,2001203,1929220,AlPatch_2_0,683.11591014855,683.21020609474
13,0,2001460,1915735,AlPatch_0_0,5268.22476088,5268.3202487923
13,0,2001459,1915735,AlPatch_0_0,5268.22476088,5268.3202205797
13,0,2001590,1906559,AlPatch_0_1,7749.9458130546,7750.0338834092
13,0,2001589,1906559,AlPatch_0_1,7749.9458130546,7750.0341426711
13,0,2001634,1903730,AlPatch_2_0,268.27015228202,268.3606857658
13,0,2001633,1903730,AlPatch_2_0,268.27015228202,268.36727809542
13,0,2001986,1885778,AlPatch_1_0,8688.2717678185,8688.362455443
13,0,2001985,1885778,AlPatch_1_0,8688.2717678185,8688.3604065237
13,0,2001988,1885731,AlPatch_0_1,4802.5543983513,4802.6525117753
13,0,2001987,1885731,AlPatch_0_1,4802.5543983513,4802.654897637
13,0,2002186,1872314,AlPatch_2_0,8179.3225599134,8179.4094379473
13,0,2002185,1872314,AlPatch_2_0,8179.3225599134,8179.4095701366
13,0,2002330,1863740,AlPatch_2_0,462.57583717061,462.67569972986
13,0,2002329,1863740,AlPatch_2_0,462.57583717061,462.66338335617
13,0,2002488,1854287,AlPatch_2_0,1202.644949198,1202.7449889917
13,0,2002487,1854287,AlPatch_2_0,1202.644949198,1202.7369442575
13,0,2002502,1853382,AlPatch_0_1,16179.389097649,16179.477020786
13,0,2002501,1853382,AlPatch_0_1,16179.389097649,16179.476637999
13,0,2002684,1840118,AlPatch_1_1,17019.97154323,17020.071651431
13,0,2002683,1840118,AlPatch_1_1,17019.97154323,17020.066641889
13,0,2002750,1836239,AlPatch_1_1,6805.6475951187,6805.7335600645
13,0,2002749,1836239,AlPatch_1_1,6805.6475951187,6805.7409419619
13,0,2002762,1835471,AlPatch_0_0,7013.2474619583,7013.3359962855
13,0,2002761,1835471,AlPatch_0_0,7013.2474619583,7013.3359330491
13,0,2002852,1830382,AlPatch_0_1,6911.136804425,6911.223965269
13,0,2002851,1830382,AlPatch_0_1,6911.136804425,6911.2265176424
13,0,2002942,1823311,AlPatch_2_1,7636.4821722228,7636.5689649258
13,0,2002941,1823311,AlPatch_2_1,7636.4821722228,7636.5746497958
13,0,2003144,1811497,AlPatch_2_0,1135.6820634529,1135.786598093
13,0,2003143,1811497,AlPatch_2_0,1135.6820634529,1135.7839180781
13,0,2003216,1807465,AlPatch_2_0,4553.5168198974,4553.6055432915
13,0,2003215,1807465,AlPatch_2_0,4553.5168198974,4553.6138702278
13,0,2003414,1795336,AlPatch_2_0,3537.652766464,3537.7404172586
13,0,2003413,1795336,AlPatch_2_0,3537.652766464,3537.7390599827
13,0,2003448,1794031,AlPatch_1_0,3201.866520742,3201.9565045521
13,0,2003447,1794031,AlPatch_1_0,3201.866520742,3201.9566931596
13,0,2004142,1754260,AlPatch_2_1,2899.4600781543,2899.5627095377
13,0,2004141,1754260,AlPatch_2_1,2899.4600781543,2899.5633431811
13,0,2004566,1729665,AlPatch_2_1,14474.503984327,14474.595220839
13,0,2004565,1729665,AlPatch_2_1,14474.503984327,14474.598675379
13,0,2004946,1707983,AlPatch_1_0,783.98290544025,784.06940714832
13,0,2004945,1707983,AlPatch_1_0,783.98290544025,784.07647764655
13,0,2005194,1691252,AlPatch_2_1,13019.192130116,13019.286778933
13,0,2005193,1691252,AlPatch_2_1,13019.192130116,13019.286622951
13,0,2005292,1684532,AlPatch_2_0,289.57210166065,289.66374321527
13,0,2005291,1684532,AlPatch_2_0,289.57210166065,289.66745483999
13,0,2005748,1658371,AlPatch_0_1,4083.925079592,4084.0258928994
13,0,2005747,1658371,AlPatch_0_1,4083.925079592,4084.0265794124
13,0,2005922,1648349,AlPatch_2_1,1039.8209591723,1039.9082951594
13,0,2005921,1648349,AlPatch_2_1,1039.8209591723,1039.9088184864
13,0,2005940,1647354,AlPatch_1_1,6946.7875450086,6946.8754885743
13,0,2005939,1647354,AlPatch_1_1,6946.7875450086,6946.8743859018
13,0,2005954,1646795,AlPatch_0_0,19945.865634127,19945.952607568
13,0,2005953,1646795,AlPatch_0_0,19945.865634127,19945.968325612
13,0,2006000,1644373,AlPatch_1_1,4965.8512369803,4965.9426386606
13,0,2005999,1644373,AlPatch_1_1,4965.8512369803,4965.948893433
13,0,2006166,1633391,AlPatch_2_0,257.06878726733,257.15446394532
13,0,2006165,1633391,AlPatch_2_0,257.06878726733,257.17092617504
13,0,2006314,1627091,AlPatch_0_1,16048.01995676,16048.113353527
13,0,2006313,1627091,AlPatch_0_1,16048.01995676,16048.118693411
13,0,2006544,1614829,AlPatch_2_1,15037.698845619,15037.802706606
13,0,2006543,1614829,AlPatch_2_1,15037.698845619,15037.788816185
13,0,2007020,1589550,AlPatch_2_1,11853.061860059,11853.163002443
13,0,2007019,1589550,AlPatch_2_1,11853.061860059,11853.159853733
13,0,2007192,1580281,AlPatch_1_0,8413.7739485088,8413.8639104259
13,0,2007191,1580281,AlPatch_1_0,8413.7739485088,8413.8749551491
13,0,2007216,1579670,AlPatch_2_0,1012.2057975958,1012.2996277016
13,0,2007215,1579670,AlPatch_2_0,1012.2057975958,1012.2958439568
13,0,2007240,1578585,AlPatch_2_1,1746.6517865149,1746.7408262926
13,0,2007239,1578585,AlPatch_2_1,1746.6517865149,1746.7412627712
13,0,2007272,1577346,AlPatch_0_0,10247.875649905,10247.969615671
13,0,2007271,1577346,AlPatch_0_0,10247.875649905,10247.977822103
13,0,2007496,1562452,AlPatch_1_1,2843.9323816435,2844.0262028096
13,0,2007495,1562452,AlPatch_1_1,2843.9323816435,2844.0220236841
13,0,2007854,1540700,AlPatch_0_0,10310.762651909,10310.853001407
13,0,2007853,1540700,AlPatch_0_0,10310.762651909,10310.860893604
13,0,2007976,1534561,AlPatch_2_0,3176.082028053,3176.1800487117
13,0,2007975,1534561,AlPatch_2_0,3176.082028053,3176.1766537679
13,0,2008190,1519835,AlPatch_0_1,15575.453514338,15575.551822387
13,0,2008189,1519835,AlPatch_0_1,15575.453514338,15575.546327153
13,0,2008230,1516033,AlPatch_1_1,13059.482508872,13059.572495026
13,0,2008229,1516033,AlPatch_1_1,13059.482508872,13059.568534462
13,0,2008434,1505344,AlPatch_1_0,10570.066388833,10570.156969566
13,0,2008433,1505344,AlPatch_1_0,10570.066388833,10570.158570721
13,0,2008538,1499483,AlPatch_1_1,1087.9722403352,1088.0623768949
13,0,2008537,1499483,AlPatch_1_1,1087.9722403352,1088.067708183
13,0,2008826,1483375,AlPatch_2_1,2541.9219191038,2542.0082138756
13,0,2008825,1483375,AlPatch_2_1,2541.9219191038,2542.0141833382
13,0,2009116,1464628,AlPatch_2_1,6372.4904407066,6372.5959386133
13,0,2009115,1464628,AlPatch_2_1,6372.4904407066,6372.5765748624
13,0,2009152,1462949,AlPatch_2_0,257.61452150742,257.70364503229
13,0,2009151,1462949,AlPatch_2_0,257.61452150742,257.71446184511
13,0,2009212,1459725,AlPatch_1_0,1701.8844586669,1701.9729321559
13,0,2009211,1459725,AlPatch_1_0,1701.8844586669,1701.970620858
13,0,2009368,1450054,AlPatch_1_1,15092.172083597,15092.271647931
13,0,2009367,1450054,AlPatch_1_1,15092.172083597,15092.271896326
13,0,2009426,1447214,AlPatch_2_0,9646.1569992037,9646.2554521693
13,0,2009425,1447214,AlPatch_2_0,9646.1569992037,9646.2507433149
13,0,2009598,1438195,AlPatch_0_0,2165.2580888057,2165.3436308593
13,0,2009597,1438195,AlPatch_0_0,2165.2580888057,2165.3434115261
13,0,2009748,1429530,AlPatch_2_0,16123.187201279,16123.275946407
13,0,2009747,1429530,AlPatch_2_0,16123.187201279,16123.285311615
13,0,2009936,1420177,AlPatch_2_0,292.43884658384,292.53058856596
13,0,2009935,1420177,AlPatch_2_0,292.43884658384,292.53002152748
13,0,2010126,1409267,AlPatch_2_0,7919.420351226,7919.5209426687
13,0,2010125,1409267,AlPatch_2_0,7919.420351226,7919.5148232826
13,0,2010242,1401359,AlPatch_1_0,19104.812627258,19104.899751884
13,0,2010241,1401359,AlPatch_1_0,19104.812627258,19104.899192744
13,0,2010364,1393591,AlPatch_2_1,17205.943764327,17206.04764276
13,0,2010363,1393591,AlPatch_2_1,17205.943764327,17206.029779011
13,0,2010710,1371924,AlPatch_0_1,15002.94312528,15003.029400175
13,0,2010709,1371924,AlPatch_0_1,15002.94312528,15003.034615175
13,0,2010762,1369251,AlPatch_0_0,1116.7719289038,1116.8617909741
13,0,2010761,1369251,AlPatch_0_0,1116.7719289038,1116.8707059411
13,0,2011032,1351280,AlPatch_0_1,7649.7157762791,7649.8042567654
13,0,2011031,1351280,AlPatch_0_1,7649.7157762791,7649.813734103
13,0,2011116,1347340,AlPatch_1_0,10191.12547561,10191.211600258
13,0,2011115,1347340,AlPatch_1_0,10191.12547561,10191.215167439
13,0,2011176,1342978,AlPatch_1_0,2512.8664216488,2512.9616879603
13,0,2011175,1342978,AlPatch_1_0,2512.8664216488,2512.9626086653
13,0,2011454,1325816,AlPatch_2_0,629.66300698878,629.76079423392
13,0,2011453,1325816,AlPatch_2_0,629.66300698878,629.7543073029
13,0,2011504,1322670,AlPatch_2_0,848.21412891466,848.31281507601
13,0,2011503,1322670,AlPatch_2_0,848.21412891466,848.31208067681
13,0,2011552,1320278,AlPatch_0_1,5627.5034674292,5627.6010819466
13,0,2011551,1320278,AlPatch_0_1,5627.5034674292,5627.5980865445
13,0,2011642,1315570,AlPatch_2_0,5231.9156271304,5232.0217210108
13,0,2011641,1315570,AlPatch_2_0,5231.9156271304,5232.0183588382
13,0,2011724,1310450,AlPatch_1_1,9609.6977674218,9609.7841858503
13,0,2011723,1310450,AlPatch_1_1,9609.6977674218,9609.7990785917
13,0,2012818,1245773,AlPatch_1_0,18500.939369119,18501.040807663
13,0,2012817,1245773,AlPatch_1_0,18500.939369119,18501.02469297
13,0,2012942,1237952,AlPatch_2_0,10023.600867893,10023.686879145
13,0,2012941,1237952,AlPatch_2_0,10023.600867893,10023.706778836
13,0,2013018,1233199,AlPatch_1_1,1470.501196795,1470.5977438436
13,0,2013017,1233199,AlPatch_1_1,1470.501196795,1470.6000750747
13,0,2013438,1207015,AlPatch_0_0,17173.045982215,17173.135852571
13,0,2013437,1207015,AlPatch_0_0,17173.045982215,17173.13835041
13,0,2013538,1201768,AlPatch_2_0,1849.3541904782,1849.4404512731
13,0,2013537,1201768,AlPatch_2_0,1849.3541904782,1849.4409029942
13,0,2014220,1157168,AlPatch_0_1,4474.6950641227,4474.7937614376
13,0,2014219,1157168,AlPatch_0_1,4474.6950641227,4474.7875115134
13,0,2014370,1148572,AlPatch_2_0,795.21901528202,795.3191790289
13,0,2014369,1148572,AlPatch_2_0,795.21901528202,795.3086133902
13,0,2014554,1139357,AlPatch_2_0,648.04884801787,648.14294459791
13,0,2014553,1139357,AlPatch_2_0,648.04884801787,648.14297996952
13,0,2014986,1113212,AlPatch_2_0,15262.644636315,15262.734733592
13,0,2014985,1113212,AlPatch_2_0,15262.644636315,15262.745736529
13,0,2015140,1104548,AlPatch_1_0,10267.518655138,10267.614085567
13,0,2015139,1104548,AlPatch_1_0,10267.518655138,10267.604668617
13,0,2015266,1096717,AlPatch_0_0,8208.6301412672,8208.7242747443
13,0,2015265,1096717,AlPatch_0_0,8208.6301412672,8208.7257736762
13,0,2015328,1093207,AlPatch_2_1,4986.3376989566,4986.4370907278
13,0,2015327,1093207,AlPatch_2_1,4986.3376989566,4986.4399187753
13,0,2015602,1077993,AlPatch_0_1,15767.333977672,15767.430073316
13,0,2015601,1077993,AlPatch_0_1,15767.333977672,15767.426621641
13,0,2015710,1072941,AlPatch_2_0,17554.368419046,17554.466965088
13,0,2015709,1072941,AlPatch_2_0,17554.368419046,17554.459586369
13,0,2016392,1031245,AlPatch_2_0,4906.8066548415,4906.8994267874
13,0,2016391,1031245,AlPatch_2_0,4906.8066548415,4906.8980468732
13,0,2016642,1013867,AlPatch_2_0,13566.556908982,13566.653003766
13,0,2016641,1013867,AlPatch_2_0,13566.556908982,13566.642692976
13,0,2016686,1011251,AlPatch_0_1,7116.7209098077,7116.8082771211
13,0,2016685,1011251,AlPatch_0_1,7116.7209098077,7116.8177441914
13,0,2016866,1000934,AlPatch_1_0,10620.864786646,10620.955085724
13,0,2016865,1000934,AlPatch_1_0,10620.864786646,10620.966256606
13,0,2016928,997697,AlPatch_1_0,996.65717900242,996.74720372124
13,0,2016927,997697,AlPatch_1_0,996.65717900242,996.75164279954
13,0,2017206,981329,AlPatch_0_1,2562.6508131575,2562.740320822
13,0,2017205,981329,AlPatch_0_1,2562.6508131575,2562.7502244681
13,0,2017358,973824,AlPatch_0_1,9872.824464455,9872.911024932
13,0,2017357,973824,AlPatch_0_1,9872.824464455,9872.9109824714
13,0,2017426,969635,AlPatch_1_0,15400.401082012,15400.492475186
13,0,2017425,969635,AlPatch_1_0,15400.401082012,15400.498426898
13,0,2017428,969505,AlPatch_1_1,9295.2292540852,9295.3343522032
13,0,2017427,969505,AlPatch_1_1,9295.2292540852,9295.3156674089
13,0,2017592,959946,AlPatch_0_0,1781.5496314642,1781.6363285928
13,0,2017591,959946,AlPatch_0_0,1781.5496314642,1781.6522446373
13,0,2018094,929034,AlPatch_0_1,4281.7581145575,4281.8537620841
13,0,2018093,929034,AlPatch_0_1,4281.7581145575,4281.8524965444
13,0,2018474,906907,AlPatch_2_0,13649.082802305,13649.179438596
13,0,2018473,906907,AlPatch_2_0,13649.082802305,13649.17280372
13,0,2018516,905133,AlPatch_2_0,255.8509533161,255.93999523238
13,0,2018515,905133,AlPatch_2_0,255.8509533161,255.93961259386
13,0,2018724,893368,AlPatch_2_0,11079.577779062,11079.673945393
13,0,2018723,893368,AlPatch_2_0,11079.577779062,11079.669278794
13,0,2018748,892364,AlPatch_1_0,6917.7671379637,6917.8666468188
13,0,2018747,892364,AlPatch_1_0,6917.7671379637,6917.8647653119
13,0,2018954,879151,AlPatch_2_1,14569.245214005,14569.346335715
13,0,2018953,879151,AlPatch_2_1,14569.245214005,14569.331575037
13,0,2018984,877495,AlPatch_1_1,4999.8510369456,4999.9385602534
13,0,2018983,877495,AlPatch_1_1,4999.8510369456,4999.9380940929
13,0,2019056,872113,AlPatch_1_0,7390.6988610721,7390.7937486264
13,0,2019055,872113,AlPatch_1_0,7390.6988610721,7390.7923066695
13,0,2019600,841580,AlPatch_2_1,1046.7875892093,1046.8827748571
13,0,2019599,841580,AlPatch_2_1,1046.7875892093,1046.8802536486
13,0,2020200,802591,AlPatch_0_0,14848.351256503,14848.450131767
13,0,2020199,802591,AlPatch_0_0,14848.351256503,14848.437910894
13,0,2020214,802033,AlPatch_2_0,509.13989819458,509.24193131155
13,0,2020213,802033,AlPatch_2_0,509.13989819458,509.22677748484
13,0,2020472,787292,AlPatch_0_1,4238.2461647957,4238.3435104709
13,0,2020471,787292,AlPatch_0_1,4238.2461647956,4238.3408400495
13,0,2020474,786914,AlPatch_2_0,845.14725814273,845.23589210459
13,0,2020473,786914,AlPatch_2_0,845.14725814273,845.23622378064
13,0,2020572,781164,AlPatch_0_1,12402.525121064,12402.617417344
13,0,2020571,781164,AlPatch_0_1,12402.525121064,12402.620767956
13,0,2020820,766708,AlPatch_1_1,8636.2611510568,8636.3513363319
13,0,2020819,766708,AlPatch_1_1,8636.2611510568,8636.3608375622
13,0,2020886,763868,AlPatch_1_0,10552.695907504,10552.783277328
13,0,2020885,763868,AlPatch_1_0,10552.695907504,10552.782850504
13,0,2021086,752963,AlPatch_2_0,863.09680655896,863.18914226996
13,0,2021085,752963,AlPatch_2_0,863.09680655896,863.19893731287
13,0,2021362,735738,AlPatch_0_1,9231.3642028526,9231.4497323138
13,0,2021361,735738,AlPatch_0_1,9231.3642028526,9231.462880294
13,0,2021530,725422,AlPatch_2_1,13565.319319862,13565.42270953
13,0,2021529,725422,AlPatch_2_1,13565.319319862,13565.420611168
13,0,2021746,712463,AlPatch_1_1,8417.5117826194,8417.6017244927
13,0,2021745,712463,AlPatch_1_1,8417.5117826194,8417.604826205
13,0,2022072,692999,AlPatch_0_0,9502.8963860397,9502.9975214049
13,0,2022071,692999,AlPatch_0_0,9502.8963860397,9502.9969958951
13,0,2022192,685806,AlPatch_0_1,9159.6735361833,9159.7590625328
13,0,2022191,685806,AlPatch_0_1,9159.6735361833,9159.7623557258
13,0,2022238,683072,AlPatch_0_1,1038.013992595,1038.1137107689
13,0,2022237,683072,AlPatch_0_1,1038.013992595,1038.1020153506
13,0,2022294,679635,AlPatch_2_0,255.48825357669,255.58077194146
13,0,2022293,679635,AlPatch_2_0,255.48825357669,255.57901008687
13,0,2022446,670028,AlPatch_1_1,11762.284427829,11762.372786031
13,0,2022445,670028,AlPatch_1_1,11762.284427829,11762.385782294
13,0,2022756,652003,AlPatch_1_0,5795.4968214372,5795.5989562452
13,0,2022755,652003,AlPatch_1_0,5795.4968214372,5795.5883541076
13,0,2022858,646900,AlPatch_1_1,793.80794513279,793.89626468679
13,0,2022857,646900,AlPatch_1_1,793.80794513279,793.91113233819
13,0,2023032,636495,AlPatch_2_0,1487.6377441994,1487.7265328618
13,0,2023031,636495,AlPatch_2_0,1487.6377441994,1487.7365058624
13,0,2023072,634051,AlPatch_0_0,10158.798942792,10158.897402413
13,0,2023071,634051,AlPatch_0_0,10158.798942792,10158.889504172
13,0,2023478,611940,AlPatch_2_1,1689.0755212632,1689.1652186479
13,0,2023477,611940,AlPatch_2_1,1689.0755212632,1689.1612833728
13,0,2023916,587138,AlPatch_2_0,2568.0738100685,2568.175206905
13,0,2023915,587138,AlPatch_2_0,2568.0738100685,2568.1752547715
13,0,2023932,586067,AlPatch_2_1,9118.102186845,9118.1953663807
13,0,2023931,586067,AlPatch_2_1,9118.102186845,9118.2035295121
13,0,2023990,582152,AlPatch_1_1,15804.017294774,15804.102887662
13,0,2023989,582152,AlPatch_1_1,15804.017294774,15804.102750452
13,0,2024116,575673,AlPatch_2_0,10063.592482141,10063.679521792
13,0,2024115,575673,AlPatch_2_0,10063.592482141,10063.693269769
13,0,2024288,565366,AlPatch_2_0,895.3751450676,895.46273075941
13,0,2024287,565366,AlPatch_2_0,895.3751450676,895.47329451107
13,0,2024306,564485,AlPatch_2_1,752.59024436926,752.67722644809
13,0,2024305,564485,AlPatch_2_1,752.59024436926,752.68512985948
13,0,2024664,540441,AlPatch_2_0,245.10378604098,245.20648077655
13,0,2024663,540441,AlPatch_2_0,245.10378604098,245.19859976597
13,0,2024700,538137,AlPatch_2_0,6443.1419274631,6443.227512354
13,0,2024699,538137,AlPatch_2_0,6443.1419274631,6443.2459935225
13,0,2024846,530803,AlPatch_1_1,6781.3936304932,6781.4848214766
13,0,2024845,530803,AlPatch_1_1,6781.3936304932,6781.4809458939
13,0,2024930,525696,AlPatch_2_1,2907.290560975,2907.3772632013
13,0,2024929,525696,AlPatch_2_1,2907.290560975,2907.3873955704
13,0,2025326,500727,AlPatch_2_0,268.39986994471,268.49395410209
13,0,2025325,500727,AlPatch_2_0,268.39986994471,268.49884079587
13,0,2025404,495901,AlPatch_2_1,5034.5628322067,5034.6539584412
13,0,2025403,495901,AlPatch_2_1,5034.5628322067,5034.6577105214
13,0,2025458,492869,AlPatch_2_1,5353.6147612944,5353.7153110325
13,0,2025457,492869,AlPatch_2_1,5353.6147612944,5353.7046485288
13,0,2025728,477808,AlPatch_0_0,6379.4697402703,6379.5679876076
13,0,2025727,477808,AlPatch_0_0,6379.4697402703,6379.5675911792
13,0,2025730,477763,AlPatch_2_1,2323.5960369555,2323.6928916789
13,0,2025729,477763,AlPatch_2_1,2323.5960369555,2323.6910285049
13,0,2025768,475499,AlPatch_1_0,4603.2663304136,4603.357647179
13,0,2025767,475499,AlPatch_1_0,4603.2663304136,4603.3607256231
13,0,2025892,467653,AlPatch_2_1,12584.963581925,12585.052218987
13,0,2025891,467653,AlPatch_2_1,12584.963581925,12585.050855857
13,0,2025946,463305,AlPatch_1_0,4018.3437230329,4018.4307052788
13,0,2025945,463305,AlPatch_1_0,4018.3437230329,4018.4446938788
13,0,2025992,460835,AlPatch_0_1,9735.3614894511,9735.4558306235
13,0,2025991,460835,AlPatch_0_1,9735.3614894511,9735.4579348762
13,0,2026158,452325,AlPatch_2_0,256.820366272,256.90655518021
13,0,2026157,452325,AlPatch_2_0,256.820366272,256.92235116947
13,0,2026184,450200,AlPatch_0_0,6180.2228314764,6180.3182528117
13,0,2026183,450200,AlPatch_0_0,6180.2228314764,6180.3154244967
13,0,2026416,434881,AlPatch_1_0,1551.3434418384,1551.4290994657
13,0,2026415,434881,AlPatch_1_0,1551.3434418384,1551.4289920731
13,0,2026494,430073,AlPatch_1_1,4580.6357317182,4580.7232274917
13,0,2026493,430073,AlPatch_1_1,4580.6357317182,4580.7218554723
13,0,2026662,419711,AlPatch_2_0,7862.2516280738,7862.3497729556
13,0,2026661,419711,AlPatch_2_0,7862.2516280738,7862.3498871435
13,0,2027172,387964,AlPatch_0_1,14198.370336504,14198.463520321
13,0,2027171,387964,AlPatch_0_1,14198.370336504,14198.46299096
13,0,2027952,336153,AlPatch_2_0,1565.4250244126,1565.5191359128
13,0,2027951,336153,AlPatch_2_0,1565.4250244126,1565.5264005407
13,0,2028072,328933,AlPatch_2_0,3112.1223449029,3112.2138997465
13,0,2028071,328933,AlPatch_2_0,3112.1223449029,3112.2150007362
13,0,2028174,321460,AlPatch_2_0,11064.952017408,11065.039325774
13,0,2028173,321460,AlPatch_2_0,11064.952017408,11065.040269441
13,0,2028336,311550,AlPatch_1_0,11822.026049743,11822.115208111
13,0,2028335,311550,AlPatch_1_0,11822.026049743,11822.113498859
13,0,2028452,304623,AlPatch_2_1,9142.6993371521,9142.7955801845
13,0,2028451,304623,AlPatch_2_1,9142.6993371521,9142.7963185863
13,0,2028618,295038,AlPatch_1_0,1842.2146164702,1842.3004583459
13,0,2028617,295038,AlPatch_1_0,1842.2146164702,1842.3004010969
13,0,2028630,293590,AlPatch_2_0,264.55055687935,264.63936698851
13,0,2028629,293590,AlPatch_2_0,264.55055687935,264.65001142046
13,0,2028720,288088,AlPatch_0_1,2983.3424293057,2983.435445855
13,0,2028719,288088,AlPatch_0_1,2983.3424293057,2983.4333283761
13,0,2028888,277048,AlPatch_2_0,2922.6823835065,2922.7768944208
13,0,2028887,277048,AlPatch_2_0,2922.6823835065,2922.7680021343
13,0,2029242,256276,AlPatch_2_1,1192.8163694424,1192.9173050023
13,0,2029241,256276,AlPatch_2_1,1192.8163694424,1192.9042737431
13,0,2029442,242454,AlPatch_2_1,19870.434863895,19870.522353289
13,0,2029441,242454,AlPatch_2_1,19870.434863895,19870.526191571
13,0,2029690,228126,AlPatch_1_1,16764.843593151,16764.929797625
13,0,2029689,228126,AlPatch_1_1,16764.843593151,16764.93065614
13,0,2030166,204631,AlPatch_2_1,14232.293482721,14232.392194589
13,0,2030165,204631,AlPatch_2_1,14232.293482721,14232.385376533
13,0,2030238,200427,AlPatch_1_1,6475.2988037686,6475.3876398391
13,0,2030237,200427,AlPatch_1_1,6475.2988037686,6475.3887686117
13,0,2030486,184449,AlPatch_1_1,767.53422184812,767.62207512249
13,0,2030485,184449,AlPatch_1_1,767.53422184812,767.62759387298
13,0,2030520,182918,AlPatch_1_0,11179.326394351,11179.422472419
13,0,2030519,182918,AlPatch_1_0,11179.326394351,11179.428288495
13,0,2030684,173812,AlPatch_0_0,8763.7501164623,8763.8480104969
13,0,2030683,173812,AlPatch_0_0,8763.7501164623,8763.8467671542
13,0,2030716,172721,AlPatch_0_0,5116.4835491911,5116.5806037373
13,0,2030715,172721,AlPatch_0_0,5116.4835491911,5116.5800971666
13,0,2030800,167647,AlPatch_2_0,460.64968800607,460.75434325929
13,0,2030799,167647,AlPatch_2_0,460.64968800607,460.73644102408
13,0,2030838,165932,AlPatch_1_1,6723.7869623927,6723.885473607
13,0,2030837,165932,AlPatch_1_1,6723.7869623927,6723.880274695
13,0,2030864,163724,AlPatch_2_0,9536.7343232568,9536.8276743127
13,0,2030863,163724,AlPatch_2_0,9536.7343232568,9536.8262741192
13,0,2031434,129676,AlPatch_0_0,14142.553716147,14142.655476171
13,0,2031433,129676,AlPatch_0_0,14142.553716147,14142.646388135
13,0,2031566,121536,AlPatch_2_0,556.37404644938,556.46773391958
13,0,2031565,121536,AlPatch_2_0,556.37404644938,556.4635021308
13,0,2031738,110799,AlPatch_0_0,10934.969330768,10935.059108573
13,0,2031737,110799,AlPatch_0_0,10934.969330768,10935.056055144
13,0,2031954,98433,AlPatch_1_1,2560.845705012,2560.9425640653
13,0,2031953,98433,AlPatch_1_1,2560.845705012,2560.9413595016
13,0,2031972,97558,AlPatch_2_0,314.12167272597,314.22152191025
13,0,2031971,97558,AlPatch_2_0,314.12167272597,314.21568360081
13,0,2032058,91787,AlPatch_1_1,18100.649228929,18100.736875778
13,0,2032057,91787,AlPatch_1_1,18100.649228929,18100.748999376
13,0,2032156,86455,AlPatch_0_1,2638.268029446,2638.3558772822
13,0,2032155,86455,AlPatch_0_1,2638.268029446,2638.3557907899
13,0,2032678,55190,AlPatch_2_1,3227.1814892365,3227.2683022635
13,0,2032677,55190,AlPatch_2_1,3227.1814892365,3227.2813292741
13,0,2032786,48151,AlPatch_2_0,249.10940745139,249.19544848054
13,0,2032785,48151,AlPatch_2_0,249.10940745139,249.19729265167
14,0,2000030,1998600,AlPatch_2_0,6282.6240061609,6282.7252481721
14,0,2000029,1998600,AlPatch_2_0,6282.6240061609,6282.7229156286
14,0,2000118,1992343,AlPatch_2_0,255.94611463879,256.0359217114
14,0,2000117,1992343,AlPatch_2_0,255.94611463879,256.03498055474
14,0,2000120,1992262,AlPatch_0_1,14582.482049101,14582.579955194
14,0,2000119,1992262,AlPatch_0_1,14582.482049101,14582.578365164
14,0,2000252,1982579,AlPatch_2_0,939.80737620163,939.90090147456
14,0,2000251,1982579,AlPatch_2_0,939.80737620163,939.90265894614
14,0,2000364,1975354,AlPatch_0_1,8923.7185390043,8923.8078451904
14,0,2000363,1975354,AlPatch_0_1,8923.7185390043,8923.8062826296
14,0,2000574,1964421,AlPatch_1_1,8967.2160044236,8967.3031803357
14,0,2000573,1964421,AlPatch_1_1,8967.2160044236,8967.3158062365
14,0,2000650,1960197,AlPatch_2_1,1181.9450844998,1182.0325469234
14,0,2000649,1960197,AlPatch_2_1,1181.9450844998,1182.0479289211
14,0,2000720,1956330,AlPatch_2_1,13038.136376801,13038.234852212
14,0,2000719,1956330,AlPatch_2_1,13038.136376801,13038.234074388
14,0,2000732,1955910,AlPatch_2_0,12400.865540195,12400.955982985
14,0,2000731,1955910,AlPatch_2_0,12400.865540195,12400.970662278
14,0,2000840,1948717,AlPatch_0_0,12500.939769203,12501.026759278
14,0,2000839,1948717,AlPatch_0_0,12500.939769203,12501.030558403
14,0,2001244,1926855,AlPatch_2_0,10238.368710142,10238.465424637
14,0,2001243,1926855,AlPatch_2_0,10238.368710142,10238.469238104
14,0,2001534,1910430,AlPatch_0_1,14152.768662287,14152.856106949
14,0,2001533,1910430,AlPatch_0_1,14152.768662287,14152.864269118
14,0,2001580,1908342,AlPatch_2_0,12971.352948646,12971.43987511
14,0,2001579,1908342,AlPatch_2_0,12971.352948646,12971.447980462
14,0,2001850,1892961,AlPatch_2_0,7986.6768447226,7986.7698825077
14,0,2001849,1892961,AlPatch_2_0,7986.6768447226,7986.7745444566
14,0,2002156,1875253,AlPatch_2_0,665.21787161646,665.30663981117
14,0,2002155,1875253,AlPatch_2_0,665.21787161646,665.3176669466
14,0,2002250,1871471,AlPatch_1_1,1452.4916681627,1452.5870702717
14,0,2002249,1871471,AlPatch_1_1,1452.4916681627,1452.5864555409
14,0,2002388,1862492,AlPatch_1_0,1416.3873975366,1416.4738581766
14,0,2002387,1862492,AlPatch_1_0,1416.3873975366,1416.4767438443
14,0,2003112,1819837,AlPatch_0_1,11047.148432188,11047.243556304
14,0,2003111,1819837,AlPatch_0_1,11047.148432188,11047.241026615
14,0,2003278,1809647,AlPatch_0_1,7777.3531245694,7777.4410005092
14,0,2003277,1809647,AlPatch_0_1,7777.3531245694,7777.4408128245
14,0,2003280,1809637,AlPatch_1_0,15006.190678527,15006.284451708
14,0,2003279,1809637,AlPatch_1_0,15006.190678527,15006.277883922
14,0,2003754,1785965,AlPatch_2_1,10933.386531966,10933.481968768
14,0,2003753,1785965,AlPatch_2_1,10933.386531966,10933.478585018
14,0,2004020,1767608,AlPatch_0_0,10638.556933124,10638.646773128
14,0,2004019,1767608,AlPatch_0_0,10638.556933124,10638.64724022
14,0,2004034,1766703,AlPatch_2_1,14720.764350555,14720.862663369
14,0,2004033,1766703,AlPatch_2_1,14720.764350555,14720.855788343
14,0,2004112,1763285,AlPatch_0_1,15593.081086587,15593.17377036
14,0,2004111,1763285,AlPatch_0_1,15593.081086587,15593.175177993
14,0,2004282,1751925,AlPatch_0_0,14914.218458808,14914.312379089
14,0,2004281,1751925,AlPatch_0_0,14914.218458808,14914.311442115
14,0,2004390,1745923,AlPatch_0_0,3761.2316923152,3761.3355173986
14,0,2004389,1745923,AlPatch_0_0,3761.2316923152,3761.3169194883
14,0,2004424,1743755,AlPatch_2_0,3142.1684397849,3142.2548527381
14,0,2004423,1743755,AlPatch_2_0,3142.1684397849,3142.2635902629
14,0,2004492,1739368,AlPatch_2_1,10591.200582247,10591.30036041
14,0,2004491,1739368,AlPatch_2_1,10591.200582247,10591.299396235
14,0,2004634,1730963,AlPatch_0_1,9788.1859830765,9788.2897609761
14,0,2004633,1730963,AlPatch_0_1,9788.1859830765,9788.2884102776
14,0,2005090,1702228,AlPatch_2_0,621.50606484561,621.59403368539
14,0,2005089,1702228,AlPatch_2_0,621.50606484561,621.59544160039
14,0,2005374,1683734,AlPatch_1_1,1312.0710427987,1312.1753593248
14,0,2005373,1683734,AlPatch_1_1,1312.0710427987,1312.1566148563
14,0,2005400,1682674,AlPatch_2_1,9702.856368821,9702.952174674
14,0,2005399,1682674,AlPatch_2_1,9702.856368821,9702.9481394527
14,0,2005514,1676143,AlPatch_2_0,296.69261336573,296.78656783455
14,0,2005513,1676143,AlPatch_2_0,296.69261336573,296.78235039999
14,0,2005862,1654092,AlPatch_2_0,1597.9295950721,1598.0149985467
14,0,2005861,1654092,AlPatch_2_0,1597.9295950721,1598.0287751511
14,0,2006004,1642986,AlPatch_1_1,2607.7252763544,2607.8204512014
14,0,2006003,1642986,AlPatch_1_1,2607.7252763544,2607.8229910766
14,0,2006064,1640878,AlPatch_1_1,11085.071464294,11085.159321389
14,0,2006063,1640878,AlPatch_1_1,11085.071464294,11085.15938208
14,0,2006126,1637845,AlPatch_0_1,7861.5375927977,7861.6428986066
14,0,2006125,1637845,AlPatch_0_1,7861.5375927977,7861.627007036
14,0,2006282,1626062,AlPatch_2_0,12364.394061507,12364.483350184
14,0,2006281,1626062,AlPatch_2_0,12364.394061507,12364.495344355
14,0,2006352,1622597,AlPatch_2_1,9223.1428084857,9223.2349924482
14,0,2006351,1622597,AlPatch_2_1,9223.1428084857,9223.2327276479
14,0,2006354,1622405,AlPatch_2_0,422.66164133335,422.7481117933
14,0,2006353,1622405,AlPatch_2_0,422.66164133335,422.74784407052
14,0,2006740,1599214,AlPatch_2_0,253.71269087723,253.81743574292
14,0,2006739,1599214,AlPatch_2_0,253.71269087723,253.79821248327
14,0,2006802,1592792,AlPatch_2_0,664.53653431181,664.62739117467
14,0,2006801,1592792,AlPatch_2_0,664.53653431181,664.63723982784
14,0,2007274,1564762,AlPatch_1_0,3180.5483080123,3180.6475608098
14,0,2007273,1564762,AlPatch_1_0,3180.5483080123,3180.6488401477
14,0,2007452,1554833,AlPatch_2_1,5722.5482152444,5722.638944334
14,0,2007451,1554833,AlPatch_2_1,5722.5482152444,5722.6412436914
14,0,2007746,1536011,AlPatch_1_0,16560.048946278,16560.147120002
14,0,2007745,1536011,AlPatch_1_0,16560.048946278,16560.141001887
14,0,2007946,1525300,AlPatch_2_0,1568.4047769133,1568.4907952682
14,0,2007945,1525300,AlPatch_2_0,1568.4047769133,1568.490166658
14,0,2008336,1502854,AlPatch_0_0,12283.239092539,12283.336223504
14,0,2008335,1502854,AlPatch_0_0,12283.239092539,12283.333752031
14,0,2008400,1498102,AlPatch_1_0,8393.1481858887,8393.2488103203
14,0,2008399,1498102,AlPatch_1_0,8393.1481858887,8393.2463849931
14,0,2008564,1488914,AlPatch_1_0,2506.5630511908,2506.660682194
14,0,2008563,1488914,AlPatch_1_0,2506.5630511908,2506.6543392033
14,0,2008570,1488658,AlPatch_0_1,2796.0043220505,2796.0958464461
14,0,2008569,1488658,AlPatch_0_1,2796.0043220505,2796.1058884032
14,0,2008880,1469405,AlPatch_1_0,2232.6155961461,2232.7092460591
14,0,2008879,1469405,AlPatch_1_0,2232.6155961461,2232.7061585549
14,0,2009376,1438882,AlPatch_2_0,3234.6351485569,3234.736831535
14,0,2009375,1438882,AlPatch_2_0,3234.6351485569,3234.7310623188
14,0,2010434,1375088,AlPatch_0_1,8516.4391886843,8516.5375805299
14,0,2010433,1375088,AlPatch_0_1,8516.4391886842,8516.5374903474
14,0,2010576,1367429,AlPatch_1_1,9689.2900338636,9689.3853991057
14,0,2010575,1367429,AlPatch_1_1,9689.2900338636,9689.3919444382
14,0,2010834,1351770,AlPatch_0_1,5798.4432353559,5798.5323525488
14,0,2010833,1351770,AlPatch_0_1,5798.4432353559,5798.5420873203
14,0,2011344,1321463,AlPatch_2_0,8404.7457410478,8404.8335253439
14,0,2011343,1321463,AlPatch_2_0,8404.7457410478,8404.8478016585
14,0,2011656,1306233,AlPatch_2_1,11646.126650727,11646.215718096
14,0,2011655,1306233,AlPatch_2_1,11646.126650727,11646.231586265
14,0,2011706,1302853,AlPatch_2_0,5134.3650539184,5134.4663590546
14,0,2011705,1302853,AlPatch_2_0,5134.3650539184,5134.4523438008
14,0,2011788,1297994,AlPatch_2_1,8655.4053868473,8655.4930907061
14,0,2011787,1297994,AlPatch_2_1,8655.4053868473,8655.5039887273
14,0,2012020,1282509,AlPatch_1_1,5408.7514887524,5408.8439956708
14,0,2012019,1282509,AlPatch_1_1,5408.7514887524,5408.843371378
14,0,2012150,1275883,AlPatch_1_1,17531.581538397,17531.669506526
14,0,2012149,1275883,AlPatch_1_1,17531.581538397,17531.669638896
14,0,2012498,1254221,AlPatch_0_1,14050.862681341,14050.960963421
14,0,2012497,1254221,AlPatch_0_1,14050.862681341,14050.954770691
14,0,2012552,1251688,AlPatch_2_1,1174.4541064648,1174.5413445867
14,0,2012551,1251688,AlPatch_2_1,1174.4541064648,1174.541513159
14,0,2012850,1234557,AlPatch_0_0,7084.8240851932,7084.9175572284
14,0,2012849,1234557,AlPatch_0_0,7084.8240851932,7084.9191189005
14,0,2012922,1229537,AlPatch_0_1,11138.752147376,11138.845213741
14,0,2012921,1229537,AlPatch_0_1,11138.752147376,11138.85332618
14,0,2013152,1212807,AlPatch_2_1,6492.7773914864,6492.8661030117
14,0,2013151,1212807,AlPatch_2_1,6492.7773914864,6492.8665418817
14,0,2013260,1207127,AlPatch_2_1,1368.4290732818,1368.5275529728
14,0,2013259,1207127,AlPatch_2_1,1368.4290732818,1368.5189682081
14,0,2013272,1205950,AlPatch_2_1,1264.1315872149,1264.2182433882
14,0,2013271,1205950,AlPatch_2_1,1264.1315872149,1264.2181153409
14,0,2013310,1203329,AlPatch_1_1,15361.147523722,15361.234054233
14,0,2013309,1203329,AlPatch_1_1,15361.147523722,15361.234417774
14,0,2013460,1196154,AlPatch_0_0,5274.9998674898,5275.0899251369
14,0,2013459,1196154,AlPatch_0_0,5274.9998674898,5275.0936125707
14,0,2014016,1163133,AlPatch_0_0,3751.8314550868,3751.9321893374
14,0,2014015,1163133,AlPatch_0_0,3751.8314550868,3751.9198544969
14,0,2014030,1162493,AlPatch_0_1,9927.3039356034,9927.3969204069
14,0,2014029,1162493,AlPatch_0_1,9927.3039356033,9927.3927553518
14,0,2014146,1155783,AlPatch_2_0,1912.2081070327,1912.2949715711
14,0,2014145,1155783,AlPatch_2_0,1912.2081070327,1912.2962075776
14,0,2014152,1155715,AlPatch_2_1,4207.6290371639,4207.7184648197
14,0,2014151,1155715,AlPatch_2_1,4207.6290371639,4207.7273943627
14,0,2014164,1155346,AlPatch_1_1,12457.687722503,12457.774351628
14,0,2014163,1155346,AlPatch_1_1,12457.687722503,12457.774462332
14,0,2014178,1154721,AlPatch_1_0,4589.4141242577,4589.5055852982
14,0,2014177,1154721,AlPatch_1_0,4589.4141242577,4589.5064463651
14,0,2014634,1128075,AlPatch_2_1,1158.3448426783,1158.4457873614
14,0,2014633,1128075,AlPatch_2_1,1158.3448426783,1158.4384588651
14,0,2014728,1120524,AlPatch_0_1,13034.80785278,13034.907787195
14,0,2014727,1120524,AlPatch_0_1,13034.80785278,13034.907517503
14,0,2015186,1094273,AlPatch_2_0,706.30622207042,706.39210591793
14,0,2015185,1094273,AlPatch_2_0,706.30622207042,706.40378653344
14,0,2015370,1083823,AlPatch_0_1,10878.596310541,10878.691072376
14,0,2015369,1083823,AlPatch_0_1,10878.596310541,10878.691876145
14,0,2015660,1064842,AlPatch_1_1,3750.1190108922,3750.206222101
14,0,2015659,1064842,AlPatch_1_1,3750.1190108922,3750.206509639
14,0,2015842,1052860,AlPatch_2_0,1281.0644755342,1281.1557020116
14,0,2015841,1052860,AlPatch_2_0,1281.0644755342,1281.162304659
14,0,2015922,1048686,AlPatch_2_0,254.75449717137,254.8577016484
14,0,2015921,1048686,AlPatch_2_0,254.75449717137,254.8505571114
14,0,2015962,1046477,AlPatch_2_0,10113.105915345,10113.192541251
14,0,2015961,1046477,AlPatch_2_0,10113.105915345,10113.192246939
14,0,2015996,1043567,AlPatch_2_1,12652.183061397,12652.268549228
14,0,2015995,1043567,AlPatch_2_1,12652.183061397,12652.268469837
14,0,2016036,1041650,AlPatch_2_0,7010.2169352106,7010.3048794484
14,0,2016035,1041650,AlPatch_2_0,7010.2169352106,7010.3055924902
14,0,2016110,1037778,AlPatch_1_0,3308.1817299045,3308.2670830999
14,0,2016109,1037778,AlPatch_1_0,3308.1817299045,3308.2670474206
14,0,2016138,1035660,AlPatch_2_0,10024.86795748,10024.95572183
14,0,2016137,1035660,AlPatch_2_0,10024.86795748,10024.956451731
14,0,2016278,1027620,AlPatch_2_1,15088.517072819,15088.604377749
14,0,2016277,1027620,AlPatch_2_1,15088.517072819,15088.604229191
14,0,2016564,1010942,AlPatch_1_1,5822.9693955762,5823.0610944781
14,0,2016563,1010942,AlPatch_1_1,5822.9693955762,5823.0648521639
14,0,2016834,992937,AlPatch_2_0,458.6300582009,458.72581027123
14,0,2016833,992937,AlPatch_2_0,458.6300582009,458.72335986486
14,0,2016942,988013,AlPatch_1_0,3259.3158234667,3259.4078568452
14,0,2016941,988013,AlPatch_1_0,3259.3158234667,3259.4017011347
14,0,2017798,940122,AlPatch_2_1,6148.9109354547,6149.0001115314
14,0,2017797,940122,AlPatch_2_1,6148.9109354547,6149.0087939462
14,0,2018140,919147,AlPatch_0_0,9911.5462590663,9911.6354320109
14,0,2018139,919147,AlPatch_0_0,9911.5462590663,9911.6453166585
14,0,2018392,904330,AlPatch_2_0,16164.786732111,16164.87484435
14,0,2018391,904330,AlPatch_2_0,16164.786732111,16164.881634584
14,0,2018456,901316,AlPatch_1_0,8571.3353487425,8571.4321048703
14,0,2018455,901316,AlPatch_1_0,8571.3353487425,8571.4270408255
14,0,2018936,874543,AlPatch_1_0,3741.5138592658,3741.6157787962
14,0,2018935,874543,AlPatch_1_0,3741.5138592658,3741.5999468005
14,0,2018948,873888,AlPatch_2_0,251.59664885355,251.68463817392
14,0,2018947,873888,AlPatch_2_0,251.59664885355,251.69032132045
14,0,2019722,827641,AlPatch_2_0,664.29355448862,664.38198183262
14,0,2019721,827641,AlPatch_2_0,664.29355448862,664.38113054333
14,0,2019772,825587,AlPatch_0_0,1278.2687235372,1278.3654199227
14,0,2019771,825587,AlPatch_0_0,1278.2687235372,1278.3603485142
14,0,2019968,813519,AlPatch_1_1,12499.204846866,12499.295819532
14,0,2019967,813519,AlPatch_1_1,12499.204846866,12499.290779904
14,0,2020004,811010,AlPatch_2_1,3181.0608855488,3181.1504045557
14,0,2020003,811010,AlPatch_2_1,3181.0608855488,3181.1529768794
14,0,2020042,807349,AlPatch_2_0,266.75084383165,266.84012932831
14,0,2020041,807349,AlPatch_2_0,266.75084383165,266.83977429482
14,0,2020220,796233,AlPatch_1_1,9635.7841285353,9635.8772067555
14,0,2020219,796233,AlPatch_1_1,9635.7841285353,9635.878382925
14,0,2020290,791605,AlPatch_1_1,3003.0610664415,3003.1515380622
14,0,2020289,791605,AlPatch_1_1,3003.0610664415,3003.1511048815
14,0,2020440,783810,AlPatch_0_1,7678.8810657226,7678.9823614268
14,0,2020439,783810,AlPatch_0_1,7678.8810657226,7678.9723720318
14,0,2020450,782983,AlPatch_1_1,17641.799959733,17641.899257644
14,0,2020449,782983,AlPatch_1_1,17641.799959733,17641.900570404
14,0,2020580,773610,AlPatch_2_1,6664.2483212883,6664.3454268171
14,0,2020579,773610,AlPatch_2_1,6664.2483212883,6664.3404422735
14,0,2020708,766074,AlPatch_0_0,12004.678345713,12004.773461985
14,0,2020707,766074,AlPatch_0_0,12004.678345713,12004.774581576
14,0,2020748,763631,AlPatch_2_1,4623.9496437241,4624.0439250212
14,0,2020747,763631,AlPatch_2_1,4623.9496437241,4624.0392614215
14,0,2020890,755588,AlPatch_1_0,8545.067452849,8545.1595159545
14,0,2020889,755588,AlPatch_1_0,8545.067452849,8545.1580827251
14,0,2021018,746787,AlPatch_2_0,1175.4753385707,1175.5775680985
14,0,2021017,746787,AlPatch_2_0,1175.4753385707,1175.5609415984
14,0,2021130,740258,AlPatch_2_1,19872.451089698,19872.549900146
14,0,2021129,740258,AlPatch_2_1,19872.451089698,19872.548299092
14,0,2021452,723338,AlPatch_2_1,19143.116011109,19143.201641162
14,0,2021451,723338,AlPatch_2_1,19143.116011109,19143.212212572
14,0,2021612,714471,AlPatch_0_1,10442.267308399,10442.359224494
14,0,2021611,714471,AlPatch_0_1,10442.267308399,10442.370755629
14,0,2021674,710634,AlPatch_0_1,22923.83632976,22923.921902996
14,0,2021673,710634,AlPatch_0_1,22923.83632976,22923.938747102
14,0,2022664,648638,AlPatch_2_1,464.31990369248,464.41405280499
14,0,2022663,648638,AlPatch_2_1,464.31990369248,464.41500758203
14,0,2022730,644226,AlPatch_1_1,1032.6334426749,1032.7360481353
14,0,2022729,644226,AlPatch_1_1,1032.6334426749,1032.7357969109
14,0,2022868,635055,AlPatch_0_1,12739.700868071,12739.796258738
14,0,2022867,635055,AlPatch_0_1,12739.700868071,12739.795387366
14,0,2022918,631945,AlPatch_2_0,3329.6662624544,3329.7619609498
14,0,2022917,631945,AlPatch_2_0,3329.6662624544,3329.7567292599
14,0,2023008,626917,AlPatch_2_0,12895.438658297,12895.529407131
14,0,2023007,626917,AlPatch_2_0,12895.438658297,12895.527989833
14,0,2023052,624598,AlPatch_2_0,846.18738487661,846.28650568767
14,0,2023051,624598,AlPatch_2_0,846.18738487661,846.28453554898
14,0,2023070,623733,AlPatch_2_1,9764.6444593526,9764.7478405206
14,0,2023069,623733,AlPatch_2_1,9764.6444593526,9764.7416547418
14,0,2023098,622142,AlPatch_2_1,864.15729195265,864.25785111302
14,0,2023097,622142,AlPatch_2_1,864.15729195265,864.24465280777
14,0,2023836,577720,AlPatch_2_0,4444.9255226877,4445.0156444504
14,0,2023835,577720,AlPatch_2_0,4444.9255226877,4445.0147703969
14,0,2023848,577278,AlPatch_1_0,11534.556984525,11534.646745567
14,0,2023847,577278,AlPatch_1_0,11534.556984525,11534.645623979
14,0,2023858,576821,AlPatch_0_0,19198.708297087,19198.798898248
14,0,2023857,576821,AlPatch_0_0,19198.708297087,19198.800346881
14,0,2023934,572550,AlPatch_0_1,6787.8770103538,6787.9708992829
14,0,2023933,572550,AlPatch_0_1,6787.8770103538,6787.971850165
14,0,2024044,565799,AlPatch_1_1,3908.988212526,3909.0823422504
14,0,2024043,565799,AlPatch_1_1,3908.988212526,3909.0818851114
14,0,2024052,565527,AlPatch_1_1,4986.2674001933,4986.3529223062
14,0,2024051,565527,AlPatch_1_1,4986.2674001933,4986.3577629311
14,0,2024072,563984,AlPatch_0_1,2997.3650555994,2997.4542452798
14,0,2024071,563984,AlPatch_0_1,2997.3650555994,2997.4644079885
14,0,2024100,561539,AlPatch_2_0,1341.5615949101,1341.6586662155
14,0,2024099,561539,AlPatch_2_0,1341.5615949101,1341.655906071
14,0,2024234,553573,AlPatch_0_0,11692.108316573,11692.207033488
14,0,2024233,553573,AlPatch_0_0,11692.108316573,11692.199170483
14,0,2024332,546460,AlPatch_1_0,9099.0461095358,9099.1368177756
14,0,2024331,546460,AlPatch_1_0,9099.0461095358,9099.1410312377
14,0,2024642,527291,AlPatch_0_0,10132.799386754,10132.900909645
14,0,2024641,527291,AlPatch_0_0,10132.799386754,10132.893529175
14,0,2024878,513080,AlPatch_0_0,8357.0289488789,8357.1211933204
14,0,2024877,513080,AlPatch_0_0,8357.0289488789,8357.1249738278
14,0,2024928,511126,AlPatch_2_0,11236.742632527,11236.83082761
14,0,2024927,511126,AlPatch_2_0,11236.742632527,11236.829431119
14,0,2025234,492803,AlPatch_1_0,7465.3838676443,7465.4887656868
14,0,2025233,492803,AlPatch_1_0,7465.3838676443,7465.473576829
14,0,2025286,489888,AlPatch_0_1,8129.4922357425,8129.579582997
14,0,2025285,489888,AlPatch_0_1,8129.4922357425,8129.5882761351
14,0,2025490,479108,AlPatch_2_1,13894.228835741,13894.317869173
14,0,2025489,479108,AlPatch_2_1,13894.228835741,13894.321066382
14,0,2025742,463589,AlPatch_2_0,267.84636014217,267.93866533097
14,0,2025741,463589,AlPatch_2_0,267.84636014217,267.94343914066
14,0,2025782,460285,AlPatch_2_0,12578.244965831,12578.344144756
14,0,2025781,460285,AlPatch_2_0,12578.244965831,12578.335264101
14,0,2026084,443341,AlPatch_0_0,10738.578143362,10738.670238507
14,0,2026083,443341,AlPatch_0_0,10738.578143362,10738.67155382
14,0,2026200,436299,AlPatch_2_0,252.31122380584,252.39893463926
14,0,2026199,436299,AlPatch_2_0,252.31122380584,252.39940721265
14,0,2026476,419930,AlPatch_2_1,7020.4684335863,7020.5715978924
14,0,2026475,419930,AlPatch_2_1,7020.4684335863,7020.5692112083
14,0,2026506,418691,AlPatch_0_0,17279.747333813,17279.842672456
14,0,2026505,418691,AlPatch_0_0,17279.747333813,17279.846086828
14,0,2026818,398955,AlPatch_1_1,14158.85594172,14158.950014629
14,0,2026817,398955,AlPatch_1_1,14158.85594172,14158.94613328
14,0,2027064,382695,AlPatch_1_0,4207.907088348,4207.9965341307
14,0,2027063,382695,AlPatch_1_0,4207.907088348,4207.9958954294
14,0,2027092,381140,AlPatch_2_1,2565.5554003186,2565.6485121125
14,0,2027091,381140,AlPatch_2_1,2565.5554003186,2565.6409812701
14,0,2027196,374629,AlPatch_2_1,17704.306098698,17704.406276839
14,0,2027195,374629,AlPatch_2_1,17704.306098698,17704.393853452
14,0,2027586,353024,AlPatch_2_1,9799.7369287769,9799.8279249839
14,0,2027585,353024,AlPatch_2_1,9799.7369287769,9799.8328573595
14,0,2027596,352059,AlPatch_1_0,778.36237930734,778.45153187536
14,0,2027595,352059,AlPatch_1_0,778.36237930734,778.44810362812
14,0,2027624,350445,AlPatch_1_1,12064.744129543,12064.835263177
14,0,2027623,350445,AlPatch_1_1,12064.744129543,12064.829537399
14,0,2027708,345995,AlPatch_0_0,7604.1996418879,7604.2895924738
14,0,2027707,345995,AlPatch_0_0,7604.1996418879,7604.2976212685
14,0,2028200,317930,AlPatch_2_0,6148.3592246254,6148.457841031
14,0,2028199,317930,AlPatch_2_0,6148.3592246254,6148.4548483727
14,0,2028308,312298,AlPatch_1_1,2067.9269643288,2068.0214213449
14,0,2028307,312298,AlPatch_1_1,2067.9269643288,2068.0125198796
14,0,2028324,311398,AlPatch_2_1,6378.5485366603,6378.6508917018
14,0,2028323,311398,AlPatch_2_1,6378.5485366603,6378.6417147508
14,0,2028486,301263,AlPatch_2_0,2839.3284807116,2839.4151276907
14,0,2028485,301263,AlPatch_2_0,2839.3284807116,2839.4150194488
14,0,2028982,269359,AlPatch_0_1,9420.2512309929,9420.3412028177
14,0,2028981,269359,AlPatch_0_1,9420.2512309929,9420.3445130451
14,0,2029042,266120,AlPatch_2_1,14826.070386299,14826.163059569
14,0,2029041,266120,AlPatch_2_1,14826.070386299,14826.166999521
14,0,2029370,247667,AlPatch_1_1,17811.339430506,17811.436228944
14,0,2029369,247667,AlPatch_1_1,17811.339430506,17811.42654864
14,0,2029766,222850,AlPatch_0_0,15733.617032673,15733.709363148
14,0,2029765,222850,AlPatch_0_0,15733.617032673,15733.707272776
14,0,2029780,221927,AlPatch_2_1,2489.1816581115,2489.2745109795
14,0,2029779,221927,AlPatch_2_1,2489.1816581115,2489.2836865521
14,0,2030594,174580,AlPatch_2_0,2085.4390327829,2085.5382588141
14,0,2030593,174580,AlPatch_2_0,2085.4390327829,2085.5380239781
14,0,2030876,158724,AlPatch_2_0,1205.2917219198,1205.379795531
14,0,2030875,158724,AlPatch_2_0,1205.2917219198,1205.3960969355
14,0,2030952,153187,AlPatch_1_1,2285.3570978597,2285.4479553368
14,0,2030951,153187,AlPatch_1_1,2285.3570978597,2285.4550425235
14,0,2031068,147329,AlPatch_2_0,249.51848230596,249.60390483209
14,0,2031067,147329,AlPatch_2_0,249.51848230596,249.61849023163
14,0,2031152,141780,AlPatch_1_1,17312.356736017,17312.448082388
14,0,2031151,141780,AlPatch_1_1,17312.356736017,17312.44948513
14,0,2031208,139870,AlPatch_0_1,18198.330759444,18198.419195495
14,0,2031207,139870,AlPatch_0_1,18198.330759444,18198.420216845
14,0,2031544,121933,AlPatch_0_1,5512.330217481,5512.4193625411
14,0,2031543,121933,AlPatch_0_1,5512.330217481,5512.4319583542
14,0,2031642,116533,AlPatch_2_1,1442.3338869301,1442.4239995899
14,0,2031641,116533,AlPatch_2_1,1442.3338869301,1442.4317842033
14,0,2032128,88053,AlPatch_2_1,871.43266530941,871.52210150778
14,0,2032127,88053,AlPatch_2_1,871.43266530941,871.53149350967
14,0,2032200,83458,AlPatch_2_0,2025.2678333073,2025.3577694916
14,0,2032199,83458,AlPatch_2_0,2025.2678333073,2025.367044031
14,0,2032226,82265,AlPatch_1_0,3240.6690015084,3240.7646745493
14,0,2032225,82265,AlPatch_1_0,3240.6690015084,3240.7624778772
14,0,2032412,72457,AlPatch_1_1,2422.1128753073,2422.2051694935
14,0,2032411,72457,AlPatch_1_1,2422.1128753073,2422.2063828495
14,0,2032660,57849,AlPatch_1_1,9954.9219311127,9955.0094791279
14,0,2032659,57849,AlPatch_1_1,9954.9219311127,9955.0232565277
14,0,2032666,57614,AlPatch_2_1,3037.1941525628,3037.2823186341
14,0,2032665,57614,AlPatch_2_1,3037.1941525628,3037.2949012134
14,0,2032688,57033,AlPatch_2_0,15028.871445611,15028.977755327
14,0,2032687,57033,AlPatch_2_0,15028.871445611,15028.958116539
14,0,2032698,56346,AlPatch_1_0,12039.779502275,12039.8716943
14,0,2032697,56346,AlPatch_1_0,12039.779502275,12039.870208974
14,0,2032926,43609,AlPatch_1_1,10592.653656532,10592.75291398
14,0,2032925,43609,AlPatch_1_1,10592.653656532,10592.749420104
14,0,2033576,6384,AlPatch_2_0,715.99463979153,716.09260856416
14,0,2033575,6384,AlPatch_2_0,715.99463979153,716.08375511908
14,0,2033604,5045,AlPatch_2_0,403.18491219084,403.28072477293
14,0,2033603,5045,AlPatch_2_0,403.18491219084,403.28051136391
15,0,2000090,1994700,AlPatch_2_0,3172.807516757,3172.895970239
15,0,2000089,1994700,AlPatch_2_0,3172.807516757,3172.905565702
15,0,2000092,1994551,AlPatch_0_0,8771.14619294,8771.2317133386
15,0,2000091,1994551,AlPatch_0_0,8771.14619294,8771.2323300869
15,0,2000098,1994219,AlPatch_1_0,5317.9886517956,5318.0811779543
15,0,2000097,1994219,AlPatch_1_0,5317.9886517956,5318.0830042916
15,0,2000170,1989755,AlPatch_1_0,16324.500614519,16324.594862772
15,0,2000169,1989755,AlPatch_1_0,16324.500614519,16324.595982054
15,0,2000262,1984259,AlPatch_0_0,4935.5756850308,4935.6671772527
15,0,2000261,1984259,AlPatch_0_0,4935.5756850308,4935.6756689367
15,0,2000784,1952476,AlPatch_0_1,13868.185330838,13868.272761977
15,0,2000783,1952476,AlPatch_0_1,13868.185330838,13868.281458749
15,0,2001016,1939701,AlPatch_2_1,10912.469927012,10912.572906944
15,0,2001015,1939701,AlPatch_2_1,10912.469927012,10912.55640123
15,0,2001758,1896988,AlPatch_2_1,12719.743444795,12719.836406617
15,0,2001757,1896988,AlPatch_2_1,12719.743444795,12719.834979284
15,0,2001834,1892026,AlPatch_2_1,6877.067368023,6877.1541385943
15,0,2001833,1892026,AlPatch_2_1,6877.067368023,6877.1537232049
15,0,2001920,1885677,AlPatch_1_1,4390.2061761676,4390.2970369831
15,0,2001919,1885677,AlPatch_1_1,4390.2061761676,4390.3024853729
15,0,2002436,1854805,AlPatch_1_0,5500.4456976227,5500.5388867504
15,0,2002435,1854805,AlPatch_1_0,5500.4456976227,5500.5429858052
15,0,2002674,1840561,AlPatch_1_1,3120.8093501179,3120.8980904558
15,0,2002673,1840561,AlPatch_1_1,3120.8093501179,3120.9093046373
15,0,2002760,1835866,AlPatch_2_1,992.25156917704,992.35155623093
15,0,2002759,1835866,AlPatch_2_1,992.25156917704,992.35078729749
15,0,2002764,1835755,AlPatch_2_1,9417.2968779042,9417.3853584442
15,0,2002763,1835755,AlPatch_2_1,9417.2968779042,9417.4008882622
15,0,2002926,1827327,AlPatch_2_0,14261.149910584,14261.250090419
15,0,2002925,1827327,AlPatch_2_0,14261.149910584,14261.235618727
15,0,2003108,1816997,AlPatch_0_1,4078.2979019722,4078.3863489503
15,0,2003107,1816997,AlPatch_0_1,4078.2979019722,4078.3987407419
15,0,2003164,1812967,AlPatch_0_1,1156.6047315901,1156.6914993803
15,0,2003163,1812967,AlPatch_0_1,1156.6047315901,1156.6985752173
15,0,2003862,1772249,AlPatch_2_0,15515.153796868,15515.24431952
15,0,2003861,1772249,AlPatch_2_0,15515.153796868,15515.246235759
15,0,2003878,1771624,AlPatch_2_0,18978.812670976,18978.899732383
15,0,2003877,1771624,AlPatch_2_0,18978.812670976,18978.900988201
15,0,2003958,1766573,AlPatch_1_0,6382.4957521783,6382.5830713817
15,0,2003957,1766573,AlPatch_1_0,6382.4957521783,6382.5945498833
15,0,2004014,1763956,AlPatch_0_1,5852.9763905578,5853.0669297354
15,0,2004013,1763956,AlPatch_0_1,5852.9763905578,5853.0706139426
15,0,2004126,1756023,AlPatch_2_1,630.66106203188,630.75250177067
15,0,2004125,1756023,AlPatch_2_1,630.66106203188,630.75166104341
15,0,2004458,1738310,AlPatch_2_1,603.25435777742,603.35541810126
15,0,2004457,1738310,AlPatch_2_1,603.25435777742,603.34370759618
15,0,2004490,1735326,AlPatch_2_0,2936.4908402462,2936.5907340916
15,0,2004489,1735326,AlPatch_2_0,2936.4908402462,2936.5802816852
15,0,2004650,1727503,AlPatch_0_1,2311.2270335562,2311.3296574872
15,0,2004649,1727503,AlPatch_0_1,2311.2270335562,2311.328991274
15,0,2004912,1710615,AlPatch_1_0,11185.329347209,11185.428612889
15,0,2004911,1710615,AlPatch_1_0,11185.329347209,11185.420838087
15,0,2005018,1705980,AlPatch_0_1,8277.6274058616,8277.713690215
15,0,2005017,1705980,AlPatch_0_1,8277.6274058616,8277.7225351734
15,0,2005136,1699542,AlPatch_2_1,858.56794257713,858.66747141028
15,0,2005135,1699542,AlPatch_2_1,858.56794257713,858.66489967368
15,0,2005708,1662967,AlPatch_1_1,8931.6975437036,8931.7912379406
15,0,2005707,1662967,AlPatch_1_1,8931.6975437036,8931.7938613709
15,0,2005848,1655547,AlPatch_2_0,380.94330856689,381.03414721172
15,0,2005847,1655547,AlPatch_2_0,380.94330856689,381.03110656401
15,0,2005868,1654375,AlPatch_2_0,8878.4435770736,8878.5368328626
15,0,2005867,1654375,AlPatch_2_0,8878.4435770735,8878.5337942546
15,0,2005992,1646262,AlPatch_2_0,9445.0019478148,9445.1051486597
15,0,2005991,1646262,AlPatch_2_0,9445.0019478148,9445.0899019791
15,0,2006680,1609002,AlPatch_2_0,4935.1813592443,4935.2748866791
15,0,2006679,1609002,AlPatch_2_0,4935.1813592443,4935.2797249988
15,0,2007364,1572985,AlPatch_2_0,12475.667744616,12475.764135727
15,0,2007363,1572985,AlPatch_2_0,12475.667744616,12475.75354169
15,0,2007376,1572587,AlPatch_0_1,16323.058762531,16323.160870343
15,0,2007375,1572587,AlPatch_0_1,16323.058762531,16323.146376229
15,0,2007736,1552565,AlPatch_2_0,541.37256699131,541.46725933859
15,0,2007735,1552565,AlPatch_2_0,541.37256699131,541.47024209564
15,0,2007938,1540851,AlPatch_2_0,6362.1364637135,6362.2386923348
15,0,2007937,1540851,AlPatch_2_0,6362.1364637135,6362.2240370133
15,0,2008480,1508185,AlPatch_0_0,4424.3155201617,4424.415641245
15,0,2008479,1508185,AlPatch_0_0,4424.3155201617,4424.4141137859
15,0,2008764,1494681,AlPatch_0_1,11305.956955708,11306.044210972
15,0,2008763,1494681,AlPatch_0_1,11305.956955708,11306.055007085
15,0,2008784,1493602,AlPatch_2_0,2363.0748679223,2363.1604112101
15,0,2008783,1493602,AlPatch_2_0,2363.0748679223,2363.1818549296
15,0,2008916,1485174,AlPatch_2_1,18423.32267543,18423.408850279
15,0,2008915,1485174,AlPatch_2_1,18423.32267543,18423.42488888
15,0,2009468,1452927,AlPatch_2_0,6561.5398397372,6561.6375515135
15,0,2009467,1452927,AlPatch_2_0,6561.5398397372,6561.6320785925
15,0,2009492,1451082,AlPatch_2_0,245.47121737841,245.56778749277
15,0,2009491,1451082,AlPatch_2_0,245.47121737841,245.56653923404
15,0,2009726,1437291,AlPatch_1_0,7668.7258080318,7668.8131030764
15,0,2009725,1437291,AlPatch_1_0,7668.7258080318,7668.8320569727
15,0,2010058,1419297,AlPatch_2_0,1321.3485285448,1321.4382476205
15,0,2010057,1419297,AlPatch_2_0,1321.3485285448,1321.436733228
15,0,2010252,1407842,AlPatch_2_0,252.60176214499,252.69283432808
15,0,2010251,1407842,AlPatch_2_0,252.60176214499,252.69232927662
15,0,2010440,1396861,AlPatch_2_1,5086.7751055354,5086.8637417106
15,0,2010439,1396861,AlPatch_2_1,5086.7751055354,5086.8723809534
15,0,2010540,1390585,AlPatch_2_1,12733.129218199,12733.216802076
15,0,2010539,1390585,AlPatch_2_1,12733.129218199,12733.221975756
15,0,2010656,1382379,AlPatch_2_1,3791.224489244,3791.3140402401
15,0,2010655,1382379,AlPatch_2_1,3791.224489244,3791.3143034654
15,0,2011164,1351501,AlPatch_2_0,10207.260494986,10207.350199103
15,0,2011163,1351501,AlPatch_2_0,10207.260494986,10207.350792573
15,0,2011208,1349630,AlPatch_1_0,8362.6912872274,8362.7827083015
15,0,2011207,1349630,AlPatch_1_0,8362.6912872273,8362.7877609526
15,0,2011246,1347590,AlPatch_1_1,4314.573277284,4314.6751439253
15,0,2011245,1347590,AlPatch_1_1,4314.573277284,4314.6628449594
15,0,2011474,1333906,AlPatch_2_0,566.06255098451,566.16071724307
15,0,2011473,1333906,AlPatch_2_0,566.06255098451,566.1523347494
15,0,2011948,1308691,AlPatch_0_1,8793.9185267935,8794.0129687737
15,0,2011947,1308691,AlPatch_0_1,8793.9185267935,8794.0075596542
15,0,2011950,1308429,AlPatch_2_1,1346.7906797262,1346.8788919124
15,0,2011949,1308429,AlPatch_2_1,1346.7906797262,1346.8881625687
15,0,2012084,1300222,AlPatch_0_0,15778.987808312,15779.08194777
15,0,2012083,1300222,AlPatch_0_0,15778.987808312,15779.080332003
15,0,2012110,1298364,AlPatch_1_1,11762.291525522,11762.397482456
15,0,2012109,1298364,AlPatch_1_1,11762.291525522,11762.387197666
15,0,2012344,1284300,AlPatch_1_1,9104.4461237182,9104.5347129596
15,0,2012343,1284300,AlPatch_1_1,9104.4461237182,9104.547321979
15,0,2012532,1273158,AlPatch_1_0,5995.3670061417,5995.4648154379
15,0,2012531,1273158,AlPatch_1_0,5995.3670061417,5995.4592857722
15,0,2012958,1247602,AlPatch_2_0,718.3574075333,718.44738886448
15,0,2012957,1247602,AlPatch_2_0,718.3574075333,718.44791898564
15,0,2012988,1245435,AlPatch_2_0,255.19958395531,255.2859905967
15,0,2012987,1245435,AlPatch_2_0,255.19958395531,255.28752743727
15,0,2013100,1238119,AlPatch_0_1,9433.4907499127,9433.5765802807
15,0,2013099,1238119,AlPatch_0_1,9433.4907499127,9433.5762376909
15,0,2013400,1219981,AlPatch_1_0,6288.385200024,6288.4876194737
15,0,2013399,1219981,AlPatch_1_0,6288.385200024,6288.4851369762
15,0,2013458,1217451,AlPatch_1_1,13519.419976038,13519.507826332
15,0,2013457,1217451,AlPatch_1_1,13519.419976038,13519.510898073
15,0,2013514,1214532,AlPatch_2_0,9091.6634291024,9091.7485731392
15,0,2013513,1214532,AlPatch_2_0,9091.6634291024,9091.7489794201
15,0,2013558,1211442,AlPatch_2_0,7303.7060203966,7303.8019488155
15,0,2013557,1211442,AlPatch_2_0,7303.7060203966,7303.7973560893
15,0,2013828,1196577,AlPatch_0_0,6581.9190748818,6582.0193300244
15,0,2013827,1196577,AlPatch_0_0,6581.9190748818,6582.0131809325
15,0,2013930,1191247,AlPatch_2_0,12185.841713907,12185.934703339
15,0,2013929,1191247,AlPatch_2_0,12185.841713907,12185.931427909
15,0,2014000,1186075,AlPatch_1_0,14481.230670539,14481.322493273
15,0,2013999,1186075,AlPatch_1_0,14481.230670539,14481.323827832
15,0,2014020,1184546,AlPatch_2_0,4001.9666372905,4002.0557289814
15,0,2014019,1184546,AlPatch_2_0,4001.9666372905,4002.0656126133
15,0,2014052,1182287,AlPatch_0_1,14401.684477013,14401.776499138
15,0,2014051,1182287,AlPatch_0_1,14401.684477013,14401.780394701
15,0,2014110,1177500,AlPatch_2_0,21795.041077937,21795.139869682
15,0,2014109,1177500,AlPatch_2_0,21795.041077937,21795.133944973
15,0,2014648,1144732,AlPatch_2_0,18844.655017135,18844.749615632
15,0,2014647,1144732,AlPatch_2_0,18844.655017135,18844.74206987
15,0,2014758,1138208,AlPatch_0_0,11807.858726238,11807.961214937
15,0,2014757,1138208,AlPatch_0_0,11807.858726238,11807.955480144
15,0,2014816,1134289,AlPatch_2_1,6303.3596756692,6303.4495493453
15,0,2014815,1134289,AlPatch_2_1,6303.3596756692,6303.4451023799
15,0,2014822,1133834,AlPatch_0_1,9166.5943827497,9166.6884915544
15,0,2014821,1133834,AlPatch_0_1,9166.5943827497,9166.6855404104
15,0,2014860,1131965,AlPatch_1_1,13378.797605435,13378.885024764
15,0,2014859,1131965,AlPatch_1_1,13378.797605435,13378.886241114
15,0,2014894,1130272,AlPatch_2_0,597.51390632082,597.61529279654
15,0,2014893,1130272,AlPatch_2_0,597.51390632082,597.60495881657
15,0,2014934,1127975,AlPatch_1_0,15013.402857589,15013.507462689
15,0,2014933,1127975,AlPatch_1_0,15013.402857589,15013.509801347
15,0,2015102,1117502,AlPatch_1_0,12703.902810357,12703.991227719
15,0,2015101,1117502,AlPatch_1_0,12703.902810357,12704.003315104
15,0,2015342,1100035,AlPatch_2_1,3983.7020610822,3983.7953962853
15,0,2015341,1100035,AlPatch_2_1,3983.7020610822,3983.794180422
15,0,2015438,1094852,AlPatch_2_0,8119.6270244555,8119.7235329965
15,0,2015437,1094852,AlPatch_2_0,8119.6270244555,8119.7208655769
15,0,2015940,1063723,AlPatch_0_1,2142.4743299392,2142.5678131248
15,0,2015939,1063723,AlPatch_0_1,2142.4743299392,2142.5732478165
15,0,2016036,1058391,AlPatch_2_0,15775.298595355,15775.39715503
15,0,2016035,1058391,AlPatch_2_0,15775.298595355,15775.400162431
15,0,2016182,1050133,AlPatch_2_1,4340.7487687051,4340.8464602965
15,0,2016181,1050133,AlPatch_2_1,4340.7487687051,4340.8395878848
15,0,2016630,1022581,AlPatch_0_1,9098.4697543048,9098.5557129172
15,0,2016629,1022581,AlPatch_0_1,9098.4697543048,9098.5586230564
15,0,2017006,997711,AlPatch_0_1,7193.1935190045,7193.2814849549
15,0,2017005,997711,AlPatch_0_1,7193.1935190045,7193.2912293419
15,0,2017016,996466,AlPatch_1_1,16142.02086151,16142.118794427
15,0,2017015,996466,AlPatch_1_1,16142.020861509,16142.123717279
15,0,2017268,982208,AlPatch_1_1,5219.8577300675,5219.9453107469
15,0,2017267,982208,AlPatch_1_1,5219.8577300675,5219.9447776425
15,0,2017328,978725,AlPatch_2_0,1951.4361628369,1951.5311129509
15,0,2017327,978725,AlPatch_2_0,1951.4361628369,1951.5356152418
15,0,2017752,953989,AlPatch_1_1,9652.6170659215,9652.7030304289
15,0,2017751,953989,AlPatch_1_1,9652.6170659215,9652.7176298659
15,0,2017782,952176,AlPatch_1_1,7132.5649256425,7132.650742749
15,0,2017781,952176,AlPatch_1_1,7132.5649256425,7132.6671287683
15,0,2017824,949485,AlPatch_0_0,7952.4487631486,7952.5378865504
15,0,2017823,949485,AlPatch_0_0,7952.4487631486,7952.5408064901
15,0,2018050,935996,AlPatch_2_0,18111.340544244,18111.439277151
15,0,2018049,935996,AlPatch_2_0,18111.340544244,18111.439877652
15,0,2018152,930371,AlPatch_1_0,1211.9025140423,1211.9975155714
15,0,2018151,930371,AlPatch_1_0,1211.9025140423,1211.9954096544
15,0,2018280,923125,AlPatch_2_0,10806.852313101,10806.940761222
15,0,2018279,923125,AlPatch_2_0,10806.852313101,10806.953917691
15,0,2018408,914852,AlPatch_1_0,12083.129889221,12083.219624325
15,0,2018407,914852,AlPatch_1_0,12083.129889221,12083.228705392
15,0,2018798,890135,AlPatch_1_0,1429.6396544813,1429.7407193908
15,0,2018797,890135,AlPatch_1_0,1429.6396544813,1429.7393883141
15,0,2018828,887439,AlPatch_0_0,2812.4594447356,2812.5558330316
15,0,2018827,887439,AlPatch_0_0,2812.4594447356,2812.5614908516
15,0,2018870,884648,AlPatch_1_0,6897.8796920466,6897.9728841051
15,0,2018869,884648,AlPatch_1_0,6897.8796920466,6897.973094535
15,0,2019092,871361,AlPatch_2_1,688.60986488041,688.71238608894
15,0,2019091,871361,AlPatch_2_1,688.60986488041,688.70084118132
15,0,2020140,809176,AlPatch_2_0,431.73785598194,431.82639480923
15,0,2020139,809176,AlPatch_2_0,431.73785598194,431.83501240416
15,0,2020424,790447,AlPatch_2_0,3075.2704164008,3075.360965073
15,0,2020423,790447,AlPatch_2_0,3075.2704164008,3075.3624692065
15,0,2020644,777344,AlPatch_2_1,848.1947662938,848.28537370495
15,0,2020643,777344,AlPatch_2_1,848.1947662938,848.29541649053
15,0,2020870,763121,AlPatch_2_0,482.490738103,482.58723154712
15,0,2020869,763121,AlPatch_2_0,482.490738103,482.58830288878
15,0,2020938,759821,AlPatch_2_0,1310.100560008,1310.2001761312
15,0,2020937,759821,AlPatch_2_0,1310.100560008,1310.1935491676
15,0,2020974,757750,AlPatch_2_1,13286.478215046,13286.579529628
15,0,2020973,757750,AlPatch_2_1,13286.478215046,13286.56506866
15,0,2021028,753974,AlPatch_0_1,3339.3281858396,3339.4171841699
15,0,2021027,753974,AlPatch_0_1,3339.3281858396,3339.4289490301
15,0,2021530,723111,AlPatch_2_0,6329.4904071544,6329.5789411564
15,0,2021529,723111,AlPatch_2_0,6329.4904071544,6329.5823222404
15,0,2021580,719884,AlPatch_2_1,1776.8348720007,1776.924948211
15,0,2021579,719884,AlPatch_2_1,1776.8348720007,1776.9263842783
15,0,2021604,718730,AlPatch_2_0,2520.6140477378,2520.7026384482
15,0,2021603,718730,AlPatch_2_0,2520.6140477378,2520.7029292591
15,0,2021666,714360,AlPatch_2_0,682.08979148799,682.18285255029
15,0,2021665,714360,AlPatch_2_0,682.08979148799,682.17775075184
15,0,2021822,704659,AlPatch_2_0,1944.1314181331,1944.2170483404
15,0,2021821,704659,AlPatch_2_0,1944.1314181331,1944.217172144
15,0,2021826,704590,AlPatch_0_0,11672.44846768,11672.542979196
15,0,2021825,704590,AlPatch_0_0,11672.44846768,11672.535431819
15,0,2022262,677851,AlPatch_1_1,8214.8052820261,8214.8984991334
15,0,2022261,677851,AlPatch_1_1,8214.8052820261,8214.8998129287
15,0,2022550,659798,AlPatch_2_0,11146.000244324,11146.090388351
15,0,2022549,659798,AlPatch_2_0,11146.000244324,11146.098225478
15,0,2022616,655173,AlPatch_1_1,12598.895042616,12598.981212957
15,0,2022615,655173,AlPatch_1_1,12598.895042616,12598.996505034
15,0,2022834,641796,AlPatch_0_0,12945.03810024,12945.130780838
15,0,2022833,641796,AlPatch_0_0,12945.03810024,12945.133088483
15,0,2023158,623151,AlPatch_2_0,2702.6658818979,2702.7694409103
15,0,2023157,623151,AlPatch_2_0,2702.6658818979,2702.7522284748
15,0,2023432,608743,AlPatch_2_0,3070.9029413778,3070.9901373959
15,0,2023431,608743,AlPatch_2_0,3070.9029413778,3071.0012700364
15,0,2023794,585667,AlPatch_2_0,20857.116336546,20857.205885529
15,0,2023793,585667,AlPatch_2_0,20857.116336546,20857.204689962
15,0,2023886,580696,AlPatch_0_0,13331.740936462,13331.831707104
15,0,2023885,580696,AlPatch_0_0,13331.740936462,13331.832159983
15,0,2024140,566169,AlPatch_2_0,5081.9610852783,5082.0622423663
15,0,2024139,566169,AlPatch_2_0,5081.9610852783,5082.055673843
15,0,2024484,546374,AlPatch_2_1,9744.1599393021,9744.2463518419
15,0,2024483,546374,AlPatch_2_1,9744.159939302,9744.2477827252
15,0,2024490,546197,AlPatch_0_0,13714.913586449,13715.008660926
15,0,2024489,546197,AlPatch_0_0,13714.913586449,13715.006587692
15,0,2024772,528117,AlPatch_0_1,15307.262664537,15307.354506123
15,0,2024771,528117,AlPatch_0_1,15307.262664537,15307.349242556
15,0,2025106,510274,AlPatch_1_1,3227.2404206626,3227.342431097
15,0,2025105,510274,AlPatch_1_1,3227.2404206626,3227.341385601
15,0,2025326,497437,AlPatch_2_1,11407.917791563,11408.011236628
15,0,2025325,497437,AlPatch_2_1,11407.917791563,11408.008176795
15,0,2025582,480215,AlPatch_1_0,18050.939486787,18051.027258002
15,0,2025581,480215,AlPatch_1_0,18050.939486787,18051.04222504
15,0,2025598,479942,AlPatch_2_0,500.2299640435,500.32151442168
15,0,2025597,479942,AlPatch_2_0,500.2299640435,500.32993529045
15,0,2025650,476527,AlPatch_0_0,10557.63120071,10557.719589
15,0,2025649,476527,AlPatch_0_0,10557.63120071,10557.719897863
15,0,2026028,453698,AlPatch_0_0,9055.5057545246,9055.6029078484
15,0,2026027,453698,AlPatch_0_0,9055.5057545247,9055.5979240753
15,0,2026062,451970,AlPatch_0_1,14689.987800467,14690.085866503
15,0,2026061,451970,AlPatch_0_1,14689.987800467,14690.079546471
15,0,2026108,449958,AlPatch_0_0,3447.3765017549,3447.4746152386
15,0,2026107,449958,AlPatch_0_0,3447.3765017549,3447.4664486209
15,0,2026758,406343,AlPatch_1_0,3933.5317089596,3933.6317880993
15,0,2026757,406343,AlPatch_1_0,3933.5317089596,3933.6315534515
15,0,2026796,404262,AlPatch_1_1,9501.6366940715,9501.7239570646
15,0,2026795,404262,AlPatch_1_1,9501.6366940715,9501.7229929478
15,0,2027294,376970,AlPatch_0_0,6395.4088054399,6395.5014892986
15,0,2027293,376970,AlPatch_0_0,6395.4088054399,6395.4945698171
15,0,2027554,363973,AlPatch_1_0,8846.4583011553,8846.5543463708
15,0,2027553,363973,AlPatch_1_0,8846.4583011553,8846.5557935064
15,0,2027722,354252,AlPatch_2_1,2873.5884230573,2873.6904184912
15,0,2027721,354252,AlPatch_2_1,2873.5884230573,2873.6756147628
15,0,2027948,339585,AlPatch_0_0,2224.6392645478,2224.7416501823
15,0,2027947,339585,AlPatch_0_0,2224.6392645478,2224.7382709817
15,0,2028136,327676,AlPatch_1_0,3402.9262646217,3403.0171224925
15,0,2028135,327676,AlPatch_1_0,3402.9262646217,3403.026469791
15,0,2028154,326426,AlPatch_2_0,5713.1570646467,5713.2515701824
15,0,2028153,326426,AlPatch_2_0,5713.1570646466,5713.2435338201
15,0,2028166,325483,AlPatch_2_0,256.46587620236,256.56161905599
15,0,2028165,325483,AlPatch_2_0,256.46587620236,256.55148069076
15,0,2028228,322733,AlPatch_2_1,13893.239951601,13893.343875137
15,0,2028227,322733,AlPatch_2_1,13893.239951601,13893.330886394
15,0,2028548,304246,AlPatch_0_1,13783.65545323,13783.759837075
15,0,2028547,304246,AlPatch_0_1,13783.65545323,13783.755846358
15,0,2028636,297603,AlPatch_2_0,406.18334256744,406.27487450005
15,0,2028635,297603,AlPatch_2_0,406.18334256744,406.27627364216
15,0,2028862,284997,AlPatch_1_1,13271.68094971,13271.772067041
15,0,2028861,284997,AlPatch_1_1,13271.68094971,13271.770234002
15,0,2028966,278487,AlPatch_0_0,4695.3162704551,4695.401692731
15,0,2028965,278487,AlPatch_0_0,4695.3162704551,4695.4016988619
15,0,2029036,274782,AlPatch_2_1,6629.5086591878,6629.6056512211
15,0,2029035,274782,AlPatch_2_1,6629.5086591878,6629.6083168546
15,0,2029260,262205,AlPatch_2_0,1362.0820525247,1362.1673026664
15,0,2029259,262205,AlPatch_2_0,1362.0820525247,1362.1676632828
15,0,2029272,261443,AlPatch_1_0,5094.4759401655,5094.5667512541
15,0,2029271,261443,AlPatch_1_0,5094.4759401655,5094.5763434144
15,0,2029282,260882,AlPatch_2_0,790.11675994596,790.21060331631
15,0,2029281,260882,AlPatch_2_0,790.11675994596,790.20762627501
15,0,2029568,240869,AlPatch_2_0,417.50260147954,417.59952740887
15,0,2029567,240869,AlPatch_2_0,417.50260147954,417.5913880018
15,0,2029970,214711,AlPatch_2_1,4336.7252863689,4336.8247521946
15,0,2029969,214711,AlPatch_2_1,4336.7252863689,4336.8285129227
15,0,2030084,207679,AlPatch_1_1,5159.5070095023,5159.594295786
15,0,2030083,207679,AlPatch_1_1,5159.5070095023,5159.610644541
15,0,2030398,187333,AlPatch_2_0,705.64998373678,705.74421295611
15,0,2030397,187333,AlPatch_2_0,705.64998373678,705.73621153826
15,0,2030450,183960,AlPatch_1_1,18021.266636827,18021.358026797
15,0,2030449,183960,AlPatch_1_1,18021.266636827,18021.3642069
15,0,2030520,180248,AlPatch_2_0,1670.469866228,1670.5587745938
15,0,2030519,180248,AlPatch_2_0,1670.469866228,1670.5570440285
15,0,2030532,179620,AlPatch_1_1,12609.346659427,12609.448184189
15,0,2030531,179620,AlPatch_1_1,12609.346659427,12609.437160498
15,0,2030572,178113,AlPatch_0_0,14694.211773659,14694.300185182
15,0,2030571,178113,AlPatch_0_0,14694.211773659,14694.306781141
15,0,2030592,176220,AlPatch_0_1,14024.792111644,14024.891979522
15,0,2030591,176220,AlPatch_0_1,14024.792111644,14024.895008429
15,0,2030616,175437,AlPatch_2_1,986.05928619678,986.15736455581
15,0,2030615,175437,AlPatch_2_1,986.05928619678,986.15405925228
15,0,2030802,162025,AlPatch_0_0,11074.542498084,11074.641265399
15,0,2030801,162025,AlPatch_0_0,11074.542498084,11074.642628066
15,0,2031156,142086,AlPatch_1_1,13938.356100045,13938.443637351
15,0,2031155,142086,AlPatch_1_1,13938.356100045,13938.459535804
15,0,2031196,139651,AlPatch_0_0,7225.9303803821,7226.0175226357
15,0,2031195,139651,AlPatch_0_0,7225.9303803821,7226.017230649
15,0,2031540,120281,AlPatch_1_0,4725.9915157898,4726.0864097509
15,0,2031539,120281,AlPatch_1_0,4725.9915157898,4726.0904344552
15,0,2031662,110736,AlPatch_2_0,13299.019158415,13299.108027359
15,0,2031661,110736,AlPatch_2_0,13299.019158415,13299.120727193
15,0,2031880,96125,AlPatch_2_1,11253.4374031,11253.523598508
15,0,2031879,96125,AlPatch_2_1,11253.4374031,11253.523734286
15,0,2032002,87591,AlPatch_2_0,3415.0619994311,3415.1574437306
15,0,2032001,87591,AlPatch_2_0,3415.0619994311,3415.1531303624
15,0,2032102,80573,AlPatch_1_1,9742.2503260671,9742.3418879273
15,0,2032101,80573,AlPatch_1_1,9742.2503260671,9742.3374336436
15,0,2032280,72149,AlPatch_1_1,12095.932166084,12096.019276533
15,0,2032279,72149,AlPatch_1_1,12095.932166084,12096.022583999
15,0,2032904,32732,AlPatch_0_1,6636.9711688496,6637.0658848058
15,0,2032903,32732,AlPatch_0_1,6636.9711688496,6637.0611108525
15,0,2032980,28847,AlPatch_1_1,7850.1443358219,7850.2390315832
15,0,2032979,28847,AlPatch_1_1,7850.1443358219,7850.2321733656
15,0,2033086,23734,AlPatch_2_1,13828.808011515,13828.899450857
15,0,2033085,23734,AlPatch_2_1,13828.808011515,13828.894222774
16,0,2000326,1982161,AlPatch_2_1,1953.4032504814,1953.4910247778
16,0,2000325,1982161,AlPatch_2_1,1953.4032504814,1953.5003512686
16,0,2000382,1979247,AlPatch_2_1,2950.4916132648,2950.577211767
16,0,2000381,1979247,AlPatch_2_1,2950.4916132648,2950.5778386381
16,0,2000804,1951960,AlPatch_1_0,20162.245924838,20162.342341885
16,0,2000803,1951960,AlPatch_1_0,20162.245924838,20162.339937872
16,0,2001010,1939970,AlPatch_2_1,544.18471225985,544.27113231272
16,0,2001009,1939970,AlPatch_2_1,544.18471225985,544.27641569164
16,0,2001308,1922086,AlPatch_0_1,2994.5649702337,2994.6513115413
16,0,2001307,1922086,AlPatch_0_1,2994.5649702337,2994.6676893991
16,0,2001370,1916894,AlPatch_2_0,255.05277764124,255.15537847025
16,0,2001369,1916894,AlPatch_2_0,255.05277764124,255.1538409382
16,0,2001414,1914265,AlPatch_1_0,15144.99861755,15145.103934971
16,0,2001413,1914265,AlPatch_1_0,15144.99861755,15145.08549247
16,0,2002028,1876762,AlPatch_0_0,14370.136133829,14370.222180095
16,0,2002027,1876762,AlPatch_0_0,14370.136133829,14370.221868047
16,0,2002032,1876525,AlPatch_2_0,4822.802978706,4822.9005783363
16,0,2002031,1876525,AlPatch_2_0,4822.802978706,4822.8998510429
16,0,2002248,1863965,AlPatch_2_0,475.6368060338,475.72980986571
16,0,2002247,1863965,AlPatch_2_0,475.6368060338,475.72931400061
16,0,2002374,1856337,AlPatch_1_0,9634.4277687566,9634.5228209252
16,0,2002373,1856337,AlPatch_1_0,9634.4277687566,9634.5280849537
16,0,2002836,1826312,AlPatch_2_0,371.9740390347,372.06371541625
16,0,2002835,1826312,AlPatch_2_0,371.9740390347,372.05964758254
16,0,2002944,1819964,AlPatch_1_1,5860.8194694612,5860.9158693841
16,0,2002943,1819964,AlPatch_1_1,5860.8194694612,5860.9131090684
16,0,2003008,1815929,AlPatch_1_1,14006.735745509,14006.828576597
16,0,2003007,1815929,AlPatch_1_1,14006.735745509,14006.830681247
16,0,2003034,1814954,AlPatch_2_1,11540.98610279,11541.09086215
16,0,2003033,1814954,AlPatch_2_1,11540.98610279,11541.087950659
16,0,2003352,1795661,AlPatch_2_0,3672.8230452721,3672.9115074844
16,0,2003351,1795661,AlPatch_2_0,3672.8230452721,3672.9111329048
16,0,2003626,1780160,AlPatch_1_1,3857.7541716699,3857.8404676469
16,0,2003625,1780160,AlPatch_1_1,3857.7541716699,3857.8405869321
16,0,2003798,1769014,AlPatch_1_1,5539.8233108245,5539.9151841918
16,0,2003797,1769014,AlPatch_1_1,5539.8233108245,5539.9134627075
16,0,2004212,1745912,AlPatch_1_1,10501.963627043,10502.056733657
16,0,2004211,1745912,AlPatch_1_1,10501.963627043,10502.061486825
16,0,2004250,1743760,AlPatch_2_0,2471.750803468,2471.8381007122
16,0,2004249,1743760,AlPatch_2_0,2471.750803468,2471.8495673403
16,0,2004362,1737317,AlPatch_2_0,15675.651519237,15675.744951104
16,0,2004361,1737317,AlPatch_2_0,15675.651519237,15675.741795326
16,0,2004460,1730876,AlPatch_0_0,8813.7970208108,8813.8947575418
16,0,2004459,1730876,AlPatch_0_0,8813.7970208108,8813.8999531348
16,0,2004800,1713332,AlPatch_0_1,3898.6771428747,3898.7653478916
16,0,2004799,1713332,AlPatch_0_1,3898.6771428747,3898.7651335769
16,0,2005060,1697861,AlPatch_2_1,5308.6572220534,5308.7586135919
16,0,2005059,1697861,AlPatch_2_1,5308.6572220534,5308.7458979887
16,0,2005266,1688196,AlPatch_2_1,1830.2046037803,1830.2975421526
16,0,2005265,1688196,AlPatch_2_1,1830.2046037803,1830.2941710691
16,0,2005700,1662929,AlPatch_0_0,10414.42922546,10414.526093014
16,0,2005699,1662929,AlPatch_0_0,10414.42922546,10414.530899156
16,0,2005810,1656674,AlPatch_2_1,8509.1944057031,8509.2878535746
16,0,2005809,1656674,AlPatch_2_1,8509.194405703,8509.291696863
16,0,2005916,1650797,AlPatch_2_1,2563.8578930574,2563.9455935823
16,0,2005915,1650797,AlPatch_2_1,2563.8578930574,2563.9506508663
16,0,2006094,1640779,AlPatch_2_0,8302.3190219817,8302.4049049719
16,0,2006093,1640779,AlPatch_2_0,8302.3190219817,8302.4046923856
16,0,2006378,1622043,AlPatch_2_1,1295.5535598907,1295.6428685557
16,0,2006377,1622043,AlPatch_2_1,1295.5535598907,1295.6424007515
16,0,2006380,1621927,AlPatch_0_1,13106.349077877,13106.437752729
16,0,2006379,1621927,AlPatch_0_1,13106.349077877,13106.437520695
16,0,2006464,1617524,AlPatch_2_0,2617.3071366633,2617.4007888475
16,0,2006463,1617524,AlPatch_2_0,2617.3071366633,2617.3937794441
16,0,2006524,1614157,AlPatch_2_1,1407.2326255682,1407.3216090113
16,0,2006523,1614157,AlPatch_2_1,1407.2326255682,1407.3192937824
16,0,2006584,1610773,AlPatch_1_1,14550.515418468,14550.615171903
16,0,2006583,1610773,AlPatch_1_1,14550.515418468,14550.614685774
16,0,2006892,1588162,AlPatch_2_1,11073.161460136,11073.258854429
16,0,2006891,1588162,AlPatch_2_1,11073.161460136,11073.262180261
16,0,2007574,1548561,AlPatch_0_1,7781.5543816451,7781.6476313738
16,0,2007573,1548561,AlPatch_0_1,7781.5543816451,7781.6458184851
16,0,2007920,1526573,AlPatch_1_1,4760.1947926341,4760.2811131909
16,0,2007919,1526573,AlPatch_1_1,4760.1947926341,4760.2808185115
16,0,2008228,1507187,AlPatch_2_1,15091.706291821,15091.795986215
16,0,2008227,1507187,AlPatch_2_1,15091.706291821,15091.808030504
16,0,2008300,1503401,AlPatch_2_0,1506.7800784947,1506.8696487463
16,0,2008299,1503401,AlPatch_2_0,1506.7800784947,1506.8671865729
16,0,2008496,1491557,AlPatch_2_1,1151.4589813137,1151.5518458731
16,0,2008495,1491557,AlPatch_2_1,1151.4589813137,1151.5477989031
16,0,2008620,1484692,AlPatch_0_1,3652.4665871277,3652.5539767085
16,0,2008619,1484692,AlPatch_0_1,3652.4665871276,3652.5539630914
16,0,2008682,1480807,AlPatch_0_1,14125.808587674,14125.903634076
16,0,2008681,1480807,AlPatch_0_1,14125.808587674,14125.897924162
16,0,2009316,1441903,AlPatch_2_0,11828.222545181,11828.310549367
16,0,2009315,1441903,AlPatch_2_0,11828.222545181,11828.312521206
16,0,2009436,1433486,AlPatch_2_0,1855.1798931668,1855.2668570588
16,0,2009435,1433486,AlPatch_2_0,1855.1798931668,1855.2744518684
16,0,2009636,1422727,AlPatch_0_0,14338.587022876,14338.673155407
16,0,2009635,1422727,AlPatch_0_0,14338.587022876,14338.672619535
16,0,2009762,1414997,AlPatch_2_1,5530.0005831193,5530.0944129269
16,0,2009761,1414997,AlPatch_2_1,5530.0005831193,5530.0994898794
16,0,2009778,1414092,AlPatch_0_1,16172.69030853,16172.781176187
16,0,2009777,1414092,AlPatch_0_1,16172.69030853,16172.783742101
16,0,2009944,1404134,AlPatch_0_1,7382.4420434423,7382.5276572389
16,0,2009943,1404134,AlPatch_0_1,7382.4420434423,7382.5314589018
16,0,2010906,1349260,AlPatch_1_0,1016.1251925289,1016.2109275389
16,0,2010905,1349260,AlPatch_1_0,1016.1251925289,1016.2283206421
16,0,2010964,1346103,AlPatch_2_1,8274.7272912106,8274.8244973932
16,0,2010963,1346103,AlPatch_2_1,8274.7272912106,8274.8157066697
16,0,2011926,1284008,AlPatch_2_0,8613.8369523016,8613.9239348374
16,0,2011925,1284008,AlPatch_2_0,8613.8369523016,8613.9246738586
16,0,2011940,1283622,AlPatch_1_0,898.57000979648,898.66779653377
16,0,2011939,1283622,AlPatch_1_0,898.57000979648,898.66318489017
16,0,2012100,1273956,AlPatch_2_0,7176.6005758535,7176.6864811052
16,0,2012099,1273956,AlPatch_2_0,7176.6005758535,7176.691033512
16,0,2012648,1242347,AlPatch_1_0,3615.7857090076,3615.8763033916
16,0,2012647,1242347,AlPatch_1_0,3615.7857090076,3615.8791636025
16,0,2012688,1241192,AlPatch_0_1,7419.2454224426,7419.3401749678
16,0,2012687,1241192,AlPatch_0_1,7419.2454224426,7419.3471522337
16,0,2012706,1240393,AlPatch_2_0,1495.7819729064,1495.8846805442
16,0,2012705,1240393,AlPatch_2_0,1495.7819729064,1495.8841298011
16,0,2013106,1215966,AlPatch_1_1,9534.9638887372,9535.0535915538
16,0,2013105,1215966,AlPatch_1_1,9534.9638887373,9535.0541534637
16,0,2013178,1211997,AlPatch_1_0,2447.7921540055,2447.8811451587
16,0,2013177,1211997,AlPatch_1_0,2447.7921540055,2447.8867303821
16,0,2013204,1210353,AlPatch_1_0,7793.4607876707,7793.55712923
16,0,2013203,1210353,AlPatch_1_0,7793.4607876707,7793.5548811013
16,0,2013352,1202520,AlPatch_0_0,14482.718077948,14482.807862229
16,0,2013351,1202520,AlPatch_0_0,14482.718077948,14482.815132409
16,0,2013810,1177327,AlPatch_2_0,9116.0558526768,9116.142429475
16,0,2013809,1177327,AlPatch_2_0,9116.0558526768,9116.1429372474
16,0,2013828,1176731,AlPatch_0_1,20249.495480266,20249.58085757
16,0,2013827,1176731,AlPatch_0_1,20249.495480266,20249.581162261
16,0,2013876,1173272,AlPatch_2_0,14297.917668713,14298.016112794
16,0,2013875,1173272,AlPatch_2_0,14297.917668713,14298.005799871
16,0,2014334,1145212,AlPatch_2_0,8173.7014495569,8173.7913639616
16,0,2014333,1145212,AlPatch_2_0,8173.7014495569,8173.8016273492
16,0,2014488,1137813,AlPatch_0_1,13652.46884231,13652.558969584
16,0,2014487,1137813,AlPatch_0_1,13652.46884231,13652.56543572
16,0,2014534,1135577,AlPatch_0_1,5735.8664341038,5735.9553277172
16,0,2014533,1135577,AlPatch_0_1,5735.8664341038,5735.965788172
16,0,2014556,1134837,AlPatch_2_0,259.37842131611,259.47942451475
16,0,2014555,1134837,AlPatch_2_0,259.37842131611,259.47976447278
16,0,2014954,1111324,AlPatch_2_1,18330.098319579,18330.18569466
16,0,2014953,1111324,AlPatch_2_1,18330.098319579,18330.198757554
16,0,2015666,1069372,AlPatch_2_0,4801.4561378634,4801.5570812895
16,0,2015665,1069372,AlPatch_2_0,4801.4561378634,4801.5434548836
16,0,2015746,1064422,AlPatch_2_0,710.36680100169,710.4660036968
16,0,2015745,1064422,AlPatch_2_0,710.36680100169,710.45326963227
16,0,2015918,1052773,AlPatch_0_1,12646.011387974,12646.100539926
16,0,2015917,1052773,AlPatch_0_1,12646.011387974,12646.104563977
16,0,2016042,1044231,AlPatch_0_0,9016.081039442,9016.1719483254
16,0,2016041,1044231,AlPatch_0_0,9016.081039442,9016.177891307
16,0,2016070,1042065,AlPatch_0_0,20330.431789203,20330.528517699
16,0,2016069,1042065,AlPatch_0_0,20330.431789203,20330.525469798
16,0,2016158,1036812,AlPatch_2_1,7114.4009150267,7114.4992160503
16,0,2016157,1036812,AlPatch_2_1,7114.4009150267,7114.4989440457
16,0,2016326,1026153,AlPatch_2_1,1379.6716243802,1379.7576389896
16,0,2016325,1026153,AlPatch_2_1,1379.6716243802,1379.7578629051
16,0,2016372,1023564,AlPatch_0_1,7481.1110010754,7481.2014639736
16,0,2016371,1023564,AlPatch_0_1,7481.1110010754,7481.1989051132
16,0,2016550,1011975,AlPatch_0_0,7521.241684166,7521.3303711351
16,0,2016549,1011975,AlPatch_0_0,7521.241684166,7521.3345479274
16,0,2016564,1011002,AlPatch_1_0,16049.108346212,16049.210601484
16,0,2016563,1011002,AlPatch_1_0,16049.108346212,16049.196197176
16,0,2016570,1010427,AlPatch_2_1,5897.2009021019,5897.2988285709
16,0,2016569,1010427,AlPatch_2_1,5897.2009021019,5897.3026908554
16,0,2016952,987976,AlPatch_0_0,16485.670024654,16485.761319486
16,0,2016951,987976,AlPatch_0_0,16485.670024654,16485.76856648
16,0,2017310,969271,AlPatch_0_1,12101.295461367,12101.387124583
16,0,2017309,969271,AlPatch_0_1,12101.295461367,12101.391824065
16,0,2017454,960484,AlPatch_1_0,9893.1281589492,9893.2233515802
16,0,2017453,960484,AlPatch_1_0,9893.1281589492,9893.2230153183
16,0,2017472,959416,AlPatch_0_0,5022.5624768153,5022.6515356582
16,0,2017471,959416,AlPatch_0_0,5022.5624768153,5022.6617875847
16,0,2017488,958610,AlPatch_0_1,3242.7239694061,3242.8180040707
16,0,2017487,958610,AlPatch_0_1,3242.7239694061,3242.8277845044
16,0,2017496,958303,AlPatch_2_1,8142.2970089699,8142.3835070454
16,0,2017495,958303,AlPatch_2_1,8142.2970089699,8142.3911734126
16,0,2018274,909915,AlPatch_0_1,7272.1369669466,7272.2297772491
16,0,2018273,909915,AlPatch_0_1,7272.1369669466,7272.2388545654
16,0,2018328,906958,AlPatch_0_1,17402.041536065,17402.132917583
16,0,2018327,906958,AlPatch_0_1,17402.041536065,17402.135635715
16,0,2018454,899015,AlPatch_1_0,11288.108373058,11288.196111454
16,0,2018453,899015,AlPatch_1_0,11288.108373058,11288.194121092
16,0,2018652,886343,AlPatch_1_0,17152.172557056,17152.267259332
16,0,2018651,886343,AlPatch_1_0,17152.172557056,17152.265303535
16,0,2018998,865626,AlPatch_0_0,2800.8860188981,2800.9877343211
16,0,2018997,865626,AlPatch_0_0,2800.8860188981,2800.9876006609
16,0,2019336,847945,AlPatch_2_0,6334.689227329,6334.7862400364
16,0,2019335,847945,AlPatch_2_0,6334.689227329,6334.7835928133
16,0,2019730,826996,AlPatch_2_1,1505.7981872757,1505.8849522498
16,0,2019729,826996,AlPatch_2_1,1505.7981872757,1505.8839576959
16,0,2019778,824648,AlPatch_1_0,7104.5675387619,7104.659872387
16,0,2019777,824648,AlPatch_1_0,7104.5675387619,7104.6592267139
16,0,2019828,821953,AlPatch_0_0,4264.384163305,4264.4766801805
16,0,2019827,821953,AlPatch_0_0,4264.384163305,4264.4816775987
16,0,2020638,769702,AlPatch_0_1,14396.93900741,14397.025490278
16,0,2020637,769702,AlPatch_0_1,14396.93900741,14397.026503159
16,0,2020886,752067,AlPatch_1_1,17554.646245814,17554.738514949
16,0,2020885,752067,AlPatch_1_1,17554.646245814,17554.738857858
16,0,2021196,733827,AlPatch_0_0,14743.232292286,14743.322350251
16,0,2021195,733827,AlPatch_0_0,14743.232292286,14743.327279848
16,0,2021260,730217,AlPatch_0_1,1856.1930563213,1856.2808827131
16,0,2021259,730217,AlPatch_0_1,1856.1930563213,1856.2815758466
16,0,2021268,729938,AlPatch_0_0,13828.450965467,13828.553553524
16,0,2021267,729938,AlPatch_0_0,13828.450965467,13828.537175035
16,0,2021400,722789,AlPatch_2_0,5196.801447402,5196.8885514811
16,0,2021399,722789,AlPatch_2_0,5196.801447402,5196.902789445
16,0,2021480,718564,AlPatch_2_1,10003.219016529,10003.308998496
16,0,2021479,718564,AlPatch_2_1,10003.219016529,10003.317530237
16,0,2021592,712046,AlPatch_1_1,833.0765662834,833.1652324933
16,0,2021591,712046,AlPatch_1_1,833.0765662834,833.17577449704
16,0,2021712,704784,AlPatch_0_0,4824.0917771861,4824.1850151914
16,0,2021711,704784,AlPatch_0_0,4824.0917771861,4824.1931626888
16,0,2022092,684390,AlPatch_1_1,2419.0485746718,2419.135198475
16,0,2022091,684390,AlPatch_1_1,2419.0485746718,2419.1535649206
16,0,2022096,684263,AlPatch_0_1,4859.1723535696,4859.2578247124
16,0,2022095,684263,AlPatch_0_1,4859.1723535696,4859.2583320854
16,0,2022130,682633,AlPatch_0_1,14210.18720994,14210.282453599
16,0,2022129,682633,AlPatch_0_1,14210.18720994,14210.289275736
16,0,2022732,646859,AlPatch_0_1,9151.3953561733,9151.4883306484
16,0,2022731,646859,AlPatch_0_1,9151.3953561733,9151.4938083556
16,0,2022758,645694,AlPatch_0_1,18737.04669161,18737.13903781
16,0,2022757,645694,AlPatch_0_1,18737.04669161,18737.144048182
16,0,2022938,633886,AlPatch_2_0,4615.8327392645,4615.9194643322
16,0,2022937,633886,AlPatch_2_0,4615.8327392645,4615.9190700823
16,0,2023264,614779,AlPatch_0_1,13708.017570171,13708.107505852
16,0,2023263,614779,AlPatch_0_1,13708.017570171,13708.115678699
16,0,2023420,603574,AlPatch_2_0,444.94792073843,445.03593773286
16,0,2023419,603574,AlPatch_2_0,444.94792073843,445.0499962991
16,0,2023442,602574,AlPatch_1_1,15347.497768104,15347.587260896
16,0,2023441,602574,AlPatch_1_1,15347.497768104,15347.590683521
16,0,2023634,591057,AlPatch_2_0,463.75177497698,463.85224883997
16,0,2023633,591057,AlPatch_2_0,463.75177497698,463.84312112155
16,0,2024106,564014,AlPatch_1_1,8286.3345593324,8286.439661963
16,0,2024105,564014,AlPatch_1_1,8286.3345593324,8286.4208030663
16,0,2024502,539704,AlPatch_1_1,4904.5539866222,4904.651861388
16,0,2024501,539704,AlPatch_1_1,4904.5539866222,4904.6511186943
16,0,2024728,526208,AlPatch_1_1,9351.0414681985,9351.1274121687
16,0,2024727,526208,AlPatch_1_1,9351.0414681985,9351.1360046408
16,0,2024738,525650,AlPatch_2_1,1084.8464867924,1084.9401735055
16,0,2024737,525650,AlPatch_2_1,1084.8464867924,1084.9405094789
16,0,2024988,510988,AlPatch_2_1,7967.074163959,7967.1672267109
16,0,2024987,510988,AlPatch_2_1,7967.074163959,7967.1749307982
16,0,2025432,486207,AlPatch_0_1,17239.011272384,17239.114422219
16,0,2025431,486207,AlPatch_0_1,17239.011272384,17239.113789622
16,0,2025686,473702,AlPatch_2_1,1601.9756303879,1602.0619078542
16,0,2025685,473702,AlPatch_2_1,1601.9756303879,1602.0693423132
16,0,2025768,467904,AlPatch_2_1,2986.0073033345,2986.0961516259
16,0,2025767,467904,AlPatch_2_1,2986.0073033345,2986.0960051297
16,0,2026364,431922,AlPatch_2_1,11766.023422742,11766.1229214
16,0,2026363,431922,AlPatch_2_1,11766.023422742,11766.114190805
16,0,2026532,421125,AlPatch_1_0,6526.9004472823,6526.9939457724
16,0,2026531,421125,AlPatch_1_0,6526.9004472823,6526.9951469045
16,0,2026848,400600,AlPatch_0_1,13908.04738484,13908.133288717
16,0,2026847,400600,AlPatch_0_1,13908.04738484,13908.149514688
16,0,2027132,384483,AlPatch_2_0,12351.389899756,12351.493735676
16,0,2027131,384483,AlPatch_2_0,12351.389899756,12351.476767102
16,0,2027290,375344,AlPatch_2_0,807.81977684448,807.91797969542
16,0,2027289,375344,AlPatch_2_0,807.81977684448,807.90953460625
16,0,2027412,367628,AlPatch_1_1,5773.4605113211,5773.5471035807
16,0,2027411,367628,AlPatch_1_1,5773.4605113211,5773.5465311507
16,0,2027476,363222,AlPatch_2_0,695.73813954031,695.8324689167
16,0,2027475,363222,AlPatch_2_0,695.73813954031,695.83198789989
16,0,2027686,351538,AlPatch_0_1,5757.5724033506,5757.6719798706
16,0,2027685,351538,AlPatch_0_1,5757.5724033505,5757.663944146
16,0,2027898,338754,AlPatch_0_0,11836.201545778,11836.302118587
16,0,2027897,338754,AlPatch_0_0,11836.201545778,11836.302005698
16,0,2027990,332980,AlPatch_2_0,987.11482897076,987.20624348567
16,0,2027989,332980,AlPatch_2_0,987.11482897076,987.213460469
16,0,2027992,332834,AlPatch_2_0,5481.4916979387,5481.5842334551
16,0,2027991,332834,AlPatch_2_0,5481.4916979387,5481.5827859635
16,0,2028140,324822,AlPatch_0_1,2294.4564232793,2294.5481045021
16,0,2028139,324822,AlPatch_0_1,2294.4564232793,2294.5456263605
16,0,2028508,302231,AlPatch_1_1,17123.75141699,17123.845329152
16,0,2028507,302231,AlPatch_1_1,17123.75141699,17123.839354931
16,0,2028754,287885,AlPatch_1_0,9327.2117134911,9327.298189009
16,0,2028753,287885,AlPatch_1_0,9327.2117134911,9327.3036639575
16,0,2028864,280324,AlPatch_2_0,420.76813565778,420.85446071095
16,0,2028863,280324,AlPatch_2_0,420.76813565778,420.86982693774
16,0,2029012,272423,AlPatch_0_1,5727.8239477607,5727.9151346904
16,0,2029011,272423,AlPatch_0_1,5727.8239477607,5727.9147166829
16,0,2029242,258929,AlPatch_2_0,1323.7334953619,1323.8276960218
16,0,2029241,258929,AlPatch_2_0,1323.7334953619,1323.8276635276
16,0,2029314,254416,AlPatch_2_0,5199.9930925654,5200.0906837192
16,0,2029313,254416,AlPatch_2_0,5199.9930925654,5200.0891217235
16,0,2029368,252225,AlPatch_2_0,7855.0115654817,7855.1136265501
16,0,2029367,252225,AlPatch_2_0,7855.0115654817,7855.0975391883
16,0,2029478,245300,AlPatch_2_1,16078.579234475,16078.674226002
16,0,2029477,245300,AlPatch_2_1,16078.579234475,16078.672946386
16,0,2029860,221386,AlPatch_2_1,3572.1259815708,3572.2117744944
16,0,2029859,221386,AlPatch_2_1,3572.1259815708,3572.2177684569
16,0,2030074,209770,AlPatch_2_0,474.37491980774,474.46991108024
16,0,2030073,209770,AlPatch_2_0,474.37491980774,474.47059635634
16,0,2030640,176339,AlPatch_2_1,4264.0074722688,4264.0998221005
16,0,2030639,176339,AlPatch_2_1,4264.0074722688,4264.0945944396
16,0,2030794,166589,AlPatch_2_1,9419.3416084387,9419.44023054
16,0,2030793,166589,AlPatch_2_1,9419.3416084387,9419.4361332727
16,0,2031096,148267,AlPatch_2_0,733.23320494578,733.33295505607
16,0,2031095,148267,AlPatch_2_0,733.23320494578,733.32472695334
16,0,2031182,143170,AlPatch_1_0,4645.7053125483,4645.7956509042
16,0,2031181,143170,AlPatch_1_0,4645.7053125483,4645.7969563559
16,0,2031510,123748,AlPatch_2_0,13612.994106609,13613.091102825
16,0,2031509,123748,AlPatch_2_0,13612.994106609,13613.087452834
16,0,2031634,116688,AlPatch_0_0,1243.0543037277,1243.1514235558
16,0,2031633,116688,AlPatch_0_0,1243.0543037277,1243.1579054334
16,0,2031798,107560,AlPatch_2_0,3006.6313566778,3006.721579294
16,0,2031797,107560,AlPatch_2_0,3006.6313566778,3006.7197476866
16,0,2032038,94509,AlPatch_2_0,6832.7495489326,6832.8386206421
16,0,2032037,94509,AlPatch_2_0,6832.7495489326,6832.8476424759
16,0,2032216,84791,AlPatch_1_1,14894.846036886,14894.941155295
16,0,2032215,84791,AlPatch_1_1,14894.846036886,14894.939412271
16,0,2032372,72817,AlPatch_0_1,12604.53294201,12604.624490766
16,0,2032371,72817,AlPatch_0_1,12604.53294201,12604.63267834
16,0,2032528,63827,AlPatch_2_1,2950.4330669352,2950.5324313073
16,0,2032527,63827,AlPatch_2_1,2950.4330669352,2950.5232913414
16,0,2032718,53098,AlPatch_2_0,3095.0274647093,3095.1153823989
16,0,2032717,53098,AlPatch_2_0,3095.0274647093,3095.1130683377
16,0,2032900,41617,AlPatch_0_1,6640.7926087374,6640.8874546252
16,0,2032899,41617,AlPatch_0_1,6640.7926087374,6640.8801496298
16,0,2033064,31162,AlPatch_1_1,9443.3560185016,9443.4443893886
16,0,2033063,31162,AlPatch_1_1,9443.3560185016,9443.4428587078
16,0,2033222,22052,AlPatch_1_0,16430.385050921,16430.475762552
16,0,2033221,22052,AlPatch_1_0,16430.385050921,16430.476585807
16,0,2033262,19907,AlPatch_1_0,1492.5786123926,1492.6716002866
16,0,2033261,19907,AlPatch_1_0,1492.5786123926,1492.674044519
16,0,2033266,18829,AlPatch_2_1,6093.2191282139,6093.3131893875
16,0,2033265,18829,AlPatch_2_1,6093.2191282139,6093.3083437679
16,0,2033316,15603,AlPatch_1_0,18631.381678607,18631.477149001
16,0,2033315,15603,AlPatch_1_0,18631.381678607,18631.482623454
16,0,2033338,14374,AlPatch_1_1,16154.736636231,16154.833555476
16,0,2033337,14374,AlPatch_1_1,16154.736636231,16154.835655023
16,0,2033418,10238,AlPatch_0_1,1504.8253932866,1504.9278334299
16,0,2033417,10238,AlPatch_0_1,1504.8253932866,1504.9254645144
16,0,2033580,935,AlPatch_0_1,4550.4132000159,4550.5120312641
16,0,2033579,935,AlPatch_0_1,4550.4132000159,4550.513758742
17,0,2000150,1991635,AlPatch_0_0,14082.624022051,14082.71335233
17,0,2000149,1991635,AlPatch_0_0,14082.624022051,14082.71352704
17,0,2000154,1991412,AlPatch_2_1,6140.5439856005,6140.6394336599
17,0,2000153,1991412,AlPatch_2_1,6140.5439856005,6140.6344457566
17,0,2000210,1988808,AlPatch_2_0,1554.8067684531,1554.894617004
17,0,2000209,1988808,AlPatch_2_0,1554.8067684531,1554.8953613411
17,0,2000314,1983165,AlPatch_2_0,247.65615947814,247.74474189355
17,0,2000313,1983165,AlPatch_2_0,247.65615947814,247.74447183661
17,0,2000440,1975861,AlPatch_1_1,5000.119470437,5000.2070045917
17,0,2000439,1975861,AlPatch_1_1,5000.119470437,5000.2073164414
17,0,2000582,1969218,AlPatch_2_0,1957.192261314,1957.2789065455
17,0,2000581,1969218,AlPatch_2_0,1957.192261314,1957.2786530004
17,0,2000706,1962555,AlPatch_0_1,19748.838414839,19748.925990348
17,0,2000705,1962555,AlPatch_0_1,19748.838414839,19748.926849348
17,0,2000790,1958286,AlPatch_1_0,9058.2176556471,9058.306236652
17,0,2000789,1958286,AlPatch_1_0,9058.2176556471,9058.3047924435
17,0,2001060,1939710,AlPatch_2_0,661.81614716323,661.91597595108
17,0,2001059,1939710,AlPatch_2_0,661.81614716323,661.91611722223
17,0,2001250,1927417,AlPatch_2_0,7208.5816181051,7208.670885767
17,0,2001249,1927417,AlPatch_2_0,7208.5816181051,7208.6670831613
17,0,2001510,1913255,AlPatch_2_1,13217.015443933,13217.101451011
17,0,2001509,1913255,AlPatch_2_1,13217.015443933,13217.119164382
17,0,2001624,1907031,AlPatch_2_0,6960.203486589,6960.3033722525
17,0,2001623,1907031,AlPatch_2_0,6960.203486589,6960.2912968715
17,0,2001828,1896678,AlPatch_2_1,3908.8656462628,3908.9510756226
17,0,2001827,1896678,AlPatch_2_1,3908.8656462628,3908.9680821589
17,0,2001930,1889952,AlPatch_2_0,256.37886528081,256.46462392065
17,0,2001929,1889952,AlPatch_2_0,256.37886528081,256.46458948676
17,0,2002042,1882144,AlPatch_1_0,2113.8854679198,2113.9711584279
17,0,2002041,1882144,AlPatch_1_0,2113.8854679198,2113.9865039156
17,0,2002068,1880605,AlPatch_2_0,250.66055012034,250.76256690146
17,0,2002067,1880605,AlPatch_2_0,250.66055012034,250.74786553372
17,0,2002650,1843649,AlPatch_0_0,9931.2606687626,9931.3577442256
17,0,2002649,1843649,AlPatch_0_0,9931.2606687626,9931.3575576388
17,0,2002680,1842114,AlPatch_2_0,658.13606055922,658.2301739738
17,0,2002679,1842114,AlPatch_2_0,658.13606055922,658.23306164062
17,0,2002696,1840931,AlPatch_0_0,6324.3831133883,6324.4753235187
17,0,2002695,1840931,AlPatch_0_0,6324.3831133883,6324.476144248
17,0,2002744,1838010,AlPatch_1_0,17460.750861123,17460.838091681
17,0,2002743,1838010,AlPatch_1_0,17460.750861123,17460.854347833
17,0,2002752,1837563,AlPatch_1_1,3735.6117859255,3735.7162036083
17,0,2002751,1837563,AlPatch_1_1,3735.6117859255,3735.715516624
17,0,2003002,1824074,AlPatch_2_0,13537.403309774,13537.508035441
17,0,2003001,1824074,AlPatch_2_0,13537.403309774,13537.492379328
17,0,2003094,1819595,AlPatch_0_0,6263.0677683078,6263.1594391998
17,0,2003093,1819595,AlPatch_0_0,6263.0677683078,6263.1659575874
17,0,2003378,1805192,AlPatch_2_0,378.65868373547,378.75278450268
17,0,2003377,1805192,AlPatch_2_0,378.65868373547,378.75236845162
17,0,2004060,1763920,AlPatch_0_1,9907.4131105157,9907.5092256291
17,0,2004059,1763920,AlPatch_0_1,9907.4131105158,9907.5098439333
17,0,2004242,1752296,AlPatch_2_1,4461.104653543,4461.2001491541
17,0,2004241,1752296,AlPatch_2_1,4461.104653543,4461.1922443501
17,0,2004398,1740140,AlPatch_0_1,12662.935353372,12663.021646846
17,0,2004397,1740140,AlPatch_0_1,12662.935353372,12663.021733883
17,0,2004588,1726977,AlPatch_0_0,13248.750931003,13248.848801365
17,0,2004587,1726977,AlPatch_0_0,13248.750931003,13248.836922565
17,0,2004892,1709809,AlPatch_2_0,1498.9605114146,1499.0571296941
17,0,2004891,1709809,AlPatch_2_0,1498.9605114146,1499.0552312689
17,0,2004936,1707339,AlPatch_1_1,4544.4022475921,4544.4917779243
17,0,2004935,1707339,AlPatch_1_1,4544.4022475921,4544.5040611043
17,0,2005080,1700267,AlPatch_0_1,11186.846285435,11186.933594384
17,0,2005079,1700267,AlPatch_0_1,11186.846285435,11186.932778052
17,0,2005282,1688136,AlPatch_2_0,1919.2106736487,1919.2964361779
17,0,2005281,1688136,AlPatch_2_0,1919.2106736487,1919.296080964
17,0,2005478,1673301,AlPatch_0_0,4544.4687996754,4544.5739226234
17,0,2005477,1673301,AlPatch_0_0,4544.4687996754,4544.5554853725
17,0,2005540,1669958,AlPatch_2_0,13231.251415986,13231.337308922
17,0,2005539,1669958,AlPatch_2_0,13231.251415986,13231.337477856
17,0,2005672,1661925,AlPatch_2_0,14451.991771167,14452.083196549
17,0,2005671,1661925,AlPatch_2_0,14451.991771167,14452.08630058
17,0,2005806,1654283,AlPatch_2_0,255.71783508417,255.80683471301
17,0,2005805,1654283,AlPatch_2_0,255.71783508417,255.81371755969
17,0,2006050,1639873,AlPatch_2_1,2311.8518251644,2311.9440672825
17,0,2006049,1639873,AlPatch_2_1,2311.8518251644,2311.9422805957
17,0,2006290,1624342,AlPatch_2_0,249.93605976332,250.0325702708
17,0,2006289,1624342,AlPatch_2_0,249.93605976332,250.03145918948
17,0,2006354,1620440,AlPatch_0_1,13709.423445246,13709.521923648
17,0,2006353,1620440,AlPatch_0_1,13709.423445246,13709.521762414
17,0,2006530,1609732,AlPatch_0_0,8056.8100949531,8056.9108425829
17,0,2006529,1609732,AlPatch_0_0,8056.8100949531,8056.9046677527
17,0,2006646,1601353,AlPatch_2_0,10349.339456547,10349.432348199
17,0,2006645,1601353,AlPatch_2_0,10349.339456547,10349.433402657
17,0,2006698,1597475,AlPatch_2_1,9065.2938612822,9065.3824631315
17,0,2006697,1597475,AlPatch_2_1,9065.2938612822,9065.3885297716
17,0,2006844,1589839,AlPatch_1_1,9446.2415061517,9446.3361092249
17,0,2006843,1589839,AlPatch_1_1,9446.2415061517,9446.3375383365
17,0,2006956,1583197,AlPatch_1_0,9532.6492724023,9532.7400248438
17,0,2006955,1583197,AlPatch_1_0,9532.6492724023,9532.7368313888
17,0,2007046,1578833,AlPatch_2_0,1376.7968862536,1376.8945821113
17,0,2007045,1578833,AlPatch_2_0,1376.7968862536,1376.8855932906
17,0,2007194,1569205,AlPatch_2_0,13775.911559684,13776.003526165
17,0,2007193,1569205,AlPatch_2_0,13775.911559684,13776.002586773
17,0,2007232,1567345,AlPatch_2_0,11458.893693771,11458.991761136
17,0,2007231,1567345,AlPatch_2_0,11458.893693771,11458.981366534
17,0,2007580,1546315,AlPatch_1_0,774.53125216376,774.62277268328
17,0,2007579,1546315,AlPatch_1_0,774.53125216376,774.62807428497
17,0,2007590,1545595,AlPatch_0_0,7474.8089301212,7474.8979666103
17,0,2007589,1545595,AlPatch_0_0,7474.8089301212,7474.8959958907
17,0,2007630,1542721,AlPatch_0_0,6987.8136683123,6987.8989672129
17,0,2007629,1542721,AlPatch_0_0,6987.8136683123,6987.8993821798
17,0,2007706,1536963,AlPatch_2_0,646.62831092297,646.71446626103
17,0,2007705,1536963,AlPatch_2_0,646.62831092297,646.71512107234
17,0,2007816,1530301,AlPatch_0_0,2579.0406181155,2579.1432655615
17,0,2007815,1530301,AlPatch_0_0,2579.0406181155,2579.132404121
17,0,2007882,1526967,AlPatch_1_1,6251.1175186137,6251.2166478849
17,0,2007881,1526967,AlPatch_1_1,6251.1175186137,6251.2126213755
17,0,2007980,1520248,AlPatch_2_0,4285.8308438863,4285.9326734349
17,0,2007979,1520248,AlPatch_2_0,4285.8308438863,4285.9351219168
17,0,2008130,1509921,AlPatch_2_0,7609.3458390176,7609.436217136
17,0,2008129,1509921,AlPatch_2_0,7609.3458390176,7609.434892416
17,0,2008666,1476194,AlPatch_0_1,9851.8405283185,9851.9264122962
17,0,2008665,1476194,AlPatch_0_1,9851.8405283185,9851.9263665024
17,0,2008850,1464654,AlPatch_2_1,18520.238518832,18520.326372962
17,0,2008849,1464654,AlPatch_2_1,18520.238518832,18520.336468959
17,0,2008874,1463474,AlPatch_2_1,17019.531780931,17019.627510646
17,0,2008873,1463474,AlPatch_2_1,17019.531780931,17019.630548945
17,0,2008992,1456559,AlPatch_1_1,9664.1305354452,9664.2344494228
17,0,2008991,1456559,AlPatch_1_1,9664.1305354452,9664.2184085532
17,0,2009078,1452404,AlPatch_1_1,10907.136923788,10907.227289766
17,0,2009077,1452404,AlPatch_1_1,10907.136923788,10907.232640053
17,0,2009632,1421840,AlPatch_0_1,9721.0132644777,9721.1023583702
17,0,2009631,1421840,AlPatch_0_1,9721.0132644777,9721.1114008945
17,0,2010044,1398587,AlPatch_0_0,7400.9955558297,7401.0847168934
17,0,2010043,1398587,AlPatch_0_0,7400.9955558297,7401.0851621026
17,0,2010390,1379960,AlPatch_2_0,723.92694687835,724.01790456879
17,0,2010389,1379960,AlPatch_2_0,723.92694687835,724.01870967676
17,0,2010412,1379584,AlPatch_0_0,5030.8233035641,5030.9104784259
17,0,2010411,1379584,AlPatch_0_0,5030.8233035641,5030.9100908873
17,0,2010452,1376711,AlPatch_0_1,17537.0472003,17537.145894357
17,0,2010451,1376711,AlPatch_0_1,17537.0472003,17537.14002719
17,0,2010796,1357812,AlPatch_2_0,19752.688088373,19752.781915034
17,0,2010795,1357812,AlPatch_2_0,19752.688088373,19752.786184144
17,0,2011050,1342804,AlPatch_0_1,11827.746089413,11827.838805802
17,0,2011049,1342804,AlPatch_0_1,11827.746089413,11827.842279656
17,0,2011312,1325057,AlPatch_2_0,17191.15873705,17191.254627625
17,0,2011311,1325057,AlPatch_2_0,17191.15873705,17191.254915376
17,0,2011782,1296906,AlPatch_0_0,11700.20835454,11700.2958264
17,0,2011781,1296906,AlPatch_0_0,11700.20835454,11700.304054937
17,0,2011874,1290406,AlPatch_0_0,5877.8065622252,5877.8945360253
17,0,2011873,1290406,AlPatch_0_0,5877.8065622252,5877.9076814074
17,0,2011962,1285054,AlPatch_1_1,17305.693576426,17305.785145638
17,0,2011961,1285054,AlPatch_1_1,17305.693576426,17305.789815409
17,0,2012042,1280767,AlPatch_2_0,4870.9901356681,4871.0835439347
17,0,2012041,1280767,AlPatch_2_0,4870.9901356681,4871.0848682223
17,0,2012124,1276788,AlPatch_2_0,9902.1087236778,9902.2011822463
17,0,2012123,1276788,AlPatch_2_0,9902.1087236778,9902.203272772
17,0,2012210,1271188,AlPatch_1_0,15399.652893756,15399.750071807
17,0,2012209,1271188,AlPatch_1_0,15399.652893756,15399.753977612
17,0,2012328,1264853,AlPatch_2_0,931.00891150828,931.1071559987
17,0,2012327,1264853,AlPatch_2_0,931.00891150827,931.11211409717
17,0,2012690,1243886,AlPatch_1_1,1730.9175975413,1731.0078271515
17,0,2012689,1243886,AlPatch_1_1,1730.9175975413,1731.007152092
17,0,2012920,1230652,AlPatch_1_0,5825.897661871,5825.9978830634
17,0,2012919,1230652,AlPatch_1_0,5825.897661871,5825.9860736293
17,0,2012932,1229848,AlPatch_2_0,7978.3279611852,7978.427880755
17,0,2012931,1229848,AlPatch_2_0,7978.3279611852,7978.4158497008
17,0,2012968,1228001,AlPatch_1_0,8841.616175079,8841.7092841613
17,0,2012967,1228001,AlPatch_1_0,8841.616175079,8841.7046244357
17,0,2013036,1223777,AlPatch_2_1,13237.366647568,13237.455754114
17,0,2013035,1223777,AlPatch_2_1,13237.366647568,13237.467818311
17,0,2013066,1221424,AlPatch_2_0,7910.3105315886,7910.4111700074
17,0,2013065,1221424,AlPatch_2_0,7910.3105315886,7910.4130943521
17,0,2013236,1214049,AlPatch_2_0,4967.7879944583,4967.8742154934
17,0,2013235,1214049,AlPatch_2_0,4967.7879944583,4967.8740103081
17,0,2013624,1190863,AlPatch_2_1,9711.0355637895,9711.1309887179
17,0,2013623,1190863,AlPatch_2_1,9711.0355637895,9711.1287557468
17,0,2013942,1172369,AlPatch_2_1,886.54586791912,886.64261534873
17,0,2013941,1172369,AlPatch_2_1,886.54586791912,886.63884553619
17,0,2014162,1159709,AlPatch_1_1,3197.0463442741,3197.1404309617
17,0,2014161,1159709,AlPatch_1_1,3197.0463442741,3197.1326961823
17,0,2014168,1159281,AlPatch_0_0,9801.7570739303,9801.8460766713
17,0,2014167,1159281,AlPatch_0_0,9801.7570739303,9801.8483948257
17,0,2014274,1153225,AlPatch_2_1,458.011992685,458.10287135364
17,0,2014273,1153225,AlPatch_2_1,458.011992685,458.10876348602
17,0,2014764,1121691,AlPatch_2_1,840.1573276048,840.24310357915
17,0,2014763,1121691,AlPatch_2_1,840.1573276048,840.25851419573
17,0,2014826,1117860,AlPatch_1_0,14584.605184736,14584.696542265
17,0,2014825,1117860,AlPatch_1_0,14584.605184736,14584.704410175
17,0,2014938,1111386,AlPatch_1_1,11113.496568627,11113.588507883
17,0,2014937,1111386,AlPatch_1_1,11113.496568627,11113.586040866
17,0,2015054,1104528,AlPatch_2_1,2892.4977222587,2892.6010536481
17,0,2015053,1104528,AlPatch_2_1,2892.4977222587,2892.5837719102
17,0,2015708,1063308,AlPatch_0_0,7659.5789816155,7659.670997628
17,0,2015707,1063308,AlPatch_0_0,7659.5789816155,7659.6677092335
17,0,2015882,1052836,AlPatch_2_0,1911.8452274056,1911.9343111149
17,0,2015881,1052836,AlPatch_2_0,1911.8452274056,1911.9362878201
17,0,2015930,1050910,AlPatch_0_1,3042.1944654361,3042.2845865098
17,0,2015929,1050910,AlPatch_0_1,3042.1944654361,3042.2924827575
17,0,2015936,1050727,AlPatch_0_1,11871.366664294,11871.45836738
17,0,2015935,1050727,AlPatch_0_1,11871.366664294,11871.460043783
17,0,2015996,1047944,AlPatch_2_0,2035.5756188241,2035.6703293152
17,0,2015995,1047944,AlPatch_2_0,2035.5756188241,2035.6711976275
17,0,2016038,1044774,AlPatch_0_1,2310.9280006144,2311.0191548409
17,0,2016037,1044774,AlPatch_0_1,2310.9280006144,2311.0149641229
17,0,2016190,1035331,AlPatch_2_1,18724.091045181,18724.193927236
17,0,2016189,1035331,AlPatch_2_1,18724.091045181,18724.18633391
17,0,2016250,1031568,AlPatch_0_0,11284.556872116,11284.64693537
17,0,2016249,1031568,AlPatch_0_0,11284.556872116,11284.647344667
17,0,2016388,1024003,AlPatch_1_1,7478.9619330378,7479.0628161117
17,0,2016387,1024003,AlPatch_1_1,7478.9619330378,7479.0627383699
17,0,2016668,1004658,AlPatch_1_1,10186.332684179,10186.424203251
17,0,2016667,1004658,AlPatch_1_1,10186.332684179,10186.427099736
17,0,2016864,992696,AlPatch_2_1,20805.326840939,20805.424357733
17,0,2016863,992696,AlPatch_2_1,20805.326840939,20805.425181794
17,0,2016968,986205,AlPatch_2_1,17984.217965123,17984.319346209
17,0,2016967,986205,AlPatch_2_1,17984.217965123,17984.308506322
17,0,2017116,977524,AlPatch_2_0,7219.1651874717,7219.2696001081
17,0,2017115,977524,AlPatch_2_0,7219.1651874717,7219.2661710247
17,0,2017122,977307,AlPatch_1_0,17108.196804868,17108.286554008
17,0,2017121,977307,AlPatch_1_0,17108.196804868,17108.282700651
17,0,2017322,966235,AlPatch_1_1,4561.0441070718,4561.146191533
17,0,2017321,966235,AlPatch_1_1,4561.0441070718,4561.1307084935
17,0,2017484,957571,AlPatch_2_1,5160.2121851282,5160.2985218587
17,0,2017483,957571,AlPatch_2_1,5160.2121851282,5160.2991237787
17,0,2018894,875775,AlPatch_2_0,3484.1827514238,3484.281137543
17,0,2018893,875775,AlPatch_2_0,3484.1827514238,3484.2727834314
17,0,2019252,855871,AlPatch_2_1,8980.6363036576,8980.7278635969
17,0,2019251,855871,AlPatch_2_1,8980.6363036576,8980.7338656943
17,0,2019452,844241,AlPatch_2_1,10964.597186432,10964.700488088
17,0,2019451,844241,AlPatch_2_1,10964.597186432,10964.689024751
17,0,2019600,834954,AlPatch_2_0,8075.466903913,8075.5586233392
17,0,2019599,834954,AlPatch_2_0,8075.466903913,8075.5699817355
17,0,2019774,824820,AlPatch_0_0,8008.7508647554,8008.846638544
17,0,2019773,824820,AlPatch_0_0,8008.7508647554,8008.845338536
17,0,2019848,821263,AlPatch_0_0,10668.189375055,10668.281603299
17,0,2019847,821263,AlPatch_0_0,10668.189375055,10668.288354522
17,0,2019922,817349,AlPatch_1_0,6512.9502502362,6513.0368055742
17,0,2019921,817349,AlPatch_1_0,6512.9502502362,6513.0359434576
17,0,2020168,803203,AlPatch_1_1,8923.5800094346,8923.6816861948
17,0,2020167,803203,AlPatch_1_1,8923.5800094346,8923.682059867
17,0,2020226,799745,AlPatch_2_1,10588.02300531,10588.120020009
17,0,2020225,799745,AlPatch_2_1,10588.02300531,10588.122031245
17,0,2020316,794600,AlPatch_2_1,8155.1894352718,8155.288377799
17,0,2020315,794600,AlPatch_2_1,8155.1894352718,8155.2839630509
17,0,2020324,794078,AlPatch_2_1,8092.5010637301,8092.588370035
17,0,2020323,794078,AlPatch_2_1,8092.5010637301,8092.5926100024
17,0,2020374,790686,AlPatch_2_0,1033.6282469408,1033.7286239672
17,0,2020373,790686,AlPatch_2_0,1033.6282469408,1033.7187410532
17,0,2021098,745791,AlPatch_0_1,5570.2746051425,5570.3610036686
17,0,2021097,745791,AlPatch_0_1,5570.2746051425,5570.3635259776
17,0,2021220,737764,AlPatch_1_1,12285.753985599,12285.84086183
17,0,2021219,737764,AlPatch_1_1,12285.753985599,12285.839955725
17,0,2021532,719898,AlPatch_1_1,1242.2414841208,1242.3287023964
17,0,2021531,719898,AlPatch_1_1,1242.2414841208,1242.3272063822
17,0,2022280,674046,AlPatch_0_0,12937.455875227,12937.544906875
17,0,2022279,674046,AlPatch_0_0,12937.455875227,12937.547722193
17,0,2022342,670151,AlPatch_2_1,9523.9037343085,9523.9982578807
17,0,2022341,670151,AlPatch_2_1,9523.9037343085,9524.0063648215
17,0,2022526,659142,AlPatch_0_1,10703.211866663,10703.306912021
17,0,2022525,659142,AlPatch_0_1,10703.211866663,10703.302292958
17,0,2022676,651051,AlPatch_2_0,1323.8950916091,1323.9860503263
17,0,2022675,651051,AlPatch_2_0,1323.8950916092,1323.9941730305
17,0,2023826,582092,AlPatch_2_1,8073.0875296846,8073.1796974066
17,0,2023825,582092,AlPatch_2_1,8073.0875296846,8073.1838927251
17,0,2024122,563914,AlPatch_2_1,1514.8020103892,1514.8987517719
17,0,2024121,563914,AlPatch_2_1,1514.8020103892,1514.8982350495
17,0,2024282,555723,AlPatch_1_0,867.59324725145,867.69160622587
17,0,2024281,555723,AlPatch_1_0,867.59324725145,867.68521095249
17,0,2024432,547060,AlPatch_1_0,10288.315387599,10288.40151446
17,0,2024431,547060,AlPatch_1_0,10288.315387599,10288.403045153
17,0,2024528,540985,AlPatch_0_1,3787.2455057028,3787.3338347081
17,0,2024527,540985,AlPatch_0_1,3787.2455057028,3787.3422555796
17,0,2024546,540333,AlPatch_0_0,18164.796516438,18164.888830887
17,0,2024545,540333,AlPatch_0_0,18164.796516438,18164.888387987
17,0,2024552,540138,AlPatch_1_1,15728.484021809,15728.583113363
17,0,2024551,540138,AlPatch_1_1,15728.484021809,15728.579701161
17,0,2024566,538846,AlPatch_2_1,1362.5156702035,1362.6066992785
17,0,2024565,538846,AlPatch_2_1,1362.5156702035,1362.6162457922
17,0,2024894,516342,AlPatch_2_0,330.68691263147,330.78789956293
17,0,2024893,516342,AlPatch_2_0,330.68691263147,330.78359159577
17,0,2025410,484755,AlPatch_1_1,1535.8543415906,1535.9453783829
17,0,2025409,484755,AlPatch_1_1,1535.8543415906,1535.9568981781
17,0,2025468,481159,AlPatch_2_1,6140.1190583891,6140.2072750074
17,0,2025467,481159,AlPatch_2_1,6140.1190583891,6140.2169855075
17,0,2025488,480072,AlPatch_1_0,8189.8356861478,8189.9246747675
17,0,2025487,480072,AlPatch_1_0,8189.8356861478,8189.9359514266
17,0,2025974,452504,AlPatch_2_0,6014.1179785127,6014.2159507751
17,0,2025973,452504,AlPatch_2_0,6014.1179785127,6014.2074311678
17,0,2026102,444631,AlPatch_1_1,11918.565740389,11918.651302957
17,0,2026101,444631,AlPatch_1_1,11918.565740389,11918.65338079
17,0,2026286,434683,AlPatch_2_0,421.41771392843,421.51933249109
17,0,2026285,434683,AlPatch_2_0,421.41771392843,421.52232414111
17,0,2026560,420761,AlPatch_2_1,9220.7050369797,9220.7969827575
17,0,2026559,420761,AlPatch_2_1,9220.7050369797,9220.8009218284
17,0,2026584,419326,AlPatch_0_0,14152.921228753,14153.010474908
17,0,2026583,419326,AlPatch_0_0,14152.921228753,14153.023239926
17,0,2026670,413874,AlPatch_0_0,3262.9312767008,3263.0290445557
17,0,2026669,413874,AlPatch_0_0,3262.9312767008,3263.0294997427
17,0,2026924,398007,AlPatch_0_0,4382.452716841,4382.5513999883
17,0,2026923,398007,AlPatch_0_0,4382.452716841,4382.5428868234
17,0,2027100,388223,AlPatch_0_0,18623.540326776,18623.629471213
17,0,2027099,388223,AlPatch_0_0,18623.540326776,18623.628367166
17,0,2027388,371257,AlPatch_1_1,10487.181771807,10487.271825468
17,0,2027387,371257,AlPatch_1_1,10487.181771807,10487.272736414
17,0,2027856,344847,AlPatch_2_1,9787.9395665939,9788.0404759564
17,0,2027855,344847,AlPatch_2_1,9787.9395665939,9788.0410843962
17,0,2028194,325360,AlPatch_1_1,10347.141669947,10347.241625649
17,0,2028193,325360,AlPatch_1_1,10347.141669947,10347.235112176
17,0,2028726,295739,AlPatch_1_0,6414.4439287354,6414.5359759277
17,0,2028725,295739,AlPatch_1_0,6414.4439287354,6414.541210106
17,0,2028732,295378,AlPatch_1_1,6965.9776490107,6966.066783078
17,0,2028731,295378,AlPatch_1_1,6965.9776490107,6966.0788118754
17,0,2028788,292313,AlPatch_2_1,15294.500333375,15294.587280695
17,0,2028787,292313,AlPatch_2_1,15294.500333375,15294.587244371
17,0,2028814,291008,AlPatch_2_0,2319.9943052835,2320.0886358191
17,0,2028813,291008,AlPatch_2_0,2319.9943052834,2320.0883886361
17,0,2028828,290004,AlPatch_2_1,1096.5043650952,1096.6023193867
17,0,2028827,290004,AlPatch_2_1,1096.5043650952,1096.5943523945
17,0,2028870,286991,AlPatch_2_0,8017.6828257105,8017.7734710731
17,0,2028869,286991,AlPatch_2_0,8017.6828257105,8017.7836695157
17,0,2028936,283636,AlPatch_0_0,3674.855774683,3674.9475701764
17,0,2028935,283636,AlPatch_0_0,3674.855774683,3674.9475246837
17,0,2029050,277464,AlPatch_2_1,13574.99953285,13575.10007803
17,0,2029049,277464,AlPatch_2_1,13574.99953285,13575.087920343
17,0,2029846,230314,AlPatch_0_0,6997.4975850614,6997.5875719833
17,0,2029845,230314,AlPatch_0_0,6997.4975850614,6997.5879319934
17,0,2029996,218812,AlPatch_0_0,9766.8508395995,9766.9447781678
17,0,2029995,218812,AlPatch_0_0,9766.8508395995,9766.9412557686
17,0,2030160,208926,AlPatch_2_0,10706.570221573,10706.667541614
17,0,2030159,208926,AlPatch_2_0,10706.570221573,10706.666449386
17,0,2030164,208896,AlPatch_2_1,11662.048487754,11662.151003208
17,0,2030163,208896,AlPatch_2_1,11662.048487754,11662.136098258
17,0,2030574,185767,AlPatch_2_1,1753.8427111206,1753.9427917654
17,0,2030573,185767,AlPatch_2_1,1753.8427111206,1753.9328011118
17,0,2030856,167341,AlPatch_2_1,5591.9849874231,5592.0723137367
17,0,2030855,167341,AlPatch_2_1,5591.9849874231,5592.0869580635
17,0,2030934,161994,AlPatch_2_0,253.19552425745,253.29035866873
17,0,2030933,161994,AlPatch_2_0,253.19552425745,253.28866280628
17,0,2031092,153825,AlPatch_2_0,2374.3734206455,2374.4628211696
17,0,2031091,153825,AlPatch_2_0,2374.3734206455,2374.4696463533
17,0,2031346,138990,AlPatch_1_0,9837.2626377804,9837.3521652304
17,0,2031345,138990,AlPatch_1_0,9837.2626377804,9837.3559952863
17,0,2031408,136366,AlPatch_2_0,2622.8806058489,2622.9781645789
17,0,2031407,136366,AlPatch_2_0,2622.8806058489,2622.9794628121
17,0,2031446,134649,AlPatch_0_1,9795.9601267953,9796.0550425395
17,0,2031445,134649,AlPatch_0_1,9795.9601267953,9796.0592425516
17,0,2031624,122891,AlPatch_0_0,11014.290862938,11014.389618007
17,0,2031623,122891,AlPatch_0_0,11014.290862938,11014.392770187
17,0,2031846,112074,AlPatch_1_1,11403.38303685,11403.476846677
17,0,2031845,112074,AlPatch_1_1,11403.38303685,11403.480038215
17,0,2032294,86361,AlPatch_1_0,953.21442253188,953.31103003924
17,0,2032293,86361,AlPatch_1_0,953.21442253188,953.30318880059
17,0,2032484,73364,AlPatch_2_0,11143.263126467,11143.353617505
17,0,2032483,73364,AlPatch_2_0,11143.263126467,11143.362414521
17,0,2032928,44829,AlPatch_1_0,5068.5071030705,5068.6031917268
17,0,2032927,44829,AlPatch_1_0,5068.5071030705,5068.6059511177
17,0,2033032,37351,AlPatch_0_1,13655.071470862,13655.160158306
17,0,2033031,37351,AlPatch_0_1,13655.071470862,13655.15778418
17,0,2033084,33574,AlPatch_2_0,4658.9911442918,4659.085534377
17,0,2033083,33574,AlPatch_2_0,4658.9911442918,4659.0867283924
17,0,2033294,22393,AlPatch_2_0,253.89838220997,253.99585293151
17,0,2033293,22393,AlPatch_2_0,253.89838220997,253.99600668768
17,0,2033508,8403,AlPatch_1_0,6251.7205165795,6251.8219209153
17,0,2033507,8403,AlPatch_1_0,6251.7205165795,6251.813543292
18,0,2000004,1999881,AlPatch_0_1,9731.3609859188,9731.447079865
18,0,2000003,1999881,AlPatch_0_1,9731.3609859188,9731.4657727028
18,0,2000122,1993910,AlPatch_0_1,8285.5700591167,8285.6698232571
18,0,2000121,1993910,AlPatch_0_1,8285.5700591167,8285.6554865779
18,0,2000166,1991360,AlPatch_1_1,14144.599144471,14144.692786345
18,0,2000165,1991360,AlPatch_1_1,14144.599144471,14144.695320746
18,0,2000278,1983301,AlPatch_1_1,9313.6204763959,9313.7191154619
18,0,2000277,1983301,AlPatch_1_1,9313.6204763959,9313.7119168167
18,0,2000606,1963067,AlPatch_2_1,2913.7470592272,2913.8482984552
18,0,2000605,1963067,AlPatch_2_1,2913.7470592272,2913.834803577
18,0,2000908,1945965,AlPatch_1_1,15525.299175762,15525.393579861
18,0,2000907,1945965,AlPatch_1_1,15525.299175762,15525.399974654
18,0,2000980,1942862,AlPatch_0_1,6574.0093767735,6574.1007348458
18,0,2000979,1942862,AlPatch_0_1,6574.0093767735,6574.0994152337
18,0,2001144,1933289,AlPatch_1_0,1760.0360261188,1760.1329197772
18,0,2001143,1933289,AlPatch_1_0,1760.0360261188,1760.1269006501
18,0,2001232,1929249,AlPatch_0_1,6487.4960798484,6487.5943829162
18,0,2001231,1929249,AlPatch_0_1,6487.4960798484,6487.5876305056
18,0,2001430,1917639,AlPatch_1_0,7474.8139592978,7474.9113295769
18,0,2001429,1917639,AlPatch_1_0,7474.8139592978,7474.9014977196
18,0,2001780,1896402,AlPatch_1_1,13890.167708517,13890.253286835
18,0,2001779,1896402,AlPatch_1_1,13890.167708517,13890.254950341
18,0,2002252,1869245,AlPatch_0_0,6298.0156539432,6298.1110420049
18,0,2002251,1869245,AlPatch_0_0,6298.0156539432,6298.1133647068
18,0,2002448,1859460,AlPatch_0_0,8600.53938814,8600.6315172506
18,0,2002447,1859460,AlPatch_0_0,8600.53938814,8600.6302745124
18,0,2002504,1855556,AlPatch_2_1,8617.4359773624,8617.5243689825
18,0,2002503,1855556,AlPatch_2_1,8617.4359773624,8617.5247645161
18,0,2002616,1849837,AlPatch_2_1,11857.201790732,11857.29509689
18,0,2002615,1849837,AlPatch_2_1,11857.201790732,11857.296447963
18,0,2003048,1826529,AlPatch_0_0,5444.7047087841,5444.7905000832
18,0,2003047,1826529,AlPatch_0_0,5444.7047087841,5444.7902584689
18,0,2003426,1801759,AlPatch_0_0,10186.493268923,10186.59333035
18,0,2003425,1801759,AlPatch_0_0,10186.493268923,10186.593549183
18,0,2003962,1770625,AlPatch_2_0,8557.887740851,8557.9760033123
18,0,2003961,1770625,AlPatch_2_0,8557.887740851,8557.9894480528
18,0,2004096,1764843,AlPatch_2_1,20194.921271111,20195.018015436
18,0,2004095,1764843,AlPatch_2_1,20194.921271111,20195.012585418
18,0,2004254,1756248,AlPatch_2_1,2042.9397567157,2043.0322138207
18,0,2004253,1756248,AlPatch_2_1,2042.9397567157,2043.0316712647
18,0,2004414,1745239,AlPatch_0_0,15426.211972184,15426.303411182
18,0,2004413,1745239,AlPatch_0_0,15426.211972184,15426.304804578
18,0,2004648,1730832,AlPatch_2_1,20442.359427585,20442.452726679
18,0,2004647,1730832,AlPatch_2_1,20442.359427585,20442.45877925
18,0,2004792,1722397,AlPatch_2_0,10885.539695146,10885.634815666
18,0,2004791,1722397,AlPatch_2_0,10885.539695146,10885.635254729
18,0,2004850,1718327,AlPatch_2_0,464.90167792097,464.99682725776
18,0,2004849,1718327,AlPatch_2_0,464.90167792097,464.99840878133
18,0,2004958,1711710,AlPatch_2_0,634.42257576679,634.52226842725
18,0,2004957,1711710,AlPatch_2_0,634.42257576679,634.52216526261
18,0,2005006,1708718,AlPatch_0_1,12165.157225712,12165.250826973
18,0,2005005,1708718,AlPatch_0_1,12165.157225712,12165.252481882
18,0,2005136,1701440,AlPatch_1_1,13488.24564791,13488.337412989
18,0,2005135,1701440,AlPatch_1_1,13488.24564791,13488.342544169
18,0,2005178,1699062,AlPatch_2_1,2102.1403319783,2102.2421871465
18,0,2005177,1699062,AlPatch_2_1,2102.1403319783,2102.2287680283
18,0,2005194,1698298,AlPatch_1_1,7370.8800081956,7370.9809121929
18,0,2005193,1698298,AlPatch_1_1,7370.8800081956,7370.9776777514
18,0,2005324,1690514,AlPatch_0_1,14769.553234952,14769.642097472
18,0,2005323,1690514,AlPatch_0_1,14769.553234952,14769.639579578
18,0,2005810,1666444,AlPatch_2_1,1290.1118128727,1290.2083895351
18,0,2005809,1666444,AlPatch_2_1,1290.1118128727,1290.2042405017
18,0,2006176,1642861,AlPatch_2_1,1922.7954978895,1922.885602773
18,0,2006175,1642861,AlPatch_2_1,1922.7954978895,1922.8863556241
18,0,2006504,1622918,AlPatch_0_1,19234.276923953,19234.373640549
18,0,2006503,1622918,AlPatch_0_1,19234.276923953,19234.368422209
18,0,2006644,1614928,AlPatch_2_0,1415.676802027,1415.7786443472
18,0,2006643,1614928,AlPatch_2_0,1415.676802027,1415.7632157876
18,0,2006698,1612858,AlPatch_2_1,2761.5991023265,2761.6874778003
18,0,2006697,1612858,AlPatch_2_1,2761.5991023265,2761.7011401649
18,0,2006822,1605461,AlPatch_2_0,246.37948869391,246.46879202916
18,0,2006821,1605461,AlPatch_2_0,246.37948869391,246.48148845847
18,0,2006988,1595717,AlPatch_1_0,8494.8157231715,8494.9063887377
18,0,2006987,1595717,AlPatch_1_0,8494.8157231715,8494.9055050508
18,0,2006994,1595471,AlPatch_1_0,5221.4243704954,5221.5158148671
18,0,2006993,1595471,AlPatch_1_0,5221.4243704954,5221.5134746466
18,0,2007596,1563510,AlPatch_0_0,1134.4625324384,1134.5524654343
18,0,2007595,1563510,AlPatch_0_0,1134.4625324384,1134.5546389134
18,0,2007776,1549931,AlPatch_2_0,4969.2167408662,4969.3092008473
18,0,2007775,1549931,AlPatch_2_0,4969.2167408662,4969.3083261395
18,0,2008162,1525905,AlPatch_0_0,5385.0699492136,5385.1552481714
18,0,2008161,1525905,AlPatch_0_0,5385.0699492136,5385.1596506136
18,0,2008580,1500309,AlPatch_2_1,7817.6591735338,7817.7531318581
18,0,2008579,1500309,AlPatch_2_1,7817.6591735338,7817.7540939329
18,0,2008918,1479307,AlPatch_2_0,1230.9212214771,1231.0099811276
18,0,2008917,1479307,AlPatch_2_0,1230.9212214771,1231.0184552442
18,0,2009330,1456306,AlPatch_0_1,15682.558173155,15682.644214906
18,0,2009329,1456306,AlPatch_0_1,15682.558173155,15682.661167471
18,0,2009654,1434939,AlPatch_0_1,2423.2057140893,2423.2932657454
18,0,2009653,1434939,AlPatch_0_1,2423.2057140893,2423.3070179718
18,0,2009710,1432006,AlPatch_2_0,9693.3981302336,9693.5023697352
18,0,2009709,1432006,AlPatch_2_0,9693.3981302336,9693.4903771037
18,0,2010388,1394375,AlPatch_2_1,2026.9428276241,2027.0300882646
18,0,2010387,1394375,AlPatch_2_1,2026.9428276241,2027.0306977237
18,0,2010436,1391678,AlPatch_1_0,21840.925956523,21841.020403025
18,0,2010435,1391678,AlPatch_1_0,21840.925956522,21841.015676642
18,0,2010676,1378602,AlPatch_1_1,19706.989034954,19707.078797784
18,0,2010675,1378602,AlPatch_1_1,19706.989034954,19707.078873439
18,0,2010946,1362088,AlPatch_1_1,7587.8386353256,7587.9282995209
18,0,2010945,1362088,AlPatch_1_1,7587.8386353256,7587.9299372143
18,0,2011336,1338312,AlPatch_1_0,16392.976208361,16393.064894501
18,0,2011335,1338312,AlPatch_1_0,16392.976208361,16393.065341681
18,0,2011730,1316696,AlPatch_2_1,1261.7632544549,1261.8520959862
18,0,2011729,1316696,AlPatch_2_1,1261.7632544549,1261.8555070687
18,0,2011996,1301104,AlPatch_1_1,9901.8866576274,9901.9747457908
18,0,2011995,1301104,AlPatch_1_1,9901.8866576274,9901.9740549051
18,0,2012358,1280619,AlPatch_1_0,17363.495141902,17363.591639637
18,0,2012357,1280619,AlPatch_1_0,17363.495141902,17363.585431538
18,0,2012518,1270525,AlPatch_2_0,8547.5133607631,8547.6037589041
18,0,2012517,1270525,AlPatch_2_0,8547.5133607631,8547.6133070177
18,0,2012866,1250257,AlPatch_1_1,3071.249313064,3071.3496685139
18,0,2012865,1250257,AlPatch_1_1,3071.249313064,3071.33819385
18,0,2013172,1231940,AlPatch_1_0,5476.745346718,5476.8374969522
18,0,2013171,1231940,AlPatch_1_0,5476.745346718,5476.8390879672
18,0,2013322,1223091,AlPatch_2_0,799.22652691187,799.31217004311
18,0,2013321,1223091,AlPatch_2_0,799.22652691187,799.31184090609
18,0,2013762,1192741,AlPatch_2_0,3462.7023658921,3462.8018977648
18,0,2013761,1192741,AlPatch_2_0,3462.7023658921,3462.7899537428
18,0,2014148,1170665,AlPatch_1_1,15023.020913885,15023.110163658
18,0,2014147,1170665,AlPatch_1_1,15023.020913885,15023.120106082
18,0,2014304,1160407,AlPatch_0_0,9928.8424180561,9928.9340736941
18,0,2014303,1160407,AlPatch_0_0,9928.8424180561,9928.9371376746
18,0,2014390,1153954,AlPatch_2_0,521.79104279338,521.88835985345
18,0,2014389,1153954,AlPatch_2_0,521.79104279338,521.88237934339
18,0,2014714,1135874,AlPatch_2_1,10427.708003775,10427.801198731
18,0,2014713,1135874,AlPatch_2_1,10427.708003775,10427.800330188
18,0,2014738,1134181,AlPatch_0_0,10231.693085322,10231.78718079
18,0,2014737,1134181,AlPatch_0_0,10231.693085322,10231.787251689
18,0,2014848,1127555,AlPatch_1_1,10499.314609318,10499.411216314
18,0,2014847,1127555,AlPatch_1_1,10499.314609318,10499.412750942
18,0,2014984,1119596,AlPatch_0_1,8552.2509206956,8552.3381834292
18,0,2014983,1119596,AlPatch_0_1,8552.2509206956,8552.3381351472
18,0,2015214,1106274,AlPatch_2_0,10719.279029466,10719.378827929
18,0,2015213,1106274,AlPatch_2_0,10719.279029466,10719.367256308
18,0,2015260,1104315,AlPatch_0_1,4454.5144896029,4454.6092372516
18,0,2015259,1104315,AlPatch_0_1,4454.5144896029,4454.6003830091
18,0,2015356,1099003,AlPatch_0_1,19947.745025998,19947.846187221
18,0,2015355,1099003,AlPatch_0_1,19947.745025998,19947.839961038
18,0,2015596,1085860,AlPatch_0_0,5439.8418809857,5439.9446221132
18,0,2015595,1085860,AlPatch_0_0,5439.8418809857,5439.9381489991
18,0,2015890,1068129,AlPatch_1_0,13863.773749596,13863.875218408
18,0,2015889,1068129,AlPatch_1_0,13863.773749596,13863.86744273
18,0,2016040,1060341,AlPatch_2_0,17132.22311573,17132.311304563
18,0,2016039,1060341,AlPatch_2_0,17132.22311573,17132.32489798
18,0,2016070,1057733,AlPatch_1_0,23725.775918909,23725.875255028
18,0,2016069,1057733,AlPatch_1_0,23725.775918909,23725.8678431
18,0,2016134,1053264,AlPatch_2_1,15060.936550668,15061.040226846
18,0,2016133,1053264,AlPatch_2_1,15060.936550668,15061.023553822
18,0,2016188,1050791,AlPatch_1_1,17302.675964458,17302.775192372
18,0,2016187,1050791,AlPatch_1_1,17302.675964458,17302.767085313
18,0,2016262,1045875,AlPatch_2_0,7869.2071906398,7869.2960160655
18,0,2016261,1045875,AlPatch_2_0,7869.2071906398,7869.3034283623
18,0,2016472,1033130,AlPatch_2_1,14120.259313192,14120.35504836
18,0,2016471,1033130,AlPatch_2_1,14120.259313192,14120.358650337
18,0,2016806,1015461,AlPatch_2_0,970.66637356535,970.75708053166
18,0,2016805,1015461,AlPatch_2_0,970.66637356535,970.75649591371
18,0,2016856,1012206,AlPatch_2_1,1772.8359976546,1772.9241773328
18,0,2016855,1012206,AlPatch_2_1,1772.8359976546,1772.9358925273
18,0,2016976,1005559,AlPatch_0_1,6178.273987159,6178.3754214276
18,0,2016975,1005559,AlPatch_0_1,6178.273987159,6178.3594999949
18,0,2017040,1001575,AlPatch_2_0,15520.20272191,15520.291636643
18,0,2017039,1001575,AlPatch_2_0,15520.20272191,15520.29166052
18,0,2017096,998252,AlPatch_0_1,7561.0744451754,7561.1643441209
18,0,2017095,998252,AlPatch_0_1,7561.0744451753,7561.1636781882
18,0,2017394,981977,AlPatch_2_0,687.37904163057,687.46909088293
18,0,2017393,981977,AlPatch_2_0,687.37904163057,687.46695129617
18,0,2017758,959161,AlPatch_2_0,1352.6570747786,1352.7487097021
18,0,2017757,959161,AlPatch_2_0,1352.6570747786,1352.7557790527
18,0,2017906,948214,AlPatch_1_0,7509.8565590103,7509.9531362282
18,0,2017905,948214,AlPatch_1_0,7509.8565590103,7509.9482681788
18,0,2018342,923249,AlPatch_2_0,479.54806452168,479.63981088156
18,0,2018341,923249,AlPatch_2_0,479.54806452168,479.6413045277
18,0,2018422,919344,AlPatch_0_0,9949.7819866332,9949.8819427126
18,0,2018421,919344,AlPatch_0_0,9949.7819866332,9949.8773847274
18,0,2018484,915914,AlPatch_2_1,7258.0241977266,7258.1138070779
18,0,2018483,915914,AlPatch_2_1,7258.0241977266,7258.1161823932
18,0,2018574,910443,AlPatch_0_0,14782.200319107,14782.297008742
18,0,2018573,910443,AlPatch_0_0,14782.200319107,14782.30337627
18,0,2018946,889447,AlPatch_2_1,6205.2669549018,6205.3609349909
18,0,2018945,889447,AlPatch_2_1,6205.2669549018,6205.3622108224
18,0,2019052,883481,AlPatch_2_1,6753.0245137995,6753.1102053842
18,0,2019051,883481,AlPatch_2_1,6753.0245137995,6753.1143793026
18,0,2019118,879809,AlPatch_0_1,8072.3578741046,8072.4495774522
18,0,2019117,879809,AlPatch_0_1,8072.3578741046,8072.4530766929
18,0,2019222,873977,AlPatch_0_1,3254.5446265023,3254.6328498554
18,0,2019221,873977,AlPatch_0_1,3254.5446265023,3254.6381636751
18,0,2019464,860519,AlPatch_2_1,11653.196702628,11653.283087169
18,0,2019463,860519,AlPatch_2_1,11653.196702628,11653.291389938
18,0,2019928,830387,AlPatch_1_0,21477.957359718,21478.061436038
18,0,2019927,830387,AlPatch_1_0,21477.957359718,21478.06012596
18,0,2019944,829642,AlPatch_2_1,2273.9572453966,2274.0467701855
18,0,2019943,829642,AlPatch_2_1,2273.9572453966,2274.0469593566
18,0,2020042,823204,AlPatch_2_0,8915.9675698769,8916.0592975456
18,0,2020041,823204,AlPatch_2_0,8915.9675698769,8916.0590792239
18,0,2020202,813471,AlPatch_1_0,8865.2770660044,8865.3643042545
18,0,2020201,813471,AlPatch_1_0,8865.2770660044,8865.3641439234
18,0,2020504,798054,AlPatch_2_0,249.26208224923,249.36345380486
18,0,2020503,798054,AlPatch_2_0,249.26208224923,249.35046099338
18,0,2020530,796733,AlPatch_2_0,1920.8607690227,1920.9630142388
18,0,2020529,796733,AlPatch_2_0,1920.8607690227,1920.9476318733
18,0,2020546,795863,AlPatch_1_1,6616.4921770238,6616.5807607784
18,0,2020545,795863,AlPatch_1_1,6616.4921770238,6616.5802449459
18,0,2020600,793474,AlPatch_1_0,13677.207034924,13677.293754622
18,0,2020599,793474,AlPatch_1_0,13677.207034924,13677.294456004
18,0,2020676,789545,AlPatch_1_1,9467.200421171,9467.2972677687
18,0,2020675,789545,AlPatch_1_1,9467.200421171,9467.3038522326
18,0,2020854,779838,AlPatch_1_0,3619.3298999729,3619.4229772318
18,0,2020853,779838,AlPatch_1_0,3619.3298999729,3619.4175105399
18,0,2021346,749407,AlPatch_1_1,6411.640158547,6411.7396238072
18,0,2021345,749407,AlPatch_1_1,6411.640158547,6411.7394695162
18,0,2021512,739550,AlPatch_0_0,12145.111362707,12145.20322368
18,0,2021511,739550,AlPatch_0_0,12145.111362707,12145.209660065
18,0,2021618,733381,AlPatch_1_1,14100.355264554,14100.444713443
18,0,2021617,733381,AlPatch_1_1,14100.355264554,14100.444734647
18,0,2021756,722553,AlPatch_2_1,2906.1706770853,2906.2624369518
18,0,2021755,722553,AlPatch_2_1,2906.1706770853,2906.2637426281
18,0,2021886,715763,AlPatch_2_0,5627.9632990523,5628.055362823
18,0,2021885,715763,AlPatch_2_0,5627.9632990523,5628.0491987128
18,0,2022074,705344,AlPatch_2_0,339.09709460016,339.19751835221
18,0,2022073,705344,AlPatch_2_0,339.09709460016,339.19606972695
18,0,2022372,688259,AlPatch_1_1,3533.2378246362,3533.324589264
18,0,2022371,688259,AlPatch_1_1,3533.2378246362,3533.3264188568
18,0,2022468,683717,AlPatch_1_1,3229.4875792658,3229.5882034907
18,0,2022467,683717,AlPatch_1_1,3229.4875792658,3229.5904929814
18,0,2022514,680815,AlPatch_1_1,11533.706686537,11533.808830857
18,0,2022513,680815,AlPatch_1_1,11533.706686537,11533.800492621
18,0,2022738,669218,AlPatch_2_1,7697.2594266818,7697.3582765089
18,0,2022737,669218,AlPatch_2_1,7697.2594266818,7697.3496119637
18,0,2022802,664820,AlPatch_2_1,16803.560530675,16803.659283222
18,0,2022801,664820,AlPatch_2_1,16803.560530675,16803.648391251
18,0,2022876,659430,AlPatch_2_0,985.32244510889,985.40869958654
18,0,2022875,659430,AlPatch_2_0,985.32244510889,985.42649376078
18,0,2023076,647249,AlPatch_1_1,2190.8299333065,2190.9284141429
18,0,2023075,647249,AlPatch_1_1,2190.8299333065,2190.9208435419
18,0,2023298,633099,AlPatch_2_0,5932.1508506514,5932.2478464435
18,0,2023297,633099,AlPatch_2_0,5932.1508506514,5932.2421411082
18,0,2023302,632879,AlPatch_2_0,420.94871527407,421.04215281109
18,0,2023301,632879,AlPatch_2_0,420.94871527407,421.0419447133
18,0,2023648,612038,AlPatch_2_1,5278.0186241375,5278.1144778921
18,0,2023647,612038,AlPatch_2_1,5278.0186241375,5278.1100969587
18,0,2023728,607298,AlPatch_0_0,14019.278746038,14019.380988416
18,0,2023727,607298,AlPatch_0_0,14019.278746038,14019.380176525
18,0,2023964,591069,AlPatch_0_0,13389.148112355,13389.246868784
18,0,2023963,591069,AlPatch_0_0,13389.148112355,13389.239414361
18,0,2023970,590784,AlPatch_2_0,654.13135141746,654.23336742574
18,0,2023969,590784,AlPatch_2_0,654.13135141746,654.22181502104
18,0,2023992,589200,AlPatch_1_0,8521.2687442398,8521.3702882865
18,0,2023991,589200,AlPatch_1_0,8521.2687442398,8521.3619020691
18,0,2024028,588219,AlPatch_2_0,737.0213341619,737.10920162655
18,0,2024027,588219,AlPatch_2_0,737.0213341619,737.11332964729
18,0,2024054,587381,AlPatch_0_0,8891.6023499546,8891.6893043625
18,0,2024053,587381,AlPatch_0_0,8891.6023499546,8891.6918780523
18,0,2024262,575541,AlPatch_2_0,2744.0251015251,2744.112308061
18,0,2024261,575541,AlPatch_2_0,2744.0251015251,2744.1261735769
18,0,2024302,572182,AlPatch_1_1,3040.3895772324,3040.4812272015
18,0,2024301,572182,AlPatch_1_1,3040.3895772324,3040.4858403981
18,0,2024400,567393,AlPatch_1_0,8325.7134633671,8325.8067615985
18,0,2024399,567393,AlPatch_1_0,8325.7134633672,8325.8062402056
18,0,2024432,565866,AlPatch_2_0,252.48657857098,252.57634215333
18,0,2024431,565866,AlPatch_2_0,252.48657857098,252.58004019617
18,0,2024500,560848,AlPatch_0_1,7861.2259913114,7861.3288324665
18,0,2024499,560848,AlPatch_0_1,7861.2259913114,7861.3302075999
18,0,2024776,546447,AlPatch_0_0,11519.258229465,11519.347198522
18,0,2024775,546447,AlPatch_0_0,11519.258229465,11519.357376342
18,0,2024844,541588,AlPatch_2_0,418.13228843,418.21976332672
18,0,2024843,541588,AlPatch_2_0,418.13228843,418.2329448534
18,0,2024846,541187,AlPatch_1_0,3057.2286583831,3057.3164802848
18,0,2024845,541187,AlPatch_1_0,3057.2286583831,3057.331922236
18,0,2025434,504615,AlPatch_2_0,6649.4658380423,6649.5526647328
18,0,2025433,504615,AlPatch_2_0,6649.4658380423,6649.5680929288
18,0,2025438,504334,AlPatch_1_1,16658.087646157,16658.189232822
18,0,2025437,504334,AlPatch_1_1,16658.087646157,16658.18741239
18,0,2025678,490436,AlPatch_1_0,7397.2552546973,7397.3550368357
18,0,2025677,490436,AlPatch_1_0,7397.2552546973,7397.3560717282
18,0,2025838,480550,AlPatch_0_0,5173.4608651093,5173.5487388381
18,0,2025837,480550,AlPatch_0_0,5173.4608651093,5173.5487596502
18,0,2025930,476130,AlPatch_1_0,19370.96984502,19371.064989722
18,0,2025929,476130,AlPatch_1_0,19370.96984502,19371.065121895
18,0,2026856,424749,AlPatch_2_1,10723.312577627,10723.398042444
18,0,2026855,424749,AlPatch_2_1,10723.312577627,10723.398392324
18,0,2027234,402902,AlPatch_0_0,3092.8899269143,3092.9767039462
18,0,2027233,402902,AlPatch_0_0,3092.8899269143,3092.9917565557
18,0,2027260,401234,AlPatch_1_1,14996.087307584,14996.178839223
18,0,2027259,401234,AlPatch_1_1,14996.087307584,14996.181277766
18,0,2027372,394284,AlPatch_1_1,7037.4431198482,7037.5419921071
18,0,2027371,394284,AlPatch_1_1,7037.4431198482,7037.5327151683
18,0,2027432,390616,AlPatch_1_1,5584.4196652188,5584.5180121923
18,0,2027431,390616,AlPatch_1_1,5584.4196652188,5584.5175149172
18,0,2027462,388699,AlPatch_1_1,9611.4987610525,9611.5939738412
18,0,2027461,388699,AlPatch_1_1,9611.4987610525,9611.5919493234
18,0,2027660,377135,AlPatch_2_1,15756.349963286,15756.435861369
18,0,2027659,377135,AlPatch_2_1,15756.349963286,15756.435584978
18,0,2027758,371679,AlPatch_0_1,2506.5025116993,2506.5972834398
18,0,2027757,371679,AlPatch_0_1,2506.5025116993,2506.6000061491
18,0,2028476,327685,AlPatch_0_1,13125.654263944,13125.752660337
18,0,2028475,327685,AlPatch_0_1,13125.654263944,13125.751678862
18,0,2028536,324266,AlPatch_1_0,5391.9866506744,5392.0811271276
18,0,2028535,324266,AlPatch_1_0,5391.9866506744,5392.0731898836
18,0,2028626,319433,AlPatch_2_1,8222.5165406371,8222.6018967862
18,0,2028625,319433,AlPatch_2_1,8222.5165406371,8222.60203852
18,0,2029028,298143,AlPatch_1_0,4589.5545109197,4589.6568750506
18,0,2029027,298143,AlPatch_1_0,4589.5545109197,4589.6549618559
18,0,2029176,290802,AlPatch_1_1,11747.587299953,11747.674278404
18,0,2029175,290802,AlPatch_1_1,11747.587299953,11747.68724146
18,0,2029236,286259,AlPatch_0_0,15422.528648472,15422.629252364
18,0,2029235,286259,AlPatch_0_0,15422.528648472,15422.621571276
18,0,2029372,277615,AlPatch_2_0,5194.2151454573,5194.3019831759
18,0,2029371,277615,AlPatch_2_0,5194.2151454573,5194.3050434626
18,0,2029682,256638,AlPatch_0_1,1925.7518262199,1925.8511753551
18,0,2029681,256638,AlPatch_0_1,1925.7518262199,1925.8501280158
18,0,2029812,247300,AlPatch_1_0,7347.0263144023,7347.1258015277
18,0,2029811,247300,AlPatch_1_0,7347.0263144023,7347.1167511586
18,0,2029820,246694,AlPatch_2_1,14222.676694949,14222.762781527
18,0,2029819,246694,AlPatch_2_1,14222.676694949,14222.779644726
18,0,2029860,244869,AlPatch_2_1,12091.948835699,12092.035859535
18,0,2029859,244869,AlPatch_2_1,12091.948835699,12092.036654162
18,0,2029966,238592,AlPatch_2_0,15090.009103596,15090.107767255
18,0,2029965,238592,AlPatch_2_0,15090.009103596,15090.106958034
18,0,2030024,233211,AlPatch_2_1,8825.0001089429,8825.0931482751
18,0,2030023,233211,AlPatch_2_1,8825.0001089429,8825.0876375373
18,0,2030252,220549,AlPatch_1_1,14028.129917457,14028.223497739
18,0,2030251,220549,AlPatch_1_1,14028.129917457,14028.228645444
18,0,2030258,220255,AlPatch_2_0,13751.007254599,13751.104641715
18,0,2030257,220255,AlPatch_2_0,13751.007254599,13751.095277942
18,0,2030394,212176,AlPatch_2_0,262.39025406196,262.48776996982
18,0,2030393,212176,AlPatch_2_0,262.39025406196,262.47562747407
18,0,2030458,208581,AlPatch_2_0,13321.305625704,13321.392220965
18,0,2030457,208581,AlPatch_2_0,13321.305625704,13321.394482858
18,0,2030472,207983,AlPatch_0_0,11293.553191607,11293.643044563
18,0,2030471,207983,AlPatch_0_0,11293.553191607,11293.642856197
18,0,2030558,203057,AlPatch_1_1,637.12914266255,637.21748587289
18,0,2030557,203057,AlPatch_1_1,637.12914266255,637.21686511797
18,0,2030760,190001,AlPatch_2_1,7594.3904561733,7594.4842922014
18,0,2030759,190001,AlPatch_2_1,7594.3904561733,7594.4936300644
18,0,2030896,182035,AlPatch_2_0,516.10706374575,516.19423426531
18,0,2030895,182035,AlPatch_2_0,516.10706374575,516.20913170146
18,0,2031042,174814,AlPatch_1_0,8631.7022298958,8631.7924603936
18,0,2031041,174814,AlPatch_1_0,8631.7022298958,8631.7918692503
18,0,2031168,167805,AlPatch_2_0,3281.4433796397,3281.5426198902
18,0,2031167,167805,AlPatch_2_0,3281.4433796397,3281.5305464255
18,0,2031334,156341,AlPatch_0_1,15389.359552126,15389.445573231
18,0,2031333,156341,AlPatch_0_1,15389.359552126,15389.445263768
18,0,2031340,155592,AlPatch_0_1,11361.255477658,11361.345231527
18,0,2031339,155592,AlPatch_0_1,11361.255477658,11361.352848193
18,0,2031434,150221,AlPatch_0_0,7066.7332447793,7066.825258429
18,0,2031433,150221,AlPatch_0_0,7066.7332447793,7066.8268933188
18,0,2031510,144712,AlPatch_2_1,15584.9093789,15585.0151203
18,0,2031509,144712,AlPatch_2_1,15584.9093789,15585.010083837
18,0,2031692,133532,AlPatch_2_0,1408.2252665742,1408.3176772284
18,0,2031691,133532,AlPatch_2_0,1408.2252665742,1408.3210747491
18,0,2031766,129553,AlPatch_1_1,3778.1091474255,3778.2080914032
18,0,2031765,129553,AlPatch_1_1,3778.1091474255,3778.2088135256
18,0,2032206,101588,AlPatch_0_0,8420.1391253376,8420.2315075251
18,0,2032205,101588,AlPatch_0_0,8420.1391253376,8420.2356358493
18,0,2032240,99785,AlPatch_0_1,16132.06354655,16132.152927335
18,0,2032239,99785,AlPatch_0_1,16132.06354655,16132.151291143
18,0,2032484,86759,AlPatch_1_0,2900.8310970926,2900.9288337923
18,0,2032483,86759,AlPatch_1_0,2900.8310970926,2900.9215683521
18,0,2032592,79092,AlPatch_2_1,9133.1595187564,9133.249528571
18,0,2032591,79092,AlPatch_2_1,9133.1595187564,9133.2485349556
18,0,2033306,36312,AlPatch_2_0,502.74116633039,502.83329824988
18,0,2033305,36312,AlPatch_2_0,502.74116633039,502.82935649156
18,0,2033464,26860,AlPatch_0_1,16305.978757073,16306.082652603
18,0,2033463,26860,AlPatch_0_1,16305.978757073,16306.064000597
18,0,2033698,12431,AlPatch_0_1,1620.9359500499,1621.0333852812
18,0,2033697,12431,AlPatch_0_1,1620.9359500499,1621.026769894
19,0,2000262,1986089,AlPatch_2_1,1434.3145833311,1434.415258361
19,0,2000261,1986089,AlPatch_2_1,1434.3145833311,1434.4168905428
19,0,2000632,1964969,AlPatch_1_0,10209.74053551,10209.841805867
19,0,2000631,1964969,AlPatch_1_0,10209.74053551,10209.837563099
19,0,2000692,1960942,AlPatch_2_1,2437.9785293997,2438.0795342212
19,0,2000691,1960942,AlPatch_2_1,2437.9785293997,2438.0795640637
19,0,2000860,1951318,AlPatch_0_1,10761.191489114,10761.282305651
19,0,2000859,1951318,AlPatch_0_1,10761.191489114,10761.28709053
19,0,2001024,1940904,AlPatch_1_0,9328.992440042,9329.0942051365
19,0,2001023,1940904,AlPatch_1_0,9328.992440042,9329.0799937413
19,0,2001050,1939483,AlPatch_0_1,7463.2791180853,7463.3706888727
19,0,2001049,1939483,AlPatch_0_1,7463.2791180853,7463.3754479581
19,0,2001064,1938435,AlPatch_2_1,4377.3923362965,4377.4910158329
19,0,2001063,1938435,AlPatch_2_1,4377.3923362965,4377.4822402377
19,0,2001386,1920588,AlPatch_2_1,8176.843537616,8176.9294603196
19,0,2001385,1920588,AlPatch_2_1,8176.843537616,8176.9454029024
19,0,2001422,1918712,AlPatch_2_0,18088.443821494,18088.530359778
19,0,2001421,1918712,AlPatch_2_0,18088.443821494,18088.530062022
19,0,2001644,1906685,AlPatch_0_1,5755.6964525181,5755.7900095389
19,0,2001643,1906685,AlPatch_0_1,5755.6964525181,5755.7860039196
19,0,2001752,1900464,AlPatch_2_0,14783.635578776,14783.722529862
19,0,2001751,1900464,AlPatch_2_0,14783.635578776,14783.723397101
19,0,2002440,1859706,AlPatch_1_1,14871.849323223,14871.934965275
19,0,2002439,1859706,AlPatch_1_1,14871.849323223,14871.934903656
19,0,2002554,1852693,AlPatch_0_0,8625.1241864264,8625.2214649327
19,0,2002553,1852693,AlPatch_0_0,8625.1241864264,8625.2156601209
19,0,2002992,1827952,AlPatch_0_0,11098.619084692,11098.709293105
19,0,2002991,1827952,AlPatch_0_0,11098.619084692,11098.717552239
19,0,2003014,1826879,AlPatch_2_1,9419.8232163095,9419.9200982936
19,0,2003013,1826879,AlPatch_2_1,9419.8232163095,9419.9181308823
19,0,2003138,1818495,AlPatch_1_0,4027.8802740035,4027.9718529168
19,0,2003137,1818495,AlPatch_1_0,4027.8802740035,4027.9779001854
19,0,2003610,1789931,AlPatch_1_0,12056.997873043,12057.085543305
19,0,2003609,1789931,AlPatch_1_0,12056.997873043,12057.084954024
19,0,2003634,1788081,AlPatch_1_0,17801.174429645,17801.266550165
19,0,2003633,1788081,AlPatch_1_0,17801.174429645,17801.26867357
19,0,2003680,1785829,AlPatch_1_0,5640.1155868102,5640.2177946489
19,0,2003679,1785829,AlPatch_1_0,5640.1155868102,5640.2081840524
19,0,2003750,1781254,AlPatch_0_1,5700.8513335669,5700.9492372059
19,0,2003749,1781254,AlPatch_0_1,5700.8513335669,5700.949427817
19,0,2003752,1781110,AlPatch_2_0,1922.7370216403,1922.8253801484
19,0,2003751,1781110,AlPatch_2_0,1922.7370216403,1922.8243564054
19,0,2003874,1773025,AlPatch_2_1,2284.0991752667,2284.1974849572
19,0,2003873,1773025,AlPatch_2_1,2284.0991752667,2284.1930742679
19,0,2004374,1743053,AlPatch_1_0,583.20176227266,583.30356262137
19,0,2004373,1743053,AlPatch_1_0,583.20176227266,583.30422907205
19,0,2004474,1736083,AlPatch_2_0,11408.914344605,11409.015863296
19,0,2004473,1736083,AlPatch_2_0,11408.914344605,11409.003697473
19,0,2004702,1720406,AlPatch_2_0,3876.3127400653,3876.4023357714
19,0,2004701,1720406,AlPatch_2_0,3876.3127400653,3876.4142907592
19,0,2004732,1718495,AlPatch_0_0,10739.530521378,10739.626148848
19,0,2004731,1718495,AlPatch_0_0,10739.530521378,10739.628514208
19,0,2004996,1705126,AlPatch_2_0,10555.171903038,10555.263903317
19,0,2004995,1705126,AlPatch_2_0,10555.171903038,10555.262950562
19,0,2005000,1705016,AlPatch_0_1,14716.743992671,14716.831127019
19,0,2004999,1705016,AlPatch_0_1,14716.743992671,14716.831041585
19,0,2005466,1677054,AlPatch_0_1,5155.6980018461,5155.7832220939
19,0,2005465,1677054,AlPatch_0_1,5155.6980018461,5155.7949521254
19,0,2005800,1656890,AlPatch_2_0,6415.799118622,6415.897715818
19,0,2005799,1656890,AlPatch_2_0,6415.799118622,6415.8977278639
19,0,2006070,1641073,AlPatch_2_0,449.53027346097,449.61860213647
19,0,2006069,1641073,AlPatch_2_0,449.53027346097,449.61876693351
19,0,2006638,1608131,AlPatch_1_1,9589.3628291136,9589.4570080282
19,0,2006637,1608131,AlPatch_1_1,9589.3628291136,9589.456607446
19,0,2006828,1597595,AlPatch_0_0,15129.397803668,15129.492196229
19,0,2006827,1597595,AlPatch_0_0,15129.397803668,15129.494727116
19,0,2006834,1597283,AlPatch_1_0,7813.1606827451,7813.2532503641
19,0,2006833,1597283,AlPatch_1_0,7813.1606827451,7813.2520612586
19,0,2006860,1595716,AlPatch_2_1,7950.6384473036,7950.7388399157
19,0,2006859,1595716,AlPatch_2_1,7950.6384473036,7950.7273143449
19,0,2006938,1591482,AlPatch_2_1,19933.490579896,19933.577753348
19,0,2006937,1591482,AlPatch_2_1,19933.490579896,19933.592033418
19,0,2007422,1565067,AlPatch_2_1,4616.671181421,4616.7722366769
19,0,2007421,1565067,AlPatch_2_1,4616.671181421,4616.7741747794
19,0,2007848,1536967,AlPatch_0_0,10623.496440104,10623.587060446
19,0,2007847,1536967,AlPatch_0_0,10623.496440104,10623.597180013
19,0,2007932,1531206,AlPatch_1_0,12573.016778543,12573.11001746
19,0,2007931,1531206,AlPatch_1_0,12573.016778543,12573.103833782
19,0,2007958,1529928,AlPatch_2_0,9253.4531865933,9253.5492176038
19,0,2007957,1529928,AlPatch_2_0,9253.4531865933,9253.5479791722
19,0,2008262,1511607,AlPatch_0_1,13776.393551068,13776.481028129
19,0,2008261,1511607,AlPatch_0_1,13776.393551068,13776.486570299
19,0,2008450,1498701,AlPatch_0_0,3933.9332394044,3934.0301723198
19,0,2008449,1498701,AlPatch_0_0,3933.9332394044,3934.027991383
19,0,2009008,1468191,AlPatch_1_1,10689.521011831,10689.619601481
19,0,2009007,1468191,AlPatch_1_1,10689.521011831,10689.610237914
19,0,2009140,1461189,AlPatch_0_0,14593.652844291,14593.739402571
19,0,2009139,1461189,AlPatch_0_0,14593.652844291,14593.738834356
19,0,2009250,1454653,AlPatch_2_0,9874.2092984445,9874.3066355031
19,0,2009249,1454653,AlPatch_2_0,9874.2092984445,9874.3066508307
19,0,2009282,1453137,AlPatch_2_1,11641.787771631,11641.873192464
19,0,2009281,1453137,AlPatch_2_1,11641.787771631,11641.873185251
19,0,2009352,1448981,AlPatch_1_1,1872.171246604,1872.2580222147
19,0,2009351,1448981,AlPatch_1_1,1872.171246604,1872.258163633
19,0,2009898,1419565,AlPatch_2_1,7451.9165493247,7452.0041996839
19,0,2009897,1419565,AlPatch_2_1,7451.9165493247,7452.0065776739
19,0,2010164,1403211,AlPatch_0_1,4057.7355758921,4057.8323220032
19,0,2010163,1403211,AlPatch_0_1,4057.7355758921,4057.8302032001
19,0,2010234,1398754,AlPatch_0_0,7152.8468928936,7152.9371466211
19,0,2010233,1398754,AlPatch_0_0,7152.8468928936,7152.9328225955
19,0,2010306,1394044,AlPatch_2_0,15101.233989268,15101.321511613
19,0,2010305,1394044,AlPatch_2_0,15101.233989268,15101.320615328
19,0,2011008,1349691,AlPatch_2_1,9947.7544504868,9947.8512167684
19,0,2011007,1349691,AlPatch_2_1,9947.7544504868,9947.8458758581
19,0,2011106,1344004,AlPatch_2_1,18691.047553514,18691.141345053
19,0,2011105,1344004,AlPatch_2_1,18691.047553514,18691.136724611
19,0,2011112,1343763,AlPatch_2_0,799.78739272307,799.87814691178
19,0,2011111,1343763,AlPatch_2_0,799.78739272307,799.87855444868
19,0,2011130,1342808,AlPatch_2_0,2723.0927500034,2723.183652601
19,0,2011129,1342808,AlPatch_2_0,2723.0927500034,2723.1923059195
19,0,2011292,1332173,AlPatch_0_0,12470.849007145,12470.938975935
19,0,2011291,1332173,AlPatch_0_0,12470.849007145,12470.935618648
19,0,2011322,1330616,AlPatch_1_0,5553.251787742,5553.3389171456
19,0,2011321,1330616,AlPatch_1_0,5553.251787742,5553.3383679078
19,0,2011416,1324833,AlPatch_2_0,463.95144710866,464.04786145851
19,0,2011415,1324833,AlPatch_2_0,463.95144710866,464.04784900684
19,0,2011602,1315158,AlPatch_1_1,6563.2818852115,6563.36713567
19,0,2011601,1315158,AlPatch_1_1,6563.2818852115,6563.3674723432
19,0,2011820,1303362,AlPatch_1_0,5725.3869668136,5725.4823531092
19,0,2011819,1303362,AlPatch_1_0,5725.3869668136,5725.4763380491
19,0,2011954,1297819,AlPatch_2_0,2483.8729890974,2483.9699883324
19,0,2011953,1297819,AlPatch_2_0,2483.8729890974,2483.9716597113
19,0,2011984,1296713,AlPatch_1_1,4550.635963899,4550.7283975594
19,0,2011983,1296713,AlPatch_1_1,4550.635963899,4550.725423986
19,0,2012338,1277356,AlPatch_0_1,983.52283786012,983.62026312139
19,0,2012337,1277356,AlPatch_0_1,983.52283786012,983.61413806235
19,0,2012478,1268073,AlPatch_0_1,5038.6113027914,5038.7042390902
19,0,2012477,1268073,AlPatch_0_1,5038.6113027914,5038.7145597978
19,0,2012924,1240899,AlPatch_2_1,9780.218853217,9780.3122819002
19,0,2012923,1240899,AlPatch_2_1,9780.218853217,9780.3229081864
19,0,2013004,1236315,AlPatch_0_1,4489.8624429001,4489.9536871032
19,0,2013003,1236315,AlPatch_0_1,4489.8624429001,4489.9539341618
19,0,2013020,1235057,AlPatch_1_1,15711.759086876,15711.859594281
19,0,2013019,1235057,AlPatch_1_1,15711.759086876,15711.848214848
19,0,2013038,1233653,AlPatch_2_0,12790.066576371,12790.167732555
19,0,2013037,1233653,AlPatch_2_0,12790.066576371,12790.166854412
19,0,2013074,1231704,AlPatch_0_1,9473.2134280242,9473.3039412252
19,0,2013073,1231704,AlPatch_0_1,9473.2134280242,9473.3075549659
19,0,2013200,1222843,AlPatch_2_0,503.46499424603,503.56573921296
19,0,2013199,1222843,AlPatch_2_0,503.46499424603,503.56347844096
19,0,2013276,1218837,AlPatch_0_0,11850.370638329,11850.464676405
19,0,2013275,1218837,AlPatch_0_0,11850.370638329,11850.465203148
19,0,2013298,1216671,AlPatch_2_0,531.673906102,531.76641842516
19,0,2013297,1216671,AlPatch_2_0,531.673906102,531.7717105466
19,0,2013366,1213101,AlPatch_2_1,2765.3358875787,2765.4214234116
19,0,2013365,1213101,AlPatch_2_1,2765.3358875787,2765.4379293731
19,0,2013508,1203785,AlPatch_0_0,18866.163908704,18866.265626777
19,0,2013507,1203785,AlPatch_0_0,18866.163908704,18866.250080429
19,0,2013548,1201814,AlPatch_2_1,1201.1515962232,1201.2392043172
19,0,2013547,1201814,AlPatch_2_1,1201.1515962232,1201.2484563859
19,0,2013678,1195405,AlPatch_2_0,8053.3772240379,8053.4679774978
19,0,2013677,1195405,AlPatch_2_0,8053.3772240379,8053.4777221866
19,0,2013748,1190631,AlPatch_2_0,3726.71950584,3726.816521287
19,0,2013747,1190631,AlPatch_2_0,3726.71950584,3726.8112454424
19,0,2013930,1181039,AlPatch_1_1,13174.41499068,13174.514827415
19,0,2013929,1181039,AlPatch_1_1,13174.41499068,13174.513635974
19,0,2014212,1163895,AlPatch_2_0,1295.9097021199,1296.0005765209
19,0,2014211,1163895,AlPatch_2_0,1295.9097021199,1296.0008595779
19,0,2014278,1160828,AlPatch_0_1,1256.8165896519,1256.9140642673
19,0,2014277,1160828,AlPatch_0_1,1256.8165896519,1256.9198204108
19,0,2014522,1147366,AlPatch_1_1,5079.2215589177,5079.3210806298
19,0,2014521,1147366,AlPatch_1_1,5079.2215589177,5079.3094638346
19,0,2014572,1145051,AlPatch_1_0,3441.4822205093,3441.570897771
19,0,2014571,1145051,AlPatch_1_0,3441.4822205093,3441.5814816118
19,0,2014610,1143203,AlPatch_0_0,2183.7938152733,2183.8927019351
19,0,2014609,1143203,AlPatch_0_0,2183.7938152733,2183.8950116339
19,0,2014816,1129436,AlPatch_0_1,5351.9933685564,5352.0801493739
19,0,2014815,1129436,AlPatch_0_1,5351.9933685564,5352.0807829859
19,0,2014868,1126958,AlPatch_2_0,4883.1713540473,4883.2612955357
19,0,2014867,1126958,AlPatch_2_0,4883.1713540473,4883.2612265822
19,0,2014936,1122602,AlPatch_2_1,17342.741481609,17342.836722526
19,0,2014935,1122602,AlPatch_2_1,17342.741481609,17342.833566916
19,0,2015058,1114865,AlPatch_2_1,1344.7529051585,1344.8543061579
19,0,2015057,1114865,AlPatch_2_1,1344.7529051585,1344.8445164961
19,0,2015128,1111775,AlPatch_2_0,4387.2472900762,4387.3416410037
19,0,2015127,1111775,AlPatch_2_0,4387.2472900762,4387.3465833064
19,0,2015366,1094810,AlPatch_2_0,4564.6147776307,4564.7101181689
19,0,2015365,1094810,AlPatch_2_0,4564.6147776307,4564.7043090235
19,0,2015512,1087143,AlPatch_2_0,1029.1232601687,1029.2188707347
19,0,2015511,1087143,AlPatch_2_0,1029.1232601687,1029.2151630467
19,0,2015938,1061988,AlPatch_1_0,7455.653881052,7455.740842973
19,0,2015937,1061988,AlPatch_1_0,7455.653881052,7455.7406577972
19,0,2016032,1054935,AlPatch_0_0,6196.125195898,6196.2268814565
19,0,2016031,1054935,AlPatch_0_0,6196.125195898,6196.2129659645
19,0,2016074,1052631,AlPatch_2_1,15110.152961204,15110.253798829
19,0,2016073,1052631,AlPatch_2_1,15110.152961204,15110.241985643
19,0,2016178,1046598,AlPatch_1_0,6859.5059818401,6859.5979176318
19,0,2016177,1046598,AlPatch_1_0,6859.5059818401,6859.598361868
19,0,2016550,1025563,AlPatch_1_1,12935.147841698,12935.248537631
19,0,2016549,1025563,AlPatch_1_1,12935.147841698,12935.246978557
19,0,2016994,997065,AlPatch_1_0,4422.0611571167,4422.1574797596
19,0,2016993,997065,AlPatch_1_0,4422.0611571167,4422.149674966
19,0,2017422,971720,AlPatch_1_0,9191.0572013478,9191.1582579992
19,0,2017421,971720,AlPatch_1_0,9191.0572013478,9191.1579690639
19,0,2017572,963454,AlPatch_2_1,13485.12419988,13485.21861355
19,0,2017571,963454,AlPatch_2_1,13485.12419988,13485.211910906
19,0,2017640,961526,AlPatch_1_1,1887.4125120976,1887.5026993749
19,0,2017639,961526,AlPatch_1_1,1887.4125120976,1887.5138822249
19,0,2017968,942203,AlPatch_1_0,9134.6636066665,9134.7576344381
19,0,2017967,942203,AlPatch_1_0,9134.6636066665,9134.7568230802
19,0,2018178,930215,AlPatch_0_0,2651.9697912667,2652.0683610511
19,0,2018177,930215,AlPatch_0_0,2651.9697912667,2652.0630917283
19,0,2018388,918255,AlPatch_2_1,16340.593171218,16340.686937446
19,0,2018387,918255,AlPatch_2_1,16340.593171218,16340.694225458
19,0,2018484,912479,AlPatch_2_0,4630.9674225674,4631.06501867
19,0,2018483,912479,AlPatch_2_0,4630.9674225673,4631.0644150207
19,0,2018570,907706,AlPatch_1_1,9692.2338017386,9692.3206139949
19,0,2018569,907706,AlPatch_1_1,9692.2338017386,9692.3356528249
19,0,2018752,896817,AlPatch_0_0,7794.4534552775,7794.5517932992
19,0,2018751,896817,AlPatch_0_0,7794.4534552775,7794.5503367894
19,0,2018928,886168,AlPatch_2_1,1418.062650021,1418.1636288606
19,0,2018927,886168,AlPatch_2_1,1418.062650021,1418.1490666501
19,0,2019634,844708,AlPatch_0_0,12111.143075075,12111.230716283
19,0,2019633,844708,AlPatch_0_0,12111.143075075,12111.237270606
19,0,2020398,798831,AlPatch_2_0,11449.406364167,11449.496884471
19,0,2020397,798831,AlPatch_2_0,11449.406364167,11449.506906794
19,0,2020440,796698,AlPatch_1_0,943.02181514057,943.1130450277
19,0,2020439,796698,AlPatch_1_0,943.02181514057,943.12023225603
19,0,2020536,790938,AlPatch_1_1,23346.930512163,23347.022067361
19,0,2020535,790938,AlPatch_1_1,23346.930512163,23347.02668526
19,0,2020622,785093,AlPatch_0_0,2910.7546292107,2910.8474449347
19,0,2020621,785093,AlPatch_0_0,2910.7546292107,2910.8416921014
19,0,2020736,777393,AlPatch_1_1,5098.3961864086,5098.4891196369
19,0,2020735,777393,AlPatch_1_1,5098.3961864086,5098.4968882696
19,0,2020794,773639,AlPatch_0_0,5143.9019474974,5144.0015634758
19,0,2020793,773639,AlPatch_0_0,5143.9019474974,5143.9905547351
19,0,2021126,751461,AlPatch_0_1,1900.2146077941,1900.3016142894
19,0,2021125,751461,AlPatch_0_1,1900.2146077941,1900.3018226433
19,0,2021322,739219,AlPatch_0_1,10049.640632812,10049.727266061
19,0,2021321,739219,AlPatch_0_1,10049.640632812,10049.734812623
19,0,2021506,728806,AlPatch_0_0,4656.4566316106,4656.5585866328
19,0,2021505,728806,AlPatch_0_0,4656.4566316106,4656.5439776942
19,0,2021594,725403,AlPatch_1_1,11679.009884046,11679.095328047
19,0,2021593,725403,AlPatch_1_1,11679.009884046,11679.095295916
19,0,2021814,711425,AlPatch_1_1,8804.7337084687,8804.8346452683
19,0,2021813,711425,AlPatch_1_1,8804.7337084686,8804.8329229747
19,0,2021886,707285,AlPatch_0_1,9107.1501191786,9107.2419882525
19,0,2021885,707285,AlPatch_0_1,9107.1501191786,9107.2466885464
19,0,2021940,704965,AlPatch_2_0,9433.7037039613,9433.8034187705
19,0,2021939,704965,AlPatch_2_0,9433.7037039613,9433.803760402
19,0,2022056,697644,AlPatch_2_0,14160.312813327,14160.410259023
19,0,2022055,697644,AlPatch_2_0,14160.312813327,14160.40691628
19,0,2022156,692266,AlPatch_2_1,8967.2992953275,8967.4047267708
19,0,2022155,692266,AlPatch_2_1,8967.2992953275,8967.3853815631
19,0,2022282,684616,AlPatch_1_0,11308.691968505,11308.781722333
19,0,2022281,684616,AlPatch_1_0,11308.691968505,11308.778606823
19,0,2022392,678401,AlPatch_0_1,5595.1917977138,5595.2779118451
19,0,2022391,678401,AlPatch_0_1,5595.1917977138,5595.2782770642
19,0,2022426,675945,AlPatch_0_0,12023.283395876,12023.375615163
19,0,2022425,675945,AlPatch_0_0,12023.283395876,12023.377364617
19,0,2022444,675141,AlPatch_0_0,5238.8597872451,5238.9542355994
19,0,2022443,675141,AlPatch_0_0,5238.8597872451,5238.9551646402
19,0,2022650,663521,AlPatch_2_0,17200.158342072,17200.252346249
19,0,2022649,663521,AlPatch_2_0,17200.158342072,17200.252035737
19,0,2022762,656801,AlPatch_1_0,15013.792735711,15013.883703039
19,0,2022761,656801,AlPatch_1_0,15013.792735711,15013.888110753
19,0,2022790,655461,AlPatch_0_1,2749.2475325581,2749.3405820757
19,0,2022789,655461,AlPatch_0_1,2749.2475325581,2749.3461731848
19,0,2022940,645463,AlPatch_1_0,2923.1056464256,2923.2023519846
19,0,2022939,645463,AlPatch_1_0,2923.1056464256,2923.2007448999
19,0,2022978,642589,AlPatch_2_1,1853.7455431066,1853.8443752831
19,0,2022977,642589,AlPatch_2_1,1853.7455431066,1853.8334577632
19,0,2023070,635111,AlPatch_1_0,5190.7872501677,5190.8791159898
19,0,2023069,635111,AlPatch_1_0,5190.7872501677,5190.8797547598
19,0,2023220,628274,AlPatch_0_0,7485.9936952786,7486.0896974985
19,0,2023219,628274,AlPatch_0_0,7485.9936952786,7486.090282693
19,0,2023934,584341,AlPatch_2_0,699.49289776514,699.58834184446
19,0,2023933,584341,AlPatch_2_0,699.49289776514,699.58213178072
19,0,2024324,561150,AlPatch_2_1,4981.4718711023,4981.5588271723
19,0,2024323,561150,AlPatch_2_1,4981.4718711023,4981.5703319279
19,0,2024886,529998,AlPatch_2_1,10335.246048471,10335.345330546
19,0,2024885,529998,AlPatch_2_1,10335.246048471,10335.348393829
19,0,2025244,510402,AlPatch_1_0,3251.635409044,3251.7235224272
19,0,2025243,510402,AlPatch_1_0,3251.635409044,3251.7288346602
19,0,2025252,509754,AlPatch_0_0,10671.645268397,10671.734327842
19,0,2025251,509754,AlPatch_0_0,10671.645268397,10671.744119411
19,0,2025320,504476,AlPatch_2_1,1311.9851355999,1312.0800777618
19,0,2025319,504476,AlPatch_2_1,1311.9851355999,1312.0788862213
19,0,2025428,498203,AlPatch_2_1,6822.1428201608,6822.2390489489
19,0,2025427,498203,AlPatch_2_1,6822.1428201608,6822.2374408151
19,0,2025502,493859,AlPatch_1_0,5042.2703227962,5042.3574136653
19,0,2025501,493859,AlPatch_1_0,5042.2703227962,5042.3579502486
19,0,2025674,484520,AlPatch_0_1,15334.951167453,15335.052624391
19,0,2025673,484520,AlPatch_0_1,15334.951167453,15335.03751065
19,0,2026254,450036,AlPatch_1_1,4076.5209708972,4076.6207014705
19,0,2026253,450036,AlPatch_1_1,4076.5209708972,4076.6107263604
19,0,2026700,422244,AlPatch_0_1,7672.1732040683,7672.2792587432
19,0,2026699,422244,AlPatch_0_1,7672.1732040683,7672.2745646414
19,0,2026888,410755,AlPatch_0_1,9936.2126217401,9936.2982877613
19,0,2026887,410755,AlPatch_0_1,9936.2126217401,9936.3149769863
19,0,2026976,405799,AlPatch_2_0,13052.216976368,13052.309952491
19,0,2026975,405799,AlPatch_2_0,13052.216976368,13052.312779882
19,0,2026986,404858,AlPatch_1_1,7486.0332814169,7486.1282540355
19,0,2026985,404858,AlPatch_1_1,7486.0332814169,7486.1285128201
19,0,2027320,381732,AlPatch_2_1,7060.2395495395,7060.328202095
19,0,2027319,381732,AlPatch_2_1,7060.2395495395,7060.3266740997
19,0,2028550,308931,AlPatch_0_0,4559.5880962709,4559.6852564477
19,0,2028549,308931,AlPatch_0_0,4559.5880962709,4559.6845625834
19,0,2028616,304232,AlPatch_2_1,6372.7104482873,6372.7996419593
19,0,2028615,304232,AlPatch_2_1,6372.7104482873,6372.8041514186
19,0,2028698,299167,AlPatch_2_0,8028.9752700505,8029.0672017744
19,0,2028697,299167,AlPatch_2_0,8028.9752700505,8029.0729904217
19,0,2028756,295320,AlPatch_0_0,4124.2976730062,4124.3835127102
19,0,2028755,295320,AlPatch_0_0,4124.2976730062,4124.3913844085
19,0,2029136,274282,AlPatch_0_0,10353.439667642,10353.538488272
19,0,2029135,274282,AlPatch_0_0,10353.439667642,10353.52973614
19,0,2029200,270942,AlPatch_0_0,4383.670994896,4383.758932643
19,0,2029199,270942,AlPatch_0_0,4383.670994896,4383.7662842796
19,0,2029328,263783,AlPatch_0_0,6830.1814820422,6830.2730596353
19,0,2029327,263783,AlPatch_0_0,6830.1814820422,6830.2750393232
19,0,2029830,232848,AlPatch_1_0,9182.0981303312,9182.1858517857
19,0,2029829,232848,AlPatch_1_0,9182.0981303312,9182.1962091003
19,0,2029966,224094,AlPatch_2_0,949.67939464537,949.7758318786
19,0,2029965,224094,AlPatch_2_0,949.67939464537,949.77485318485
19,0,2030164,212137,AlPatch_2_0,10697.057357604,10697.151468205
19,0,2030163,212137,AlPatch_2_0,10697.057357604,10697.155912534
19,0,2030900,171023,AlPatch_2_0,5825.2289676851,5825.3172403024
19,0,2030899,171023,AlPatch_2_0,5825.2289676851,5825.3211961116
19,0,2030942,168998,AlPatch_0_1,8740.8124594681,8740.9131844006
19,0,2030941,168998,AlPatch_0_1,8740.8124594681,8740.9140719294
19,0,2031240,151463,AlPatch_0_0,3433.0850446247,3433.1728476037
19,0,2031239,151463,AlPatch_0_0,3433.0850446247,3433.1724630361
19,0,2031622,129793,AlPatch_0_1,11803.870226958,11803.966199325
19,0,2031621,129793,AlPatch_0_1,11803.870226958,11803.966392388
19,0,2031754,122455,AlPatch_0_0,7617.4066909813,7617.502885004
19,0,2031753,122455,AlPatch_0_0,7617.4066909813,7617.4939113825
19,0,2032470,78932,AlPatch_0_1,15174.317213391,15174.413887308
19,0,2032469,78932,AlPatch_0_1,15174.317213391,15174.404012214
19,0,2032604,70685,AlPatch_1_1,16307.287799205,16307.377615488
19,0,2032603,70685,AlPatch_1_1,16307.287799205,16307.382967277
19,0,2032720,63698,AlPatch_2_1,20617.089178797,20617.175532088
19,0,2032719,63698,AlPatch_2_1,20617.089178797,20617.183222845
19,0,2032770,60838,AlPatch_1_0,4146.4198863848,4146.5084100989
19,0,2032769,60838,AlPatch_1_0,4146.4198863848,4146.5084349842
19,0,2032834,55768,AlPatch_2_1,12221.01445551,12221.101556764
19,0,2032833,55768,AlPatch_2_1,12221.01445551,12221.101871743
19,0,2032844,54946,AlPatch_1_1,12406.889504805,12406.978620527
19,0,2032843,54946,AlPatch_1_1,12406.889504805,12406.980436738
19,0,2033090,40274,AlPatch_1_0,1511.7859848403,1511.8736594628
19,0,2033089,40274,AlPatch_1_0,1511.7859848403,1511.8904549814
19,0,2033234,29118,AlPatch_0_1,14660.0143144,14660.113063099
19,0,2033233,29118,AlPatch_0_1,14660.0143144,14660.11334885
19,0,2033438,16148,AlPatch_2_1,18082.166116376,18082.252545454
19,0,2033437,16148,AlPatch_2_1,18082.166116376,18082.269816771
19,0,2033444,15731,AlPatch_1_0,770.7364827172,770.83041486691
19,0,2033443,15731,AlPatch_1_0,770.7364827172,770.83103852629
19,0,2033666,3374,AlPatch_0_1,1901.4568331552,1901.5504992489
19,0,2033665,3374,AlPatch_0_1,1901.4568331552,1901.5501608456
1,0,2000104,1994084,AlPatch_2_0,2316.8057036693,2316.8941108639
1,0,2000103,1994084,AlPatch_2_0,2316.8057036693,2316.8915420866
1,0,2000250,1986709,AlPatch_1_0,5366.6047328333,5366.6957964296
1,0,2000249,1986709,AlPatch_1_0,5366.6047328333,5366.6935302357
1,0,2000256,1986483,AlPatch_1_1,9693.3121322434,9693.3983638678
1,0,2000255,1986483,AlPatch_1_1,9693.3121322434,9693.3980959263
1,0,2000634,1965035,AlPatch_0_0,16708.251600903,16708.348727314
1,0,2000633,1965035,AlPatch_0_0,16708.251600903,16708.346277595
1,0,2000668,1962226,AlPatch_1_0,9583.2429118111,9583.328757263
1,0,2000667,1962226,AlPatch_1_0,9583.2429118111,9583.3419026437
1,0,2000678,1961852,AlPatch_2_0,581.65149736932,581.74246725788
1,0,2000677,1961852,AlPatch_2_0,581.65149736932,581.74495903819
1,0,2000820,1952515,AlPatch_0_1,8551.6626980166,8551.7534739798
1,0,2000819,1952515,AlPatch_0_1,8551.6626980166,8551.7562478714
1,0,2001072,1937069,AlPatch_2_1,19308.22523066,19308.319572149
1,0,2001071,1937069,AlPatch_2_1,19308.22523066,19308.31537596
1,0,2001144,1932879,AlPatch_1_0,2347.8253303198,2347.9178492987
1,0,2001143,1932879,AlPatch_1_0,2347.8253303198,2347.9172510711
1,0,2001596,1909726,AlPatch_0_0,10039.051622877,10039.151296574
1,0,2001595,1909726,AlPatch_0_0,10039.051622877,10039.143138809
1,0,2001636,1907306,AlPatch_2_0,3005.1097190541,3005.1971535945
1,0,2001635,1907306,AlPatch_2_0,3005.1097190541,3005.212927823
1,0,2001836,1895018,AlPatch_1_1,4347.4550738424,4347.5566628276
1,0,2001835,1895018,AlPatch_1_1,4347.4550738424,4347.5505354178
1,0,2002090,1880611,AlPatch_0_0,5722.7483525005,5722.8373619292
1,0,2002089,1880611,AlPatch_0_0,5722.7483525005,5722.8352771283
1,0,2002372,1864484,AlPatch_2_1,2789.8619773289,2789.9537513603
1,0,2002371,1864484,AlPatch_2_1,2789.8619773289,2789.9554620683
1,0,2002538,1854324,AlPatch_1_1,12643.209301882,12643.296208323
1,0,2002537,1854324,AlPatch_1_1,12643.209301882,12643.296819342
1,0,2002580,1851506,AlPatch_0_0,9585.1791713937,9585.2776357491
1,0,2002579,1851506,AlPatch_0_0,9585.1791713937,9585.2728878934
1,0,2002800,1840014,AlPatch_2_1,11480.704915149,11480.806085467
1,0,2002799,1840014,AlPatch_2_1,11480.704915149,11480.805521218
1,0,2003474,1799930,AlPatch_2_1,498.01714825783,498.11743674354
1,0,2003473,1799930,AlPatch_2_1,498.01714825783,498.10772030903
1,0,2003768,1781584,AlPatch_1_1,14784.44049843,14784.528544635
1,0,2003767,1781584,AlPatch_1_1,14784.44049843,14784.530962941
1,0,2004122,1761119,AlPatch_2_0,1777.3206440648,1777.4128421798
1,0,2004121,1761119,AlPatch_2_0,1777.3206440648,1777.4165812483
1,0,2004430,1745670,AlPatch_2_1,7083.233599505,7083.320353898
1,0,2004429,1745670,AlPatch_2_1,7083.233599505,7083.3199081372
1,0,2004472,1743261,AlPatch_1_0,6396.2045247108,6396.3026930992
1,0,2004471,1743261,AlPatch_1_0,6396.2045247108,6396.3056676843
1,0,2004776,1724624,AlPatch_0_0,3739.1380816114,3739.2324613442
1,0,2004775,1724624,AlPatch_0_0,3739.1380816114,3739.2330115936
1,0,2004982,1712141,AlPatch_1_1,3793.8046233081,3793.8922721507
1,0,2004981,1712141,AlPatch_1_1,3793.8046233081,3793.8916049875
1,0,2005002,1711226,AlPatch_2_0,13949.057744139,13949.148803514
1,0,2005001,1711226,AlPatch_2_0,13949.057744139,13949.149337473
1,0,2005088,1704704,AlPatch_2_0,1689.499722154,1689.5937098992
1,0,2005087,1704704,AlPatch_2_0,1689.499722154,1689.6027599439
1,0,2005310,1691732,AlPatch_2_0,14552.024968929,14552.11792289
1,0,2005309,1691732,AlPatch_2_0,14552.024968929,14552.126086514
1,0,2006128,1646983,AlPatch_2_0,277.66468461805,277.7529060706
1,0,2006127,1646983,AlPatch_2_0,277.66468461805,277.76420651892
1,0,2006430,1628662,AlPatch_0_0,11388.585052133,11388.689594479
1,0,2006429,1628662,AlPatch_0_0,11388.585052133,11388.688816385
1,0,2006526,1623929,AlPatch_2_0,900.50881658832,900.5990526804
1,0,2006525,1623929,AlPatch_2_0,900.50881658832,900.60523325017
1,0,2006750,1610708,AlPatch_1_1,957.26102535571,957.34808350024
1,0,2006749,1610708,AlPatch_1_1,957.26102535571,957.34997793673
1,0,2006816,1604975,AlPatch_1_0,4492.245131821,4492.3370697831
1,0,2006815,1604975,AlPatch_1_0,4492.245131821,4492.3411070373
1,0,2007158,1587614,AlPatch_1_1,22057.915802299,22058.011500956
1,0,2007157,1587614,AlPatch_1_1,22057.915802299,22058.007458455
1,0,2007166,1587183,AlPatch_1_1,1300.0277151819,1300.1171748611
1,0,2007165,1587183,AlPatch_1_1,1300.0277151819,1300.1262569445
1,0,2007176,1586842,AlPatch_1_1,5000.4969145905,5000.5851717924
1,0,2007175,1586842,AlPatch_1_1,5000.4969145905,5000.5943158649
1,0,2007214,1585477,AlPatch_2_0,5765.1770961024,5765.2623513899
1,0,2007213,1585477,AlPatch_2_0,5765.1770961024,5765.2628079423
1,0,2007694,1556545,AlPatch_0_1,3513.3469838082,3513.4404862719
1,0,2007693,1556545,AlPatch_0_1,3513.3469838082,3513.4448450505
1,0,2007720,1555463,AlPatch_0_0,2202.5635965737,2202.6568760559
1,0,2007719,1555463,AlPatch_0_0,2202.5635965737,2202.655316606
1,0,2007850,1547951,AlPatch_2_0,1366.0517571622,1366.1432628897
1,0,2007849,1547951,AlPatch_2_0,1366.0517571622,1366.1436933512
1,0,2008002,1539221,AlPatch_2_1,2323.8811651621,2323.9760862862
1,0,2008001,1539221,AlPatch_2_1,2323.8811651621,2323.9706669834
1,0,2008184,1529224,AlPatch_1_1,10137.824317265,10137.915923597
1,0,2008183,1529224,AlPatch_1_1,10137.824317265,10137.917566042
1,0,2008436,1512666,AlPatch_2_1,8203.8121936651,8203.9035664627
1,0,2008435,1512666,AlPatch_2_1,8203.8121936651,8203.9039803769
1,0,2008638,1500851,AlPatch_0_1,9204.4963490941,9204.5933497673
1,0,2008637,1500851,AlPatch_0_1,9204.4963490941,9204.5913608404
1,0,2008650,1500008,AlPatch_0_1,10189.782316296,10189.872030245
1,0,2008649,1500008,AlPatch_0_1,10189.782316296,10189.868974046
1,0,2008740,1495145,AlPatch_2_1,19180.945210388,19181.045664153
1,0,2008739,1495145,AlPatch_2_1,19180.945210388,19181.047541019
1,0,2008894,1485330,AlPatch_0_0,14276.55943779,14276.667216094
1,0,2008893,1485330,AlPatch_0_0,14276.55943779,14276.663904051
1,0,2008914,1483407,AlPatch_0_0,6568.3945617495,6568.4954308709
1,0,2008913,1483407,AlPatch_0_0,6568.3945617495,6568.4807674946
1,0,2009034,1475551,AlPatch_1_0,4324.9583242862,4325.0497230469
1,0,2009033,1475551,AlPatch_1_0,4324.9583242862,4325.0508957641
1,0,2009114,1469922,AlPatch_2_0,255.83225011115,255.93282303015
1,0,2009113,1469922,AlPatch_2_0,255.83225011115,255.92629878215
1,0,2009258,1461555,AlPatch_2_1,10102.605527213,10102.692494751
1,0,2009257,1461555,AlPatch_2_1,10102.605527213,10102.708508905
1,0,2009296,1459877,AlPatch_1_1,3198.7358404184,3198.8358974257
1,0,2009295,1459877,AlPatch_1_1,3198.7358404184,3198.8235035976
1,0,2009702,1434517,AlPatch_1_1,12119.859921166,12119.957593095
1,0,2009701,1434517,AlPatch_1_1,12119.859921166,12119.959354546
1,0,2009774,1431505,AlPatch_0_0,16914.919442959,16915.013646404
1,0,2009773,1431505,AlPatch_0_0,16914.919442959,16915.016118631
1,0,2010088,1409833,AlPatch_1_1,13815.862074414,13815.949240814
1,0,2010087,1409833,AlPatch_1_1,13815.862074414,13815.96346252
1,0,2010208,1403334,AlPatch_1_0,13576.300552798,13576.387505057
1,0,2010207,1403334,AlPatch_1_0,13576.300552798,13576.387259605
1,0,2010316,1397508,AlPatch_2_0,4928.5910721284,4928.6809708955
1,0,2010315,1397508,AlPatch_2_0,4928.5910721284,4928.6812918041
1,0,2010386,1393062,AlPatch_2_1,7306.1060847129,7306.2006821709
1,0,2010385,1393062,AlPatch_2_1,7306.1060847129,7306.2025293914
1,0,2010618,1378912,AlPatch_1_1,9461.1401247433,9461.2284035767
1,0,2010617,1378912,AlPatch_1_1,9461.1401247433,9461.2324681163
1,0,2010698,1373434,AlPatch_2_0,7296.9853757944,7297.0735390265
1,0,2010697,1373434,AlPatch_2_0,7296.9853757944,7297.0737216789
1,0,2010918,1360938,AlPatch_0_0,3933.363337805,3933.4630525673
1,0,2010917,1360938,AlPatch_0_0,3933.363337805,3933.4513132476
1,0,2011100,1350436,AlPatch_1_1,14355.824600005,14355.923753077
1,0,2011099,1350436,AlPatch_1_1,14355.824600005,14355.913237383
1,0,2011146,1347441,AlPatch_0_0,16534.221113591,16534.307660422
1,0,2011145,1347441,AlPatch_0_0,16534.221113591,16534.314249012
1,0,2011274,1339441,AlPatch_2_1,8376.8637041853,8376.9624853986
1,0,2011273,1339441,AlPatch_2_1,8376.8637041853,8376.9637482208
1,0,2011432,1329641,AlPatch_2_0,252.59989383148,252.68891358685
1,0,2011431,1329641,AlPatch_2_0,252.59989383148,252.6983468326
1,0,2011750,1311851,AlPatch_2_1,9408.4681222144,9408.5595236274
1,0,2011749,1311851,AlPatch_2_1,9408.4681222144,9408.5656877937
1,0,2012040,1297199,AlPatch_2_0,731.89877153636,731.9891332108
1,0,2012039,1297199,AlPatch_2_0,731.89877153636,731.98653647603
1,0,2012230,1286117,AlPatch_1_1,7542.5711218867,7542.6613778826
1,0,2012229,1286117,AlPatch_1_1,7542.5711218867,7542.6687418942
1,0,2012492,1267751,AlPatch_0_1,16897.851721174,16897.952117393
1,0,2012491,1267751,AlPatch_0_1,16897.851721174,16897.94002892
1,0,2012520,1266413,AlPatch_1_0,10919.993747611,10920.088300027
1,0,2012519,1266413,AlPatch_1_0,10919.993747611,10920.089245922
1,0,2012634,1260621,AlPatch_1_1,7759.5889247397,7759.6815971874
1,0,2012633,1260621,AlPatch_1_1,7759.5889247397,7759.6822303746
1,0,2013232,1219862,AlPatch_1_1,2988.2485936406,2988.3503349773
1,0,2013231,1219862,AlPatch_1_1,2988.2485936406,2988.3502853301
1,0,2013280,1217181,AlPatch_1_0,1257.30327892,1257.3981423229
1,0,2013279,1217181,AlPatch_1_0,1257.30327892,1257.3935167516
1,0,2013466,1206220,AlPatch_2_0,6860.1355597809,6860.2294123777
1,0,2013465,1206220,AlPatch_2_0,6860.1355597809,6860.2304545773
1,0,2013530,1201244,AlPatch_2_0,576.10507919366,576.20479651853
1,0,2013529,1201244,AlPatch_2_0,576.10507919366,576.20095044945
1,0,2013652,1194237,AlPatch_2_1,9492.7705870337,9492.8688927699
1,0,2013651,1194237,AlPatch_2_1,9492.7705870337,9492.8648191355
1,0,2013660,1193469,AlPatch_0_0,7197.5357101097,7197.6320024668
1,0,2013659,1193469,AlPatch_0_0,7197.5357101097,7197.6273048827
1,0,2013772,1187714,AlPatch_1_0,8644.2603428093,8644.3573447314
1,0,2013771,1187714,AlPatch_1_0,8644.2603428093,8644.3496394718
1,0,2013938,1176897,AlPatch_1_0,8968.3728567957,8968.4595557856
1,0,2013937,1176897,AlPatch_1_0,8968.3728567957,8968.4669012492
1,0,2014210,1162433,AlPatch_2_0,677.50941536833,677.59883559998
1,0,2014209,1162433,AlPatch_2_0,677.50941536833,677.59625299345
1,0,2014332,1154855,AlPatch_1_0,6200.4911019277,6200.5926261285
1,0,2014331,1154855,AlPatch_1_0,6200.4911019277,6200.5906936949
1,0,2014334,1154847,AlPatch_1_0,10230.446839541,10230.549892854
1,0,2014333,1154847,AlPatch_1_0,10230.446839541,10230.535691926
1,0,2014410,1148782,AlPatch_0_1,12490.481171674,12490.574269868
1,0,2014409,1148782,AlPatch_0_1,12490.481171674,12490.57722517
1,0,2014896,1117238,AlPatch_1_0,23003.877112767,23003.972049664
1,0,2014895,1117238,AlPatch_1_0,23003.877112767,23003.963153894
1,0,2015150,1100948,AlPatch_0_1,8993.8447672639,8993.9374333568
1,0,2015149,1100948,AlPatch_0_1,8993.8447672639,8993.9368910265
1,0,2015164,1100603,AlPatch_2_1,12175.914452971,12176.007661774
1,0,2015163,1100603,AlPatch_2_1,12175.914452971,12176.008535147
1,0,2015298,1092995,AlPatch_0_1,3589.3909154014,3589.4773173167
1,0,2015297,1092995,AlPatch_0_1,3589.3909154014,3589.4911366505
1,0,2015300,1092993,AlPatch_1_0,14333.239344202,14333.325872915
1,0,2015299,1092993,AlPatch_1_0,14333.239344202,14333.325155013
1,0,2015538,1077989,AlPatch_1_1,12842.135030036,12842.227113202
1,0,2015537,1077989,AlPatch_1_1,12842.135030036,12842.230003768
1,0,2015614,1073917,AlPatch_0_0,11587.884449576,11587.983232047
1,0,2015613,1073917,AlPatch_0_0,11587.884449576,11587.985391168
1,0,2015972,1053456,AlPatch_0_0,3897.0508455497,3897.1367917561
1,0,2015971,1053456,AlPatch_0_0,3897.0508455497,3897.1364138061
1,0,2016490,1024697,AlPatch_2_1,973.00447991248,973.10574369477
1,0,2016489,1024697,AlPatch_2_1,973.00447991248,973.10579075777
1,0,2016834,1004849,AlPatch_2_0,9400.9648959524,9401.0551244669
1,0,2016833,1004849,AlPatch_2_0,9400.9648959523,9401.0516663933
1,0,2017250,978911,AlPatch_0_1,12197.81934788,12197.911927489
1,0,2017249,978911,AlPatch_0_1,12197.81934788,12197.910672995
1,0,2017274,977733,AlPatch_0_1,6553.7029512845,6553.7890026654
1,0,2017273,977733,AlPatch_0_1,6553.7029512845,6553.7890767624
1,0,2017680,955521,AlPatch_0_0,8302.8306719051,8302.9175972371
1,0,2017679,955521,AlPatch_0_0,8302.8306719051,8302.9171822633
1,0,2017776,950317,AlPatch_2_0,3205.0460899272,3205.1360365536
1,0,2017775,950317,AlPatch_2_0,3205.0460899272,3205.1444732223
1,0,2017820,948046,AlPatch_0_0,5844.6934580902,5844.7866493744
1,0,2017819,948046,AlPatch_0_0,5844.6934580902,5844.7923595368
1,0,2018084,930057,AlPatch_1_1,4156.4806122362,4156.5668447196
1,0,2018083,930057,AlPatch_1_1,4156.4806122362,4156.5674132125
1,0,2018104,928678,AlPatch_0_0,12306.513805792,12306.601634138
1,0,2018103,928678,AlPatch_0_0,12306.513805792,12306.61873973
1,0,2018140,927149,AlPatch_2_0,1746.6459299786,1746.7411506732
1,0,2018139,927149,AlPatch_2_0,1746.6459299786,1746.7386924324
1,0,2018272,919478,AlPatch_2_0,15115.499350107,15115.603008411
1,0,2018271,919478,AlPatch_2_0,15115.499350107,15115.599825861
1,0,2018650,897736,AlPatch_0_1,16091.97536808,16092.069140781
1,0,2018649,897736,AlPatch_0_1,16091.97536808,16092.072155315
1,0,2018918,880997,AlPatch_2_1,1493.0653455645,1493.1528720703
1,0,2018917,880997,AlPatch_2_1,1493.0653455645,1493.1512703799
1,0,2018938,880051,AlPatch_1_1,14031.829182615,14031.918422765
1,0,2018937,880051,AlPatch_1_1,14031.829182615,14031.925222203
1,0,2019006,875480,AlPatch_0_0,14273.067674322,14273.160626255
1,0,2019005,875480,AlPatch_0_0,14273.067674322,14273.164837893
1,0,2019046,873249,AlPatch_2_0,11769.644010953,11769.729609906
1,0,2019045,873249,AlPatch_2_0,11769.644010953,11769.729542752
1,0,2019204,863627,AlPatch_2_1,12414.72532076,12414.81565449
1,0,2019203,863627,AlPatch_2_1,12414.72532076,12414.815715862
1,0,2019228,862472,AlPatch_2_1,18760.096487885,18760.184590773
1,0,2019227,862472,AlPatch_2_1,18760.096487885,18760.183491371
1,0,2019258,860862,AlPatch_0_0,6363.9715182056,6364.0624015693
1,0,2019257,860862,AlPatch_0_0,6363.9715182056,6364.0627552672
1,0,2019400,854208,AlPatch_1_0,10185.058730403,10185.147509221
1,0,2019399,854208,AlPatch_1_0,10185.058730403,10185.144106091
1,0,2020012,811990,AlPatch_1_1,14920.962637868,14921.048442789
1,0,2020011,811990,AlPatch_1_1,14920.962637868,14921.048589152
1,0,2020182,800338,AlPatch_1_0,19809.048730985,19809.148338371
1,0,2020181,800338,AlPatch_1_0,19809.048730985,19809.135315338
1,0,2020580,777665,AlPatch_2_0,261.10756635613,261.19550679133
1,0,2020579,777665,AlPatch_2_0,261.10756635613,261.19590852777
1,0,2020758,766664,AlPatch_0_1,5314.8971581418,5314.9841636618
1,0,2020757,766664,AlPatch_0_1,5314.8971581418,5314.9864604979
1,0,2021048,750502,AlPatch_2_1,9379.1095008382,9379.206460881
1,0,2021047,750502,AlPatch_2_1,9379.1095008382,9379.1987982964
1,0,2021252,738128,AlPatch_1_1,19111.951069856,19112.046318876
1,0,2021251,738128,AlPatch_1_1,19111.951069856,19112.049688959
1,0,2021324,734325,AlPatch_1_0,9796.7857314293,9796.88403946
1,0,2021323,734325,AlPatch_1_0,9796.7857314293,9796.8820027697
1,0,2021418,729808,AlPatch_2_1,1296.3065458225,1296.3960005764
1,0,2021417,729808,AlPatch_2_1,1296.3065458225,1296.3994216798
1,0,2021616,718859,AlPatch_2_0,14488.849667163,14488.947692427
1,0,2021615,718859,AlPatch_2_0,14488.849667163,14488.942005034
1,0,2021628,718102,AlPatch_2_0,14671.511605062,14671.600339524
1,0,2021627,718102,AlPatch_2_0,14671.511605062,14671.601168119
1,0,2021846,705946,AlPatch_2_1,7633.5266981208,7633.6197051912
1,0,2021845,705946,AlPatch_2_1,7633.5266981208,7633.618083082
1,0,2021892,703912,AlPatch_2_1,4517.9165942247,4518.0040319174
1,0,2021891,703912,AlPatch_2_1,4517.9165942247,4518.0027525173
1,0,2022092,691016,AlPatch_0_1,13289.392623894,13289.493718212
1,0,2022091,691016,AlPatch_0_1,13289.392623894,13289.486250801
1,0,2022144,688391,AlPatch_0_1,10806.457543478,10806.551753323
1,0,2022143,688391,AlPatch_0_1,10806.457543478,10806.544585269
1,0,2022268,682906,AlPatch_2_0,250.24630467095,250.33285983903
1,0,2022267,682906,AlPatch_2_0,250.24630467095,250.33338250556
1,0,2022290,681972,AlPatch_2_0,10619.65424973,10619.752790524
1,0,2022289,681972,AlPatch_2_0,10619.65424973,10619.754117329
1,0,2022698,656179,AlPatch_0_0,9188.1339211201,9188.2254394297
1,0,2022697,656179,AlPatch_0_0,9188.1339211201,9188.2199962086
1,0,2022762,652220,AlPatch_0_1,8492.9258113629,8493.0148835258
1,0,2022761,652220,AlPatch_0_1,8492.9258113629,8493.0189439918
1,0,2023374,613840,AlPatch_2_1,14001.896389112,14001.996580609
1,0,2023373,613840,AlPatch_2_1,14001.896389112,14001.99250556
1,0,2023670,599076,AlPatch_2_1,9128.2866642384,9128.3837776486
1,0,2023669,599076,AlPatch_2_1,9128.2866642384,9128.3816884719
1,0,2024058,578526,AlPatch_0_1,8812.6686413109,8812.7599397317
1,0,2024057,578526,AlPatch_0_1,8812.6686413109,8812.7661436115
1,0,2024208,570008,AlPatch_2_0,268.46961160362,268.560142702
1,0,2024207,570008,AlPatch_2_0,268.46961160362,268.55962994424
1,0,2024334,563181,AlPatch_1_1,9834.1395806573,9834.2275126966
1,0,2024333,563181,AlPatch_1_1,9834.1395806573,9834.2417744758
1,0,2024400,559320,AlPatch_2_0,1945.6084957483,1945.6943894328
1,0,2024399,559320,AlPatch_2_0,1945.6084957483,1945.6945156968
1,0,2024816,535230,AlPatch_0_0,8428.6751218502,8428.7615794952
1,0,2024815,535230,AlPatch_0_0,8428.6751218502,8428.7621476922
1,0,2024856,534106,AlPatch_2_1,10737.93775083,10738.035298937
1,0,2024855,534106,AlPatch_2_1,10737.93775083,10738.028943193
1,0,2025400,502568,AlPatch_2_0,4207.4963532182,4207.594870672
1,0,2025399,502568,AlPatch_2_0,4207.4963532182,4207.589711781
1,0,2025446,499704,AlPatch_1_0,10635.179597119,10635.270974235
1,0,2025445,499704,AlPatch_1_0,10635.179597119,10635.278753259
1,0,2025658,488512,AlPatch_0_0,4051.6316704257,4051.717825066
1,0,2025657,488512,AlPatch_0_0,4051.6316704257,4051.7177427104
1,0,2025722,484457,AlPatch_2_1,7779.6372175616,7779.7327065352
1,0,2025721,484457,AlPatch_2_1,7779.6372175616,7779.7293153903
1,0,2025972,471192,AlPatch_2_0,257.17582434187,257.270158537
1,0,2025971,471192,AlPatch_2_0,257.17582434187,257.27070417596
1,0,2026064,465043,AlPatch_0_0,9978.2489130977,9978.3463156252
1,0,2026063,465043,AlPatch_0_0,9978.2489130977,9978.3383863557
1,0,2026414,444342,AlPatch_2_0,638.07116499606,638.15863805428
1,0,2026413,444342,AlPatch_2_0,638.07116499606,638.15910540038
1,0,2026580,433020,AlPatch_2_1,4030.6716190181,4030.7688799861
1,0,2026579,433020,AlPatch_2_1,4030.6716190181,4030.7638972828
1,0,2026630,429274,AlPatch_2_0,3577.2073755568,3577.2968383637
1,0,2026629,429274,AlPatch_2_0,3577.2073755568,3577.3117360683
1,0,2026688,426600,AlPatch_1_0,21416.843749068,21416.930512599
1,0,2026687,426600,AlPatch_1_0,21416.843749068,21416.930550564
1,0,2026924,412958,AlPatch_0_0,9011.9752520142,9012.0764580223
1,0,2026923,412958,AlPatch_0_0,9011.9752520142,9012.0730030508
1,0,2026980,409837,AlPatch_0_0,7884.822883883,7884.920586631
1,0,2026979,409837,AlPatch_0_0,7884.822883883,7884.9251119305
1,0,2027016,407480,AlPatch_0_0,9874.9884506173,9875.0813375471
1,0,2027015,407480,AlPatch_0_0,9874.9884506173,9875.0807789466
1,0,2027062,404968,AlPatch_2_0,6105.4541088056,6105.5483915123
1,0,2027061,404968,AlPatch_2_0,6105.4541088056,6105.5491577513
1,0,2027292,390434,AlPatch_0_0,7694.1974877593,7694.2960570243
1,0,2027291,390434,AlPatch_0_0,7694.1974877593,7694.2870965534
1,0,2027456,380292,AlPatch_1_1,12121.253166645,12121.339266979
1,0,2027455,380292,AlPatch_1_1,12121.253166645,12121.339337077
1,0,2027858,358836,AlPatch_1_0,10500.852034872,10500.93790797
1,0,2027857,358836,AlPatch_1_0,10500.852034872,10500.937672186
1,0,2027950,353137,AlPatch_0_1,7807.1569121675,7807.2603839402
1,0,2027949,353137,AlPatch_0_1,7807.1569121676,7807.2562341693
1,0,2028252,335776,AlPatch_1_0,6564.8266378209,6564.9149647849
1,0,2028251,335776,AlPatch_1_0,6564.8266378209,6564.9195650052
1,0,2028256,335532,AlPatch_2_0,254.88945406326,254.98688566797
1,0,2028255,335532,AlPatch_2_0,254.88945406326,254.98754638958
1,0,2028352,330063,AlPatch_2_0,1729.2958269222,1729.3822059437
1,0,2028351,330063,AlPatch_2_0,1729.2958269222,1729.3818701428
1,0,2028464,323777,AlPatch_1_0,3645.7224101143,3645.8094442453
1,0,2028463,323777,AlPatch_1_0,3645.7224101143,3645.8097762027
1,0,2028586,316302,AlPatch_0_1,13131.265652416,13131.351660408
1,0,2028585,316302,AlPatch_0_1,13131.265652416,13131.351296118
1,0,2028680,312338,AlPatch_2_1,9024.2913681422,9024.3802985284
1,0,2028679,312338,AlPatch_2_1,9024.2913681422,9024.3873759801
1,0,2028816,304551,AlPatch_0_1,12084.855381494,12084.953203803
1,0,2028815,304551,AlPatch_0_1,12084.855381494,12084.94353911
1,0,2028996,291801,AlPatch_2_1,21692.629458247,21692.719992744
1,0,2028995,291801,AlPatch_2_1,21692.629458247,21692.724929166
1,0,2029304,271023,AlPatch_2_1,3497.784261774,3497.8723856626
1,0,2029303,271023,AlPatch_2_1,3497.784261774,3497.8728181346
1,0,2029330,268811,AlPatch_0_0,13052.194425669,13052.281655038
1,0,2029329,268811,AlPatch_0_0,13052.194425669,13052.293608033
1,0,2029650,249850,AlPatch_2_1,3049.6864161733,3049.7776894976
1,0,2029649,249850,AlPatch_2_1,3049.6864161733,3049.7896464701
1,0,2029760,242887,AlPatch_1_1,15195.578664563,15195.676761878
1,0,2029759,242887,AlPatch_1_1,15195.578664563,15195.669629065
1,0,2030032,225404,AlPatch_2_0,595.74268189672,595.84202689506
1,0,2030031,225404,AlPatch_2_0,595.74268189672,595.83173493897
1,0,2030208,215886,AlPatch_1_0,16105.164110669,16105.252387728
1,0,2030207,215886,AlPatch_1_0,16105.164110669,16105.257522415
1,0,2030222,215035,AlPatch_0_0,2134.2679995151,2134.360248589
1,0,2030221,215035,AlPatch_0_0,2134.2679995151,2134.357264136
1,0,2030304,211736,AlPatch_1_1,16556.604710653,16556.704824133
1,0,2030303,211736,AlPatch_1_1,16556.604710653,16556.696423623
1,0,2030608,192595,AlPatch_0_1,17679.517666658,17679.604068945
1,0,2030607,192595,AlPatch_0_1,17679.517666658,17679.60340178
1,0,2030634,191108,AlPatch_1_0,3687.9035989518,3687.9933121474
1,0,2030633,191108,AlPatch_1_0,3687.9035989518,3687.9941591231
1,0,2031274,149578,AlPatch_2_0,511.29751170502,511.3979919741
1,0,2031273,149578,AlPatch_2_0,511.29751170502,511.39250197023
1,0,2031344,145361,AlPatch_0_0,9298.6518886674,9298.7415861958
1,0,2031343,145361,AlPatch_0_0,9298.6518886674,9298.7389478685
1,0,2031458,137668,AlPatch_2_0,19483.923059182,19484.012288982
1,0,2031457,137668,AlPatch_2_0,19483.923059182,19484.016719368
1,0,2031838,113126,AlPatch_1_1,8409.8082269568,8409.9005656777
1,0,2031837,113126,AlPatch_1_1,8409.8082269568,8409.9057880935
1,0,2031924,108521,AlPatch_0_1,5540.8190180085,5540.9054514574
1,0,2031923,108521,AlPatch_0_1,5540.8190180085,5540.9054566414
1,0,2031986,105238,AlPatch_0_0,13176.903388772,13176.988848754
1,0,2031985,105238,AlPatch_0_0,13176.903388772,13176.988823051
1,0,2032150,95347,AlPatch_0_1,3951.9118873068,3952.0093136262
1,0,2032149,95347,AlPatch_0_1,3951.9118873068,3952.0022568249
1,0,2032424,77978,AlPatch_0_0,10583.572247795,10583.664458387
1,0,2032423,77978,AlPatch_0_0,10583.572247795,10583.665664627
1,0,2032442,76269,AlPatch_0_0,3861.2787300463,3861.3756558039
1,0,2032441,76269,AlPatch_0_0,3861.2787300463,3861.3643308701
1,0,2032448,75885,AlPatch_2_1,18492.432216201,18492.51870982
1,0,2032447,75885,AlPatch_2_1,18492.432216201,18492.530297229
1,0,2032652,64053,AlPatch_2_0,6122.2557663073,6122.3572275552
1,0,2032651,64053,AlPatch_2_0,6122.2557663073,6122.3420298724
1,0,2032712,61349,AlPatch_2_1,812.87756060257,812.96975276153
1,0,2032711,61349,AlPatch_2_1,812.87756060257,812.97314542261
1,0,2032762,58479,AlPatch_2_0,3275.564505036,3275.6544892886
1,0,2032761,58479,AlPatch_2_0,3275.564505036,3275.6531324711
1,0,2032940,47851,AlPatch_1_0,8207.8914471603,8207.9807081146
1,0,2032939,47851,AlPatch_1_0,8207.8914471603,8207.9883043854
1,0,2033166,35366,AlPatch_1_0,3414.3646857324,3414.4573101925
1,0,2033165,35366,AlPatch_1_0,3414.3646857324,3414.4585907359
1,0,2033172,34897,AlPatch_2_0,255.25809411399,255.35397481363
1,0,2033171,34897,AlPatch_2_0,255.25809411399,255.35547181004
1,0,2033460,17436,AlPatch_2_0,480.32394390213,480.42459802673
1,0,2033459,17436,AlPatch_2_0,480.32394390213,480.41602417648
20,0,2000466,1972458,AlPatch_2_0,537.84662441271,537.93410201782
20,0,2000465,1972458,AlPatch_2_0,537.84662441271,537.93254706607
20,0,2000716,1959142,AlPatch_0_0,10287.149043503,10287.240238132
20,0,2000715,1959142,AlPatch_0_0,10287.149043503,10287.243378375
20,0,2000800,1954800,AlPatch_2_1,14750.785469546,14750.873876606
20,0,2000799,1954800,AlPatch_2_1,14750.785469546,14750.878549378
20,0,2000842,1951945,AlPatch_0_0,9634.6048264297,9634.6979852276
20,0,2000841,1951945,AlPatch_0_0,9634.6048264297,9634.6994600324
20,0,2000982,1943809,AlPatch_2_0,854.50686665921,854.59431479096
20,0,2000981,1943809,AlPatch_2_0,854.50686665921,854.59357276758
20,0,2001184,1930633,AlPatch_0_0,10879.903337688,10879.995127883
20,0,2001183,1930633,AlPatch_0_0,10879.903337688,10879.997133228
20,0,2001204,1929183,AlPatch_2_0,3650.107819802,3650.2035377443
20,0,2001203,1929183,AlPatch_2_0,3650.107819802,3650.2035396474
20,0,2001772,1891554,AlPatch_0_0,6698.6969274929,6698.7901383406
20,0,2001771,1891554,AlPatch_0_0,6698.6969274929,6698.7909053964
20,0,2001784,1891086,AlPatch_0_0,1466.2693404756,1466.3658811817
20,0,2001783,1891086,AlPatch_0_0,1466.2693404756,1466.3600181278
20,0,2002026,1877592,AlPatch_1_1,4375.771227373,4375.8655461694
20,0,2002025,1877592,AlPatch_1_1,4375.771227373,4375.8705444754
20,0,2002338,1859581,AlPatch_0_1,13679.921985021,13680.015978691
20,0,2002337,1859581,AlPatch_0_1,13679.921985021,13680.015677262
20,0,2002414,1855433,AlPatch_2_1,11564.932067965,11565.022599413
20,0,2002413,1855433,AlPatch_2_1,11564.932067965,11565.028473126
20,0,2002504,1850780,AlPatch_0_1,8139.6712067454,8139.7683828353
20,0,2002503,1850780,AlPatch_0_1,8139.6712067454,8139.7731455108
20,0,2002832,1829808,AlPatch_2_0,1817.997890309,1818.0833133514
20,0,2002831,1829808,AlPatch_2_0,1817.997890309,1818.103990914
20,0,2003018,1819029,AlPatch_2_0,8938.0876969147,8938.1811735079
20,0,2003017,1819029,AlPatch_2_0,8938.0876969147,8938.1888845808
20,0,2003566,1780285,AlPatch_1_1,4237.0033097846,4237.0956196945
20,0,2003565,1780285,AlPatch_1_1,4237.0033097845,4237.0955381743
20,0,2003724,1770140,AlPatch_0_0,7443.6769076562,7443.7710907516
20,0,2003723,1770140,AlPatch_0_0,7443.6769076562,7443.7805973437
20,0,2003758,1768395,AlPatch_2_0,7582.9764863205,7583.067469286
20,0,2003757,1768395,AlPatch_2_0,7582.9764863205,7583.0766753814
20,0,2003792,1766565,AlPatch_2_1,2984.6585750381,2984.7535799021
20,0,2003791,1766565,AlPatch_2_1,2984.6585750381,2984.7557851438
20,0,2004186,1741327,AlPatch_1_1,18968.559269834,18968.650408416
20,0,2004185,1741327,AlPatch_1_1,18968.559269834,18968.650503072
20,0,2004218,1739931,AlPatch_2_0,4928.9493517218,4929.0386994789
20,0,2004217,1739931,AlPatch_2_0,4928.9493517218,4929.0377721703
20,0,2004638,1715636,AlPatch_0_1,3835.6663268085,3835.7627197122
20,0,2004637,1715636,AlPatch_0_1,3835.6663268085,3835.7646191564
20,0,2004838,1705406,AlPatch_2_0,10384.645838678,10384.731436387
20,0,2004837,1705406,AlPatch_2_0,10384.645838678,10384.751301214
20,0,2004850,1704768,AlPatch_1_1,13134.737728078,13134.823427394
20,0,2004849,1704768,AlPatch_1_1,13134.737728078,13134.823380937
20,0,2005478,1668337,AlPatch_2_0,562.21981867874,562.31405820838
20,0,2005477,1668337,AlPatch_2_0,562.21981867873,562.31669603217
20,0,2005512,1667177,AlPatch_2_0,434.30479164703,434.39903942235
20,0,2005511,1667177,AlPatch_2_0,434.30479164703,434.39398375271
20,0,2005910,1644529,AlPatch_2_0,12411.323623023,12411.409539222
20,0,2005909,1644529,AlPatch_2_0,12411.323623023,12411.428809505
20,0,2006000,1638102,AlPatch_1_1,4876.8847011382,4876.9864984214
20,0,2005999,1638102,AlPatch_1_1,4876.8847011382,4876.9711607557
20,0,2006320,1616416,AlPatch_2_0,481.19173917369,481.28137112793
20,0,2006319,1616416,AlPatch_2_0,481.19173917369,481.28995199737
20,0,2006738,1590238,AlPatch_1_1,10325.048498341,10325.140893973
20,0,2006737,1590238,AlPatch_1_1,10325.048498341,10325.143745093
20,0,2006774,1588429,AlPatch_0_0,1213.9288243103,1214.0259103792
20,0,2006773,1588429,AlPatch_0_0,1213.9288243103,1214.0254699534
20,0,2006814,1586748,AlPatch_0_0,12092.951160907,12093.038996027
20,0,2006813,1586748,AlPatch_0_0,12092.951160907,12093.044296471
20,0,2006890,1581277,AlPatch_1_0,3979.1783299525,3979.2713924481
20,0,2006889,1581277,AlPatch_1_0,3979.1783299525,3979.2714634453
20,0,2007172,1562624,AlPatch_2_0,464.7856447806,464.87982462654
20,0,2007171,1562624,AlPatch_2_0,464.7856447806,464.8817109963
20,0,2007222,1559907,AlPatch_2_0,1418.2141590288,1418.3118960399
20,0,2007221,1559907,AlPatch_2_0,1418.2141590288,1418.3079157218
20,0,2007348,1553699,AlPatch_0_1,9655.7236513806,9655.8106206451
20,0,2007347,1553699,AlPatch_0_1,9655.7236513806,9655.8089207218
20,0,2007380,1551408,AlPatch_1_1,10454.383575675,10454.48229449
20,0,2007379,1551408,AlPatch_1_1,10454.383575675,10454.470657598
20,0,2007748,1528543,AlPatch_0_0,7452.5473620348,7452.6366414085
20,0,2007747,1528543,AlPatch_0_0,7452.5473620348,7452.636994329
20,0,2007964,1516960,AlPatch_2_0,8545.3360755986,8545.4360280846
20,0,2007963,1516960,AlPatch_2_0,8545.3360755986,8545.4300844864
20,0,2007978,1516061,AlPatch_2_0,17277.668805133,17277.756820332
20,0,2007977,1516061,AlPatch_2_0,17277.668805133,17277.755425838
20,0,2008152,1505292,AlPatch_0_0,11156.151435417,11156.24916408
20,0,2008151,1505292,AlPatch_0_0,11156.151435417,11156.248219306
20,0,2008478,1490409,AlPatch_2_0,604.2373061417,604.32809807053
20,0,2008477,1490409,AlPatch_2_0,604.2373061417,604.32357782034
20,0,2009368,1437348,AlPatch_0_1,8118.2698311385,8118.3635922176
20,0,2009367,1437348,AlPatch_0_1,8118.2698311385,8118.3568903802
20,0,2009560,1427068,AlPatch_0_1,11736.099680734,11736.185324842
20,0,2009559,1427068,AlPatch_0_1,11736.099680734,11736.189827075
20,0,2009628,1423591,AlPatch_2_0,14326.54157261,14326.629274703
20,0,2009627,1423591,AlPatch_2_0,14326.54157261,14326.632222009
20,0,2009846,1409162,AlPatch_1_0,11163.659384578,11163.751437302
20,0,2009845,1409162,AlPatch_1_0,11163.659384578,11163.757116489
20,0,2010114,1393852,AlPatch_2_1,4583.9133592894,4584.0114352801
20,0,2010113,1393852,AlPatch_2_1,4583.9133592894,4584.0073951124
20,0,2010436,1372167,AlPatch_0_1,17505.783633943,17505.876888851
20,0,2010435,1372167,AlPatch_0_1,17505.783633943,17505.870274144
20,0,2010452,1371110,AlPatch_0_0,3373.7258326228,3373.8163387997
20,0,2010451,1371110,AlPatch_0_0,3373.7258326228,3373.8237480532
20,0,2010876,1346680,AlPatch_1_0,2535.0529438876,2535.1528635643
20,0,2010875,1346680,AlPatch_1_0,2535.0529438876,2535.1443389977
20,0,2010928,1342790,AlPatch_0_1,10672.054831931,10672.145812786
20,0,2010927,1342790,AlPatch_0_1,10672.054831931,10672.146308385
20,0,2010984,1339609,AlPatch_0_1,9206.0631917441,9206.156026185
20,0,2010983,1339609,AlPatch_0_1,9206.0631917441,9206.1564258809
20,0,2011392,1312152,AlPatch_0_0,15014.022362181,15014.111493944
20,0,2011391,1312152,AlPatch_0_0,15014.022362181,15014.120154629
20,0,2011396,1311843,AlPatch_2_1,2355.54987167,2355.6393581482
20,0,2011395,1311843,AlPatch_2_1,2355.54987167,2355.6430063904
20,0,2011706,1293788,AlPatch_0_0,2377.7116841845,2377.8066037675
20,0,2011705,1293788,AlPatch_0_0,2377.7116841845,2377.8089500961
20,0,2011730,1292130,AlPatch_0_0,12633.487451556,12633.576561341
20,0,2011729,1292130,AlPatch_0_0,12633.487451556,12633.58679821
20,0,2012206,1264832,AlPatch_0_1,3068.3157105907,3068.4091398887
20,0,2012205,1264832,AlPatch_0_1,3068.3157105906,3068.408199903
20,0,2012302,1259362,AlPatch_1_0,17812.412403081,17812.50428954
20,0,2012301,1259362,AlPatch_1_0,17812.412403081,17812.50879312
20,0,2013162,1209749,AlPatch_2_0,5778.1343087477,5778.2224350413
20,0,2013161,1209749,AlPatch_2_0,5778.1343087477,5778.223586765
20,0,2013272,1203444,AlPatch_0_1,6708.5248859307,6708.6104447371
20,0,2013271,1203444,AlPatch_0_1,6708.5248859307,6708.6168913108
20,0,2013376,1196580,AlPatch_2_1,16054.095943896,16054.192928542
20,0,2013375,1196580,AlPatch_2_1,16054.095943896,16054.187340332
20,0,2013476,1191490,AlPatch_0_0,9445.4770966782,9445.573888257
20,0,2013475,1191490,AlPatch_0_0,9445.4770966783,9445.5775918006
20,0,2013512,1189747,AlPatch_0_1,16366.663962071,16366.754682345
20,0,2013511,1189747,AlPatch_0_1,16366.663962071,16366.766777345
20,0,2013572,1186058,AlPatch_2_1,16059.1369963,16059.233330012
20,0,2013571,1186058,AlPatch_2_1,16059.1369963,16059.237500639
20,0,2013770,1175334,AlPatch_2_0,6500.4619638287,6500.5487801152
20,0,2013769,1175334,AlPatch_2_0,6500.4619638287,6500.548810731
20,0,2013996,1161041,AlPatch_2_0,260.2316537347,260.33217831522
20,0,2013995,1161041,AlPatch_2_0,260.2316537347,260.32019399452
20,0,2014562,1129588,AlPatch_2_0,251.75144466169,251.8533961356
20,0,2014561,1129588,AlPatch_2_0,251.75144466169,251.84179137121
20,0,2014784,1116276,AlPatch_0_0,7209.882004586,7209.9685955634
20,0,2014783,1116276,AlPatch_0_0,7209.882004586,7209.9684700457
20,0,2014966,1105136,AlPatch_2_0,2135.7501841858,2135.8386604049
20,0,2014965,1105136,AlPatch_2_0,2135.7501841858,2135.8375499737
20,0,2015070,1100491,AlPatch_1_0,11186.628880514,11186.729637576
20,0,2015069,1100491,AlPatch_1_0,11186.628880514,11186.72845121
20,0,2016192,1025676,AlPatch_0_0,4444.5416055871,4444.6398013563
20,0,2016191,1025676,AlPatch_0_0,4444.5416055871,4444.6314081123
20,0,2016342,1017446,AlPatch_0_0,13019.059473881,13019.150275221
20,0,2016341,1017446,AlPatch_0_0,13019.059473881,13019.148307138
20,0,2016508,1008515,AlPatch_0_0,7056.3249958747,7056.4259278796
20,0,2016507,1008515,AlPatch_0_0,7056.3249958747,7056.4104648324
20,0,2016638,998750,AlPatch_0_0,12236.902509879,12236.991195655
20,0,2016637,998750,AlPatch_0_0,12236.902509879,12236.998548014
20,0,2016774,990287,AlPatch_0_1,15870.360013395,15870.450861218
20,0,2016773,990287,AlPatch_0_1,15870.360013395,15870.457743442
20,0,2016962,978697,AlPatch_2_0,12079.504415087,12079.60192714
20,0,2016961,978697,AlPatch_2_0,12079.504415087,12079.59520058
20,0,2016974,978403,AlPatch_0_1,15188.910941484,15189.005656453
20,0,2016973,978403,AlPatch_0_1,15188.910941484,15189.005698288
20,0,2017060,973148,AlPatch_1_1,17421.133581308,17421.219679856
20,0,2017059,973148,AlPatch_1_1,17421.133581308,17421.220238998
20,0,2017134,969692,AlPatch_2_0,2833.0821314975,2833.1746318296
20,0,2017133,969692,AlPatch_2_0,2833.0821314975,2833.1743447237
20,0,2017160,968178,AlPatch_2_1,7714.5145392463,7714.6203167555
20,0,2017159,968178,AlPatch_2_1,7714.5145392463,7714.617189465
20,0,2017420,955432,AlPatch_2_1,10093.40312547,10093.48961945
20,0,2017419,955432,AlPatch_2_1,10093.40312547,10093.490446354
20,0,2017638,943920,AlPatch_2_1,1902.8167494094,1902.9170667333
20,0,2017637,943920,AlPatch_2_1,1902.8167494094,1902.9123506829
20,0,2018118,917293,AlPatch_0_0,10168.629773631,10168.718693982
20,0,2018117,917293,AlPatch_0_0,10168.629773631,10168.722666279
20,0,2018478,900406,AlPatch_0_1,11696.3089699,11696.409103355
20,0,2018477,900406,AlPatch_0_1,11696.3089699,11696.398976584
20,0,2018750,884731,AlPatch_2_0,2547.05043986,2547.1534947599
20,0,2018749,884731,AlPatch_2_0,2547.05043986,2547.1423917466
20,0,2018868,877851,AlPatch_2_0,11564.088242572,11564.190544866
20,0,2018867,877851,AlPatch_2_0,11564.088242572,11564.18908866
20,0,2019334,849765,AlPatch_2_1,5606.0220780304,5606.1173403672
20,0,2019333,849765,AlPatch_2_1,5606.0220780304,5606.1148815
20,0,2019404,845725,AlPatch_2_0,1275.6340326888,1275.7260981212
20,0,2019403,845725,AlPatch_2_0,1275.6340326888,1275.7296780428
20,0,2019446,843507,AlPatch_1_0,2901.3521045266,2901.4518439686
20,0,2019445,843507,AlPatch_1_0,2901.3521045266,2901.454236798
20,0,2019788,821813,AlPatch_1_1,20918.081824745,20918.176250624
20,0,2019787,821813,AlPatch_1_1,20918.081824745,20918.177486663
20,0,2020448,778163,AlPatch_0_1,22247.917246524,22248.0235855
20,0,2020447,778163,AlPatch_0_1,22247.917246524,22248.00447784
20,0,2020908,749360,AlPatch_1_0,11102.889630346,11102.975026977
20,0,2020907,749360,AlPatch_1_0,11102.889630346,11102.975144674
20,0,2020924,748526,AlPatch_1_0,7142.8959388175,7142.9878656107
20,0,2020923,748526,AlPatch_1_0,7142.8959388175,7142.989333042
20,0,2020970,746306,AlPatch_0_1,5675.2818868858,5675.3850220257
20,0,2020969,746306,AlPatch_0_1,5675.2818868858,5675.3723323032
20,0,2020990,744937,AlPatch_2_0,3180.562541175,3180.6498864366
20,0,2020989,744937,AlPatch_2_0,3180.562541175,3180.6530738032
20,0,2021152,736043,AlPatch_2_1,15940.605492881,15940.699956215
20,0,2021151,736043,AlPatch_2_1,15940.605492881,15940.699507128
20,0,2021724,699448,AlPatch_2_1,2124.8706578721,2124.9655647208
20,0,2021723,699448,AlPatch_2_1,2124.8706578721,2124.9635990021
20,0,2021950,684286,AlPatch_0_1,11672.64303216,11672.741942175
20,0,2021949,684286,AlPatch_0_1,11672.64303216,11672.73219941
20,0,2022400,658179,AlPatch_0_0,4071.9001154207,4071.9880211398
20,0,2022399,658179,AlPatch_0_0,4071.9001154207,4072.0001709239
20,0,2022494,652249,AlPatch_0_1,9199.3287308564,9199.4311032581
20,0,2022493,652249,AlPatch_0_1,9199.3287308564,9199.4167851384
20,0,2022508,651112,AlPatch_1_1,11809.35843285,11809.44699085
20,0,2022507,651112,AlPatch_1_1,11809.35843285,11809.457584585
20,0,2022854,629585,AlPatch_2_1,1720.0627197596,1720.1521525096
20,0,2022853,629585,AlPatch_2_1,1720.0627197596,1720.1628803117
20,0,2022954,621862,AlPatch_1_1,15743.727696738,15743.817992078
20,0,2022953,621862,AlPatch_1_1,15743.727696738,15743.818121234
20,0,2023044,616132,AlPatch_1_0,8939.459916195,8939.5568337303
20,0,2023043,616132,AlPatch_1_0,8939.459916195,8939.5515856374
20,0,2023332,596095,AlPatch_0_0,12795.225505694,12795.326423044
20,0,2023331,596095,AlPatch_0_0,12795.225505694,12795.31920087
20,0,2023368,592573,AlPatch_1_1,1428.5215511312,1428.6070965101
20,0,2023367,592573,AlPatch_1_1,1428.5215511312,1428.6071351974
20,0,2023430,589379,AlPatch_0_0,7807.0776881497,7807.17179764
20,0,2023429,589379,AlPatch_0_0,7807.0776881497,7807.1734790671
20,0,2023608,578715,AlPatch_2_0,12768.337951379,12768.431585497
20,0,2023607,578715,AlPatch_2_0,12768.337951379,12768.433338096
20,0,2023626,577601,AlPatch_0_1,3006.1135490357,3006.2002513834
20,0,2023625,577601,AlPatch_0_1,3006.1135490357,3006.2006785782
20,0,2024096,549886,AlPatch_1_0,10021.310382338,10021.410571572
20,0,2024095,549886,AlPatch_1_0,10021.310382338,10021.397953202
20,0,2024758,509036,AlPatch_1_0,2257.3125081599,2257.4071656233
20,0,2024757,509036,AlPatch_1_0,2257.3125081599,2257.4084289983
20,0,2024770,508333,AlPatch_2_1,603.00518894664,603.09131990681
20,0,2024769,508333,AlPatch_2_1,603.00518894664,603.0910296012
20,0,2024790,507183,AlPatch_2_1,5725.2255144589,5725.3115544271
20,0,2024789,507183,AlPatch_2_1,5725.2255144589,5725.3280200302
20,0,2024894,500082,AlPatch_0_1,6289.3282748772,6289.4247714845
20,0,2024893,500082,AlPatch_0_1,6289.3282748772,6289.4246225527
20,0,2024928,497414,AlPatch_1_1,11665.767507512,11665.862352575
20,0,2024927,497414,AlPatch_1_1,11665.767507512,11665.862710572
20,0,2025516,459079,AlPatch_2_0,255.39877446996,255.49615147071
20,0,2025515,459079,AlPatch_2_0,255.39877446996,255.49019138239
20,0,2025696,450067,AlPatch_2_0,4361.2731258754,4361.3651887639
20,0,2025695,450067,AlPatch_2_0,4361.2731258754,4361.3711452501
20,0,2025752,446944,AlPatch_2_0,283.10472860766,283.20690041383
20,0,2025751,446944,AlPatch_2_0,283.10472860766,283.20733811117
20,0,2025754,446839,AlPatch_2_0,3064.6276188161,3064.7176459395
20,0,2025753,446839,AlPatch_2_0,3064.6276188161,3064.7201963796
20,0,2026144,422894,AlPatch_2_1,16003.607561987,16003.701085223
20,0,2026143,422894,AlPatch_2_1,16003.607561987,16003.702405212
20,0,2026774,385858,AlPatch_1_1,2631.2730296323,2631.3698537326
20,0,2026773,385858,AlPatch_1_1,2631.2730296323,2631.3628519127
20,0,2026824,382322,AlPatch_0_0,13940.199158104,13940.298422946
20,0,2026823,382322,AlPatch_0_0,13940.199158104,13940.297796822
20,0,2027506,346033,AlPatch_1_1,3184.9792626501,3185.0697238397
20,0,2027505,346033,AlPatch_1_1,3184.9792626501,3185.0782802394
20,0,2027802,328443,AlPatch_0_0,3588.4604492972,3588.5530268774
20,0,2027801,328443,AlPatch_0_0,3588.4604492972,3588.5512377283
20,0,2027920,321557,AlPatch_1_1,8343.075657762,8343.1687145637
20,0,2027919,321557,AlPatch_1_1,8343.075657762,8343.1631060934
20,0,2028230,302978,AlPatch_0_0,9916.7778644924,9916.8659971932
20,0,2028229,302978,AlPatch_0_0,9916.7778644924,9916.866747248
20,0,2028242,302204,AlPatch_0_0,8170.6084455536,8170.701200556
20,0,2028241,302204,AlPatch_0_0,8170.6084455536,8170.6954904898
20,0,2028832,264149,AlPatch_0_0,1537.8875927915,1537.9820006478
20,0,2028831,264149,AlPatch_0_0,1537.8875927915,1537.9857570813
20,0,2028950,257594,AlPatch_2_1,13558.442148227,13558.54259663
20,0,2028949,257594,AlPatch_2_1,13558.442148227,13558.536173956
20,0,2029090,249277,AlPatch_0_1,19643.774734079,19643.867181219
20,0,2029089,249277,AlPatch_0_1,19643.774734079,19643.861688217
20,0,2029100,248549,AlPatch_2_1,1178.0070430854,1178.0995241245
20,0,2029099,248549,AlPatch_2_1,1178.0070430854,1178.1024551051
20,0,2029588,220698,AlPatch_2_0,773.59439546909,773.68498151439
20,0,2029587,220698,AlPatch_2_0,773.59439546909,773.68534465815
20,0,2030070,195257,AlPatch_0_1,9647.3209574654,9647.4214281642
20,0,2030069,195257,AlPatch_0_1,9647.3209574654,9647.4244650037
20,0,2030338,179492,AlPatch_2_0,11767.724753739,11767.812048545
20,0,2030337,179492,AlPatch_2_0,11767.724753739,11767.828003304
20,0,2030462,172853,AlPatch_2_0,1199.7914078544,1199.8830754297
20,0,2030461,172853,AlPatch_2_0,1199.7914078544,1199.8875562852
20,0,2030624,163208,AlPatch_2_1,6845.6795749474,6845.7810004801
20,0,2030623,163208,AlPatch_2_1,6845.6795749474,6845.770783771
20,0,2031072,134065,AlPatch_1_1,9602.1934192699,9602.2966215245
20,0,2031071,134065,AlPatch_1_1,9602.1934192699,9602.2816638376
20,0,2031082,133755,AlPatch_2_1,13716.249985797,13716.336485514
20,0,2031081,133755,AlPatch_2_1,13716.249985797,13716.340136547
20,0,2031102,132581,AlPatch_2_0,499.7211344998,499.80843860274
20,0,2031101,132581,AlPatch_2_0,499.7211344998,499.80836404086
20,0,2031278,119010,AlPatch_1_1,7103.2833839274,7103.3727421041
20,0,2031277,119010,AlPatch_1_1,7103.2833839274,7103.3838523401
20,0,2031380,112524,AlPatch_0_0,16166.679479137,16166.776231467
20,0,2031379,112524,AlPatch_0_0,16166.679479137,16166.770854817
20,0,2031422,109536,AlPatch_2_1,8388.2549860081,8388.3564775299
20,0,2031421,109536,AlPatch_2_1,8388.2549860081,8388.3438598362
20,0,2031510,102871,AlPatch_0_0,13243.243179063,13243.335116002
20,0,2031509,102871,AlPatch_0_0,13243.243179063,13243.33660132
20,0,2031542,100886,AlPatch_1_0,2268.366386773,2268.4537204605
20,0,2031541,100886,AlPatch_1_0,2268.366386773,2268.4554405174
20,0,2031620,96987,AlPatch_2_1,8311.5261287906,8311.625753568
20,0,2031619,96987,AlPatch_2_1,8311.5261287906,8311.6158042653
20,0,2031658,94383,AlPatch_1_1,16597.385897265,16597.478431246
20,0,2031657,94383,AlPatch_1_1,16597.385897265,16597.486320729
20,0,2031706,91334,AlPatch_2_0,4570.711967984,4570.7987432579
20,0,2031705,91334,AlPatch_2_0,4570.711967984,4570.8136055898
20,0,2032034,72545,AlPatch_0_0,12916.362196762,12916.452213982
20,0,2032033,72545,AlPatch_0_0,12916.362196762,12916.454142966
20,0,2032152,65630,AlPatch_2_1,880.68297426983,880.77665997934
20,0,2032151,65630,AlPatch_2_1,880.68297426983,880.76955118931
20,0,2032256,58750,AlPatch_0_0,14522.882531358,14522.978725893
20,0,2032255,58750,AlPatch_0_0,14522.882531358,14522.977340537
20,0,2032278,57283,AlPatch_1_0,8349.8001639795,8349.8855079779
20,0,2032277,57283,AlPatch_1_0,8349.8001639795,8349.9028169346
20,0,2032744,30364,AlPatch_2_0,12253.322304286,12253.42516781
20,0,2032743,30364,AlPatch_2_0,12253.322304286,12253.422654701
20,0,2032816,25959,AlPatch_2_1,804.79758714682,804.89435604976
20,0,2032815,25959,AlPatch_2_1,804.79758714682,804.888757388
20,0,2032906,20675,AlPatch_1_1,2638.5361183333,2638.6256286651
20,0,2032905,20675,AlPatch_1_1,2638.5361183333,2638.639541699
20,0,2032926,19709,AlPatch_2_0,938.83968429384,938.94638909585
20,0,2032925,19709,AlPatch_2_0,938.83968429384,938.92786567479
20,0,2033004,15800,AlPatch_2_0,486.16468959063,486.25616187972
20,0,2033003,15800,AlPatch_2_0,486.16468959063,486.26341457298
21,0,2000378,1976585,AlPatch_1_0,12872.499210324,12872.588249217
21,0,2000377,1976585,AlPatch_1_0,12872.499210324,12872.591841248
21,0,2000484,1968618,AlPatch_0_0,15176.278266637,15176.371473916
21,0,2000483,1968618,AlPatch_0_0,15176.278266637,15176.371375658
21,0,2000532,1966371,AlPatch_0_0,13528.178713328,13528.278054879
21,0,2000531,1966371,AlPatch_0_0,13528.178713328,13528.27152384
21,0,2000682,1955251,AlPatch_2_0,2079.9037813684,2079.9940319932
21,0,2000681,1955251,AlPatch_2_0,2079.9037813684,2079.993171901
21,0,2000742,1951080,AlPatch_1_1,3368.0326728078,3368.1182064498
21,0,2000741,1951080,AlPatch_1_1,3368.0326728078,3368.1182716058
21,0,2001162,1922788,AlPatch_2_1,658.10345688015,658.19086062895
21,0,2001161,1922788,AlPatch_2_1,658.10345688015,658.19085084349
21,0,2001230,1919038,AlPatch_2_0,444.43767866463,444.52373589176
21,0,2001229,1919038,AlPatch_2_0,444.43767866463,444.52944714061
21,0,2001808,1887089,AlPatch_2_0,5897.1661565156,5897.2540602068
21,0,2001807,1887089,AlPatch_2_0,5897.1661565156,5897.2543330495
21,0,2001888,1882458,AlPatch_2_0,12039.754069433,12039.851290012
21,0,2001887,1882458,AlPatch_2_0,12039.754069433,12039.847298157
21,0,2002122,1868325,AlPatch_0_0,7967.2966826182,7967.3867627631
21,0,2002121,1868325,AlPatch_0_0,7967.2966826182,7967.3841290471
21,0,2002170,1864621,AlPatch_1_0,16317.271448807,16317.36214173
21,0,2002169,1864621,AlPatch_1_0,16317.271448807,16317.36604772
21,0,2002224,1860180,AlPatch_1_0,5251.9749346156,5252.0606891329
21,0,2002223,1860180,AlPatch_1_0,5251.9749346156,5252.0782359865
21,0,2002848,1821030,AlPatch_1_0,14586.2162616,14586.303326204
21,0,2002847,1821030,AlPatch_1_0,14586.2162616,14586.30198624
21,0,2002862,1820278,AlPatch_2_1,1782.6626836343,1782.7508988056
21,0,2002861,1820278,AlPatch_2_1,1782.6626836343,1782.7551082372
21,0,2002866,1820246,AlPatch_1_0,13482.354755926,13482.441928026
21,0,2002865,1820246,AlPatch_1_0,13482.354755926,13482.443957968
21,0,2002898,1818686,AlPatch_0_1,10714.071392157,10714.159637646
21,0,2002897,1818686,AlPatch_0_1,10714.071392157,10714.165514864
21,0,2003210,1798436,AlPatch_1_0,4975.5255504939,4975.6238513353
21,0,2003209,1798436,AlPatch_1_0,4975.5255504939,4975.62323646
21,0,2003930,1756631,AlPatch_1_1,11395.93999133,11396.030526962
21,0,2003929,1756631,AlPatch_1_1,11395.93999133,11396.030133074
21,0,2003972,1755142,AlPatch_0_0,4661.7835941472,4661.8769175142
21,0,2003971,1755142,AlPatch_0_0,4661.7835941472,4661.8767581601
21,0,2003976,1754577,AlPatch_1_0,6196.9212564081,6197.0243417557
21,0,2003975,1754577,AlPatch_1_0,6196.9212564081,6197.0179487116
21,0,2004096,1748250,AlPatch_0_0,9143.0200143333,9143.1085662428
21,0,2004095,1748250,AlPatch_0_0,9143.0200143333,9143.1092881172
21,0,2004182,1742772,AlPatch_1_1,9331.0267359073,9331.114701387
21,0,2004181,1742772,AlPatch_1_1,9331.0267359073,9331.1289676999
21,0,2004210,1741107,AlPatch_2_1,11037.028400166,11037.122438584
21,0,2004209,1741107,AlPatch_2_1,11037.028400166,11037.126156655
21,0,2004392,1730702,AlPatch_0_0,4457.0597202542,4457.1501697217
21,0,2004391,1730702,AlPatch_0_0,4457.0597202542,4457.1580248587
21,0,2004496,1725170,AlPatch_2_0,15180.844357865,15180.941353913
21,0,2004495,1725170,AlPatch_2_0,15180.844357865,15180.940028224
21,0,2004670,1714708,AlPatch_0_0,14040.391314018,14040.49451359
21,0,2004669,1714708,AlPatch_0_0,14040.391314018,14040.49504668
21,0,2005094,1688255,AlPatch_2_1,5676.9142299018,5676.9999646633
21,0,2005093,1688255,AlPatch_2_1,5676.9142299018,5677.0171047687
21,0,2005158,1685531,AlPatch_0_0,3559.7811496014,3559.8810513394
21,0,2005157,1685531,AlPatch_0_0,3559.7811496014,3559.875178947
21,0,2005368,1672572,AlPatch_2_0,440.51530285834,440.61150754487
21,0,2005367,1672572,AlPatch_2_0,440.51530285834,440.60708162967
21,0,2005462,1667723,AlPatch_0_1,8093.2468168548,8093.3337096574
21,0,2005461,1667723,AlPatch_0_1,8093.2468168548,8093.3342141623
21,0,2005732,1652644,AlPatch_2_1,12493.533121369,12493.625652602
21,0,2005731,1652644,AlPatch_2_1,12493.533121369,12493.629978916
21,0,2005770,1650144,AlPatch_0_1,3537.1335741012,3537.2210694439
21,0,2005769,1650144,AlPatch_0_1,3537.1335741012,3537.2281315224
21,0,2005932,1639445,AlPatch_2_0,993.09811311688,993.19982210169
21,0,2005931,1639445,AlPatch_2_0,993.09811311688,993.18749894235
21,0,2006140,1628355,AlPatch_2_1,11711.985015211,11712.085200907
21,0,2006139,1628355,AlPatch_2_1,11711.985015211,11712.074546561
21,0,2006208,1625213,AlPatch_2_0,3602.8710982046,3602.9593777123
21,0,2006207,1625213,AlPatch_2_0,3602.8710982046,3602.9695859471
21,0,2006232,1623816,AlPatch_1_1,3183.2810445049,3183.3720824666
21,0,2006231,1623816,AlPatch_1_1,3183.2810445049,3183.3683673846
21,0,2006260,1622013,AlPatch_2_1,13178.621054219,13178.707362001
21,0,2006259,1622013,AlPatch_2_1,13178.621054219,13178.708707803
21,0,2006272,1620895,AlPatch_2_0,6841.895823202,6841.9910347502
21,0,2006271,1620895,AlPatch_2_0,6841.895823202,6841.9881521999
21,0,2006274,1620827,AlPatch_2_0,255.53011346976,255.62505503492
21,0,2006273,1620827,AlPatch_2_0,255.53011346976,255.62710894026
21,0,2006306,1618981,AlPatch_0_1,18851.162182054,18851.24967745
21,0,2006305,1618981,AlPatch_0_1,18851.162182054,18851.259258232
21,0,2006816,1586788,AlPatch_2_1,4077.3751274598,4077.4741608812
21,0,2006815,1586788,AlPatch_2_1,4077.3751274598,4077.4769585132
21,0,2006968,1577317,AlPatch_2_0,3747.0821292407,3747.1866029832
21,0,2006967,1577317,AlPatch_2_0,3747.0821292407,3747.1676740871
21,0,2007404,1550480,AlPatch_2_0,22827.427720456,22827.520258333
21,0,2007403,1550480,AlPatch_2_0,22827.427720456,22827.523867854
21,0,2007470,1546014,AlPatch_1_0,3321.2251364551,3321.3114245922
21,0,2007469,1546014,AlPatch_1_0,3321.2251364551,3321.3213598778
21,0,2007776,1527956,AlPatch_0_1,12057.630363855,12057.721721993
21,0,2007775,1527956,AlPatch_0_1,12057.630363855,12057.728720332
21,0,2007802,1526210,AlPatch_1_0,6322.9036499113,6322.9958072288
21,0,2007801,1526210,AlPatch_1_0,6322.9036499113,6322.9913139564
21,0,2008084,1508560,AlPatch_1_0,818.06688598818,818.15751137818
21,0,2008083,1508560,AlPatch_1_0,818.06688598818,818.16553234356
21,0,2008208,1501092,AlPatch_2_0,1247.6429138804,1247.7449963917
21,0,2008207,1501092,AlPatch_2_0,1247.6429138804,1247.7305570272
21,0,2008228,1499657,AlPatch_0_1,12806.775926584,12806.867648463
21,0,2008227,1499657,AlPatch_0_1,12806.775926584,12806.867689499
21,0,2008290,1495868,AlPatch_1_1,15570.791524837,15570.89184355
21,0,2008289,1495868,AlPatch_1_1,15570.791524837,15570.893743306
21,0,2008330,1494202,AlPatch_1_1,2076.098614369,2076.1850167779
21,0,2008329,1494202,AlPatch_1_1,2076.098614369,2076.2030764763
21,0,2008348,1493176,AlPatch_2_1,11378.107127207,11378.198077402
21,0,2008347,1493176,AlPatch_2_1,11378.107127207,11378.199438898
21,0,2008420,1488044,AlPatch_2_0,5683.5470592485,5683.641569177
21,0,2008419,1488044,AlPatch_2_0,5683.5470592485,5683.6393085767
21,0,2008574,1479497,AlPatch_2_0,1126.3619543926,1126.4619313105
21,0,2008573,1479497,AlPatch_2_0,1126.3619543926,1126.4472611684
21,0,2008604,1477639,AlPatch_0_1,6581.2418585587,6581.3331765365
21,0,2008603,1477639,AlPatch_0_1,6581.2418585587,6581.341115163
21,0,2008770,1467722,AlPatch_0_1,8057.1391332,8057.2370320499
21,0,2008769,1467722,AlPatch_0_1,8057.1391332,8057.2306470284
21,0,2008838,1463941,AlPatch_1_1,3246.0060850986,3246.1006430717
21,0,2008837,1463941,AlPatch_1_1,3246.0060850986,3246.1001053786
21,0,2009232,1436183,AlPatch_0_0,2268.3343676603,2268.4317948589
21,0,2009231,1436183,AlPatch_0_0,2268.3343676603,2268.4313967584
21,0,2009328,1430486,AlPatch_2_1,6342.6328431623,6342.7266566666
21,0,2009327,1430486,AlPatch_2_1,6342.6328431623,6342.7338044937
21,0,2010124,1386866,AlPatch_1_1,14443.933794478,14444.023504156
21,0,2010123,1386866,AlPatch_1_1,14443.933794478,14444.031670923
21,0,2010206,1382331,AlPatch_1_0,17989.948334046,17990.035784447
21,0,2010205,1382331,AlPatch_1_0,17989.948334046,17990.047192255
21,0,2010476,1365157,AlPatch_2_0,6382.9580330477,6383.0458699088
21,0,2010475,1365157,AlPatch_2_0,6382.9580330477,6383.0460958222
21,0,2010740,1349439,AlPatch_2_0,526.19153579594,526.27730298964
21,0,2010739,1349439,AlPatch_2_0,526.19153579594,526.29003730802
21,0,2010890,1340363,AlPatch_2_0,4715.6678201709,4715.7604058128
21,0,2010889,1340363,AlPatch_2_0,4715.6678201709,4715.7649726851
21,0,2011016,1332310,AlPatch_2_1,12252.341869942,12252.44144041
21,0,2011015,1332310,AlPatch_2_1,12252.341869942,12252.429587299
21,0,2011448,1309382,AlPatch_1_0,13768.366386818,13768.459686462
21,0,2011447,1309382,AlPatch_1_0,13768.366386818,13768.462142596
21,0,2011454,1309072,AlPatch_1_0,14437.927754661,14438.027640273
21,0,2011453,1309072,AlPatch_1_0,14437.927754661,14438.027614498
21,0,2011890,1280297,AlPatch_1_1,13583.841910146,13583.92943458
21,0,2011889,1280297,AlPatch_1_1,13583.841910146,13583.933070214
21,0,2012366,1250812,AlPatch_2_0,2377.7315125011,2377.8282091484
21,0,2012365,1250812,AlPatch_2_0,2377.7315125011,2377.8282616874
21,0,2012394,1249632,AlPatch_2_0,689.69726947518,689.78294209816
21,0,2012393,1249632,AlPatch_2_0,689.69726947518,689.78266139579
21,0,2012536,1240742,AlPatch_1_1,3081.042275994,3081.1344681176
21,0,2012535,1240742,AlPatch_1_1,3081.042275994,3081.1399669582
21,0,2012736,1229232,AlPatch_2_1,17017.556785533,17017.656083203
21,0,2012735,1229232,AlPatch_2_1,17017.556785533,17017.653229214
21,0,2012870,1222288,AlPatch_2_0,8508.9874262771,8509.0771581764
21,0,2012869,1222288,AlPatch_2_0,8508.9874262771,8509.0812186895
21,0,2013184,1204985,AlPatch_1_0,6253.7427658661,6253.840861715
21,0,2013183,1204985,AlPatch_1_0,6253.7427658661,6253.8332040849
21,0,2013564,1182370,AlPatch_1_0,4550.4290401827,4550.5219452458
21,0,2013563,1182370,AlPatch_1_0,4550.4290401827,4550.5234798982
21,0,2013668,1175995,AlPatch_1_1,14391.640300168,14391.729126527
21,0,2013667,1175995,AlPatch_1_1,14391.640300168,14391.731918074
21,0,2013702,1173965,AlPatch_1_1,8535.4902809282,8535.5798648614
21,0,2013701,1173965,AlPatch_1_1,8535.4902809283,8535.5917510669
21,0,2013946,1158625,AlPatch_2_0,10059.49445453,10059.589387133
21,0,2013945,1158625,AlPatch_2_0,10059.49445453,10059.591351418
21,0,2013960,1158370,AlPatch_0_1,10406.670840558,10406.762189606
21,0,2013959,1158370,AlPatch_0_1,10406.670840558,10406.75895027
21,0,2014392,1132239,AlPatch_2_0,1849.3578436981,1849.4569258726
21,0,2014391,1132239,AlPatch_2_0,1849.3578436981,1849.453368421
21,0,2014400,1131542,AlPatch_2_1,3232.6508391288,3232.7397661779
21,0,2014399,1131542,AlPatch_2_1,3232.6508391288,3232.7399655939
21,0,2014612,1117752,AlPatch_1_1,7993.9112712348,7994.0086373431
21,0,2014611,1117752,AlPatch_1_1,7993.9112712348,7994.0047429157
21,0,2014834,1105669,AlPatch_1_0,3744.977394581,3745.0667401148
21,0,2014833,1105669,AlPatch_1_0,3744.977394581,3745.0763213804
21,0,2015006,1096038,AlPatch_0_1,10659.70492458,10659.792004554
21,0,2015005,1096038,AlPatch_0_1,10659.70492458,10659.795865752
21,0,2015188,1086004,AlPatch_0_1,2545.8618414087,2545.9665632392
21,0,2015187,1086004,AlPatch_0_1,2545.8618414087,2545.9497852411
21,0,2015436,1070836,AlPatch_2_1,9244.4416156932,9244.532129903
21,0,2015435,1070836,AlPatch_2_1,9244.4416156932,9244.529295565
21,0,2015492,1066859,AlPatch_0_0,11073.602920596,11073.695617887
21,0,2015491,1066859,AlPatch_0_0,11073.602920596,11073.688692339
21,0,2015644,1058387,AlPatch_0_1,17247.86220228,17247.958632318
21,0,2015643,1058387,AlPatch_0_1,17247.86220228,17247.953872211
21,0,2015708,1053617,AlPatch_2_0,13050.653106502,13050.74270614
21,0,2015707,1053617,AlPatch_2_0,13050.653106502,13050.748451513
21,0,2015964,1036834,AlPatch_0_0,7580.3620017872,7580.4585429304
21,0,2015963,1036834,AlPatch_0_0,7580.3620017872,7580.4606517671
21,0,2016274,1018854,AlPatch_2_1,3586.4766449259,3586.5631628128
21,0,2016273,1018854,AlPatch_2_1,3586.4766449259,3586.5677356114
21,0,2016732,990882,AlPatch_1_1,14633.072606694,14633.1623435
21,0,2016731,990882,AlPatch_1_1,14633.072606694,14633.167667647
21,0,2016814,987318,AlPatch_0_0,5359.7498526756,5359.840401641
21,0,2016813,987318,AlPatch_0_0,5359.7498526756,5359.8391127729
21,0,2016892,983432,AlPatch_2_0,1269.5260200992,1269.6121792155
21,0,2016891,983432,AlPatch_2_0,1269.5260200992,1269.6277562511
21,0,2017068,972985,AlPatch_2_1,12855.32465631,12855.424086646
21,0,2017067,972985,AlPatch_2_1,12855.32465631,12855.411865633
21,0,2017356,953903,AlPatch_1_1,2295.5761856955,2295.6735262095
21,0,2017355,953903,AlPatch_1_1,2295.5761856955,2295.6697869172
21,0,2017444,948678,AlPatch_0_0,8446.6450584462,8446.7357338088
21,0,2017443,948678,AlPatch_0_0,8446.6450584462,8446.7362510521
21,0,2017446,948599,AlPatch_2_0,5442.0370985677,5442.1234793973
21,0,2017445,948599,AlPatch_2_0,5442.0370985677,5442.130366379
21,0,2017516,942928,AlPatch_2_0,8539.6332613663,8539.7332032373
21,0,2017515,942928,AlPatch_2_0,8539.6332613663,8539.7209184744
21,0,2017950,918746,AlPatch_2_1,516.2469840067,516.33438272556
21,0,2017949,918746,AlPatch_2_1,516.2469840067,516.3355060814
21,0,2018060,912449,AlPatch_0_0,2093.5875810538,2093.680380343
21,0,2018059,912449,AlPatch_0_0,2093.5875810538,2093.6883565883
21,0,2018370,894407,AlPatch_2_0,5950.8511309908,5950.9365288418
21,0,2018369,894407,AlPatch_2_0,5950.8511309908,5950.936650825
21,0,2019056,855332,AlPatch_2_1,9904.8487920563,9904.9374967314
21,0,2019055,855332,AlPatch_2_1,9904.8487920563,9904.94814359
21,0,2019452,832736,AlPatch_0_0,8672.6843727214,8672.7863117963
21,0,2019451,832736,AlPatch_0_0,8672.6843727214,8672.7746991602
21,0,2020172,790562,AlPatch_0_0,13956.083171719,13956.180028545
21,0,2020171,790562,AlPatch_0_0,13956.083171719,13956.1752455
21,0,2021130,731283,AlPatch_0_0,6058.1389347141,6058.2288477737
21,0,2021129,731283,AlPatch_0_0,6058.1389347141,6058.240026321
21,0,2021328,721799,AlPatch_0_1,11863.300997435,11863.398129633
21,0,2021327,721799,AlPatch_0_1,11863.300997435,11863.396753712
21,0,2021390,717789,AlPatch_2_1,2494.7403674107,2494.8311525915
21,0,2021389,717789,AlPatch_2_1,2494.7403674107,2494.8266345984
21,0,2021600,702271,AlPatch_1_1,17996.375335033,17996.460891231
21,0,2021599,702271,AlPatch_1_1,17996.375335033,17996.481223825
21,0,2021682,698093,AlPatch_2_0,1035.9983919065,1036.094381385
21,0,2021681,698093,AlPatch_2_0,1035.9983919065,1036.0914589001
21,0,2021988,680557,AlPatch_0_0,6531.743374971,6531.8416490706
21,0,2021987,680557,AlPatch_0_0,6531.743374971,6531.8338985048
21,0,2022044,677210,AlPatch_2_0,261.97964773766,262.07156273719
21,0,2022043,677210,AlPatch_2_0,261.97964773766,262.07752134266
21,0,2022114,673214,AlPatch_2_0,1154.3874045596,1154.4757672295
21,0,2022113,673214,AlPatch_2_0,1154.3874045596,1154.4754202563
21,0,2022338,658420,AlPatch_2_0,5743.1788709565,5743.2758103567
21,0,2022337,658420,AlPatch_2_0,5743.1788709565,5743.2729930126
21,0,2022666,637510,AlPatch_2_0,883.08190139377,883.17598736816
21,0,2022665,637510,AlPatch_2_0,883.08190139377,883.17393556617
21,0,2022744,632475,AlPatch_0_1,11685.126649677,11685.226460631
21,0,2022743,632475,AlPatch_0_1,11685.126649677,11685.226007741
21,0,2022872,623595,AlPatch_0_0,10017.13609745,10017.234578239
21,0,2022871,623595,AlPatch_0_0,10017.13609745,10017.237143784
21,0,2022916,620215,AlPatch_0_0,20558.717196358,20558.806199262
21,0,2022915,620215,AlPatch_0_0,20558.717196358,20558.816401991
21,0,2023120,607747,AlPatch_2_1,15505.834802079,15505.923696823
21,0,2023119,607747,AlPatch_2_1,15505.834802079,15505.923573961
21,0,2023544,583934,AlPatch_1_0,7606.5412943776,7606.6271983645
21,0,2023543,583934,AlPatch_1_0,7606.5412943776,7606.6453806585
21,0,2023682,576081,AlPatch_2_0,2893.2711130059,2893.3712104016
21,0,2023681,576081,AlPatch_2_0,2893.2711130059,2893.3590670954
21,0,2023822,567777,AlPatch_2_1,7912.0612594555,7912.1511909147
21,0,2023821,567777,AlPatch_2_1,7912.0612594555,7912.1512530823
21,0,2023910,561509,AlPatch_1_0,14775.617747969,14775.706292251
21,0,2023909,561509,AlPatch_1_0,14775.617747969,14775.71487297
21,0,2024044,553403,AlPatch_1_1,8240.248948211,8240.3342196735
21,0,2024043,553403,AlPatch_1_1,8240.248948211,8240.356352651
21,0,2024062,552461,AlPatch_2_1,13125.863281421,13125.956112847
21,0,2024061,552461,AlPatch_2_1,13125.863281421,13125.951661885
21,0,2024490,527049,AlPatch_1_0,19804.412745562,19804.50884911
21,0,2024489,527049,AlPatch_1_0,19804.412745562,19804.505991199
21,0,2024620,519101,AlPatch_1_0,13125.083993707,13125.175373147
21,0,2024619,519101,AlPatch_1_0,13125.083993707,13125.174200509
21,0,2024894,502850,AlPatch_0_0,14971.325011587,14971.426570865
21,0,2024893,502850,AlPatch_0_0,14971.325011587,14971.419084616
21,0,2025220,482317,AlPatch_1_0,3395.8894416828,3395.9882208888
21,0,2025219,482317,AlPatch_1_0,3395.8894416828,3395.9812487716
21,0,2025268,478604,AlPatch_0_0,10202.092617122,10202.17931407
21,0,2025267,478604,AlPatch_0_0,10202.092617122,10202.179527762
21,0,2025442,468737,AlPatch_1_0,4242.2013605946,4242.2968575633
21,0,2025441,468737,AlPatch_1_0,4242.2013605946,4242.3036635045
21,0,2025568,460288,AlPatch_0_0,7341.0169804652,7341.104681104
21,0,2025567,460288,AlPatch_0_0,7341.0169804652,7341.1178626952
21,0,2026022,433686,AlPatch_2_1,2210.0546997316,2210.1399330842
21,0,2026021,433686,AlPatch_2_1,2210.0546997316,2210.1402442349
21,0,2026150,425850,AlPatch_2_0,436.06170731545,436.15031764307
21,0,2026149,425850,AlPatch_2_0,436.06170731545,436.15068260926
21,0,2026348,412975,AlPatch_2_1,1914.8967125524,1914.9965228668
21,0,2026347,412975,AlPatch_2_1,1914.8967125524,1914.9823017734
21,0,2026648,394716,AlPatch_1_0,13399.245831573,13399.331386036
21,0,2026647,394716,AlPatch_1_0,13399.245831573,13399.33350156
21,0,2026844,382489,AlPatch_1_0,1139.1460240694,1139.2319702508
21,0,2026843,382489,AlPatch_1_0,1139.1460240694,1139.2317628093
21,0,2026848,382080,AlPatch_0_1,5843.7777838734,5843.8758417712
21,0,2026847,382080,AlPatch_0_1,5843.7777838734,5843.8723321431
21,0,2027144,363873,AlPatch_2_1,7467.0062497894,7467.0945973178
21,0,2027143,363873,AlPatch_2_1,7467.0062497894,7467.1062439839
21,0,2027216,359718,AlPatch_1_0,4304.5776731566,4304.6648107041
21,0,2027215,359718,AlPatch_1_0,4304.5776731566,4304.6644350527
21,0,2027390,348117,AlPatch_0_0,14770.650504882,14770.753500056
21,0,2027389,348117,AlPatch_0_0,14770.650504882,14770.745205636
21,0,2027634,331676,AlPatch_1_0,563.16505071961,563.25746074072
21,0,2027633,331676,AlPatch_1_0,563.16505071961,563.26257008998
21,0,2028032,309583,AlPatch_2_0,405.25978413788,405.34874523988
21,0,2028031,309583,AlPatch_2_0,405.25978413788,405.34691682236
21,0,2028396,288868,AlPatch_2_1,3464.193114595,3464.2873495142
21,0,2028395,288868,AlPatch_2_1,3464.193114595,3464.2937661932
21,0,2029084,247116,AlPatch_2_1,6833.1339799375,6833.2291743652
21,0,2029083,247116,AlPatch_2_1,6833.1339799375,6833.2314357546
21,0,2029212,240265,AlPatch_0_1,20959.374485411,20959.462567674
21,0,2029211,240265,AlPatch_0_1,20959.374485411,20959.462327071
21,0,2029310,233756,AlPatch_2_1,13572.507382456,13572.597697475
21,0,2029309,233756,AlPatch_2_1,13572.507382456,13572.604488549
21,0,2029366,230560,AlPatch_0_0,11659.732894286,11659.833643885
21,0,2029365,230560,AlPatch_0_0,11659.732894286,11659.839208156
21,0,2029744,207579,AlPatch_2_0,1117.9346467567,1118.02219937
21,0,2029743,207579,AlPatch_2_0,1117.9346467567,1118.0236714965
21,0,2030030,190913,AlPatch_0_0,16427.977087181,16428.073475613
21,0,2030029,190913,AlPatch_0_0,16427.977087181,16428.066292171
21,0,2030062,189221,AlPatch_2_0,257.7432497593,257.83482758154
21,0,2030061,189221,AlPatch_2_0,257.7432497593,257.84316603536
21,0,2030208,180993,AlPatch_0_0,9187.9771396406,9188.0680295441
21,0,2030207,180993,AlPatch_0_0,9187.9771396406,9188.075340062
21,0,2030340,173365,AlPatch_2_0,1054.2552776284,1054.3410836379
21,0,2030339,173365,AlPatch_2_0,1054.2552776284,1054.3574245319
21,0,2030366,171655,AlPatch_2_0,6411.7170093264,6411.8025427102
21,0,2030365,171655,AlPatch_2_0,6411.7170093264,6411.8078994554
21,0,2030412,169142,AlPatch_1_0,19386.808030405,19386.89926119
21,0,2030411,169142,AlPatch_1_0,19386.808030405,19386.898902671
21,0,2030930,137594,AlPatch_2_1,7825.7828524313,7825.8794060512
21,0,2030929,137594,AlPatch_2_1,7825.7828524313,7825.8750688769
21,0,2031402,112816,AlPatch_2_1,3996.8664716709,3996.9701304733
21,0,2031401,112816,AlPatch_2_1,3996.8664716709,3996.9523752787
21,0,2031514,107245,AlPatch_0_1,23475.918507639,23476.016160741
21,0,2031513,107245,AlPatch_0_1,23475.918507639,23476.015874269
21,0,2031532,106199,AlPatch_0_0,11943.727141834,11943.825370613
21,0,2031531,106199,AlPatch_0_0,11943.727141834,11943.820784227
21,0,2031686,97643,AlPatch_2_0,262.38182573707,262.47213624019
21,0,2031685,97643,AlPatch_2_0,262.38182573707,262.47948336869
21,0,2031812,90588,AlPatch_2_0,2337.8585408916,2337.9464076816
21,0,2031811,90588,AlPatch_2_0,2337.8585408916,2337.9488509845
21,0,2031882,85881,AlPatch_1_0,15400.431273834,15400.519652756
21,0,2031881,85881,AlPatch_1_0,15400.431273834,15400.533159933
21,0,2031958,79997,AlPatch_2_0,5152.1591419536,5152.2590864806
21,0,2031957,79997,AlPatch_2_0,5152.1591419536,5152.2490713645
21,0,2032126,69631,AlPatch_0_1,16424.659757647,16424.755752972
21,0,2032125,69631,AlPatch_0_1,16424.659757647,16424.750691216
21,0,2032290,58902,AlPatch_2_0,4328.9236426683,4329.0127605266
21,0,2032289,58902,AlPatch_2_0,4328.9236426683,4329.0109106722
21,0,2032322,57360,AlPatch_1_1,10648.027990801,10648.114131839
21,0,2032321,57360,AlPatch_1_1,10648.027990801,10648.113773826
21,0,2032360,54792,AlPatch_2_0,426.14087516616,426.23687544742
21,0,2032359,54792,AlPatch_2_0,426.14087516616,426.23482517224
21,0,2032440,49890,AlPatch_1_0,17298.004036607,17298.095547031
21,0,2032439,49890,AlPatch_1_0,17298.004036607,17298.098843779
21,0,2032556,43826,AlPatch_0_1,8039.2066022743,8039.3019304247
21,0,2032555,43826,AlPatch_0_1,8039.2066022743,8039.3077887131
21,0,2032914,22261,AlPatch_1_0,5141.1955127463,5141.2898410177
21,0,2032913,22261,AlPatch_1_0,5141.1955127463,5141.2911594136
21,0,2032956,19641,AlPatch_1_1,668.44922610836,668.53913020176
21,0,2032955,19641,AlPatch_1_1,668.44922610836,668.54056377551
21,0,2033070,12414,AlPatch_2_1,2176.0916702355,2176.1791951939
21,0,2033069,12414,AlPatch_2_1,2176.0916702355,2176.1923380958
22,0,2000022,1998539,AlPatch_2_0,14547.265050055,14547.357476695
22,0,2000021,1998539,AlPatch_2_0,14547.265050055,14547.361658995
22,0,2000510,1968983,AlPatch_0_0,4595.8518505473,4595.9493445313
22,0,2000509,1968983,AlPatch_0_0,4595.8518505473,4595.9406103781
22,0,2000656,1961174,AlPatch_0_1,6907.9351122367,6908.0268635201
22,0,2000655,1961174,AlPatch_0_1,6907.9351122367,6908.0308450192
22,0,2000690,1958449,AlPatch_1_0,1417.4852952121,1417.571686756
22,0,2000689,1958449,AlPatch_1_0,1417.4852952121,1417.5882232652
22,0,2000992,1939461,AlPatch_2_0,344.30475606818,344.40123339292
22,0,2000991,1939461,AlPatch_2_0,344.30475606818,344.40445323914
22,0,2001550,1903722,AlPatch_2_0,292.39342067114,292.48918204363
22,0,2001549,1903722,AlPatch_2_0,292.39342067114,292.48338669367
22,0,2001644,1897267,AlPatch_0_0,4514.812737843,4514.9021026824
22,0,2001643,1897267,AlPatch_0_0,4514.812737843,4514.9089118944
22,0,2002042,1872672,AlPatch_2_0,7107.0926390071,7107.187014299
22,0,2002041,1872672,AlPatch_2_0,7107.092639007,7107.1868028568
22,0,2002404,1852784,AlPatch_2_1,22739.563024903,22739.649335669
22,0,2002403,1852784,AlPatch_2_1,22739.563024903,22739.649369412
22,0,2002776,1830629,AlPatch_0_0,1516.5425670164,1516.630104869
22,0,2002775,1830629,AlPatch_0_0,1516.5425670164,1516.6329811611
22,0,2002832,1827596,AlPatch_1_1,9235.4974483365,9235.5903432603
22,0,2002831,1827596,AlPatch_1_1,9235.4974483365,9235.5871284492
22,0,2003100,1810744,AlPatch_2_1,4347.2477180544,4347.3430137433
22,0,2003099,1810744,AlPatch_2_1,4347.2477180543,4347.3470421077
22,0,2003128,1809314,AlPatch_2_0,8631.7974623597,8631.8906061793
22,0,2003127,1809314,AlPatch_2_0,8631.7974623597,8631.8967347799
22,0,2003140,1807942,AlPatch_2_0,425.83525783913,425.93390225123
22,0,2003139,1807942,AlPatch_2_0,425.83525783913,425.92602392267
22,0,2003224,1802459,AlPatch_1_0,10586.589131498,10586.691122748
22,0,2003223,1802459,AlPatch_1_0,10586.589131498,10586.6840697
22,0,2003228,1802349,AlPatch_2_0,10990.608728836,10990.710790689
22,0,2003227,1802349,AlPatch_2_0,10990.608728836,10990.701231384
22,0,2003242,1801572,AlPatch_0_0,5234.6772541769,5234.7647046271
22,0,2003241,1801572,AlPatch_0_0,5234.6772541769,5234.777704845
22,0,2003366,1795644,AlPatch_2_0,10918.669369683,10918.763927727
22,0,2003365,1795644,AlPatch_2_0,10918.669369683,10918.764347616
22,0,2003398,1794579,AlPatch_0_0,10326.348799335,10326.440792873
22,0,2003397,1794579,AlPatch_0_0,10326.348799335,10326.437539732
22,0,2003450,1791355,AlPatch_0_0,21719.160793218,21719.262616141
22,0,2003449,1791355,AlPatch_0_0,21719.160793218,21719.258248224
22,0,2003580,1782856,AlPatch_0_1,18142.372444281,18142.462380863
22,0,2003579,1782856,AlPatch_0_1,18142.372444281,18142.46163928
22,0,2003968,1761291,AlPatch_2_1,1518.3541476558,1518.4407797893
22,0,2003967,1761291,AlPatch_2_1,1518.3541476558,1518.4408646935
22,0,2004322,1738062,AlPatch_0_1,3836.6999244969,3836.7871567372
22,0,2004321,1738062,AlPatch_0_1,3836.6999244969,3836.7874121111
22,0,2004344,1737013,AlPatch_2_0,16173.077591481,16173.170294195
22,0,2004343,1737013,AlPatch_2_0,16173.077591481,16173.173249527
22,0,2004370,1735034,AlPatch_2_0,1223.1562048854,1223.2505831366
22,0,2004369,1735034,AlPatch_2_0,1223.1562048854,1223.2491957233
22,0,2004486,1729427,AlPatch_0_1,21741.41272209,21741.504723211
22,0,2004485,1729427,AlPatch_0_1,21741.41272209,21741.511896212
22,0,2004528,1726966,AlPatch_2_0,15327.821830687,15327.916457452
22,0,2004527,1726966,AlPatch_2_0,15327.821830687,15327.913530389
22,0,2004636,1721362,AlPatch_0_0,7157.6853100664,7157.7742684689
22,0,2004635,1721362,AlPatch_0_0,7157.6853100664,7157.778499137
22,0,2004950,1702145,AlPatch_2_1,10365.94793774,10366.046943898
22,0,2004949,1702145,AlPatch_2_1,10365.94793774,10366.040401467
22,0,2005008,1698553,AlPatch_2_1,6708.5280927555,6708.6197502439
22,0,2005007,1698553,AlPatch_2_1,6708.5280927555,6708.6162440198
22,0,2005338,1679842,AlPatch_0_1,14400.005503849,14400.099908689
22,0,2005337,1679842,AlPatch_0_1,14400.005503849,14400.100863111
22,0,2005504,1669853,AlPatch_2_1,7231.3538923737,7231.4572967304
22,0,2005503,1669853,AlPatch_2_1,7231.3538923737,7231.4401468458
22,0,2005510,1669571,AlPatch_2_1,17671.01629161,17671.10414376
22,0,2005509,1669571,AlPatch_2_1,17671.01629161,17671.112692747
22,0,2005514,1669372,AlPatch_0_1,8946.3073217175,8946.3928241045
22,0,2005513,1669372,AlPatch_0_1,8946.3073217175,8946.3928084876
22,0,2005840,1652764,AlPatch_1_0,5234.4682896086,5234.5619013511
22,0,2005839,1652764,AlPatch_1_0,5234.4682896086,5234.562818426
22,0,2006278,1627571,AlPatch_2_0,261.77484253393,261.86355496777
22,0,2006277,1627571,AlPatch_2_0,261.77484253393,261.86374864232
22,0,2006494,1615501,AlPatch_0_0,16526.909245648,16527.008034395
22,0,2006493,1615501,AlPatch_0_0,16526.909245648,16526.995397786
22,0,2006510,1614896,AlPatch_1_0,9517.8205584779,9517.9195042534
22,0,2006509,1614896,AlPatch_1_0,9517.8205584779,9517.9202960252
22,0,2006516,1614675,AlPatch_2_1,3535.1554570539,3535.2485351679
22,0,2006515,1614675,AlPatch_2_1,3535.1554570539,3535.2502498374
22,0,2006600,1609855,AlPatch_2_1,2999.438718416,2999.5275245848
22,0,2006599,1609855,AlPatch_2_1,2999.438718416,2999.529826
22,0,2006604,1609494,AlPatch_2_0,6763.430836687,6763.5239702629
22,0,2006603,1609494,AlPatch_2_0,6763.430836687,6763.5192976091
22,0,2006968,1583916,AlPatch_0_0,9458.1598687585,9458.2519934975
22,0,2006967,1583916,AlPatch_0_0,9458.1598687585,9458.2616374956
22,0,2007020,1580621,AlPatch_1_0,4189.5422334556,4189.6369919
22,0,2007019,1580621,AlPatch_1_0,4189.5422334556,4189.63694051
22,0,2007184,1570882,AlPatch_2_0,8820.5005477427,8820.5926177335
22,0,2007183,1570882,AlPatch_2_0,8820.5005477427,8820.5967520044
22,0,2007210,1569302,AlPatch_0_1,11954.085822237,11954.183598414
22,0,2007209,1569302,AlPatch_0_1,11954.085822237,11954.172412356
22,0,2007304,1563672,AlPatch_1_0,15326.323944388,15326.426103907
22,0,2007303,1563672,AlPatch_1_0,15326.323944388,15326.409761747
22,0,2007976,1525363,AlPatch_0_0,2053.1532289099,2053.2481038932
22,0,2007975,1525363,AlPatch_0_0,2053.1532289099,2053.2441821275
22,0,2008120,1515048,AlPatch_2_0,6798.6342870266,6798.7294758654
22,0,2008119,1515048,AlPatch_2_0,6798.6342870266,6798.7213303985
22,0,2008286,1505054,AlPatch_2_1,6102.4545505026,6102.553321586
22,0,2008285,1505054,AlPatch_2_1,6102.4545505026,6102.5455922196
22,0,2008306,1503734,AlPatch_2_1,2083.8090426586,2083.8951296019
22,0,2008305,1503734,AlPatch_2_1,2083.8090426586,2083.8964434154
22,0,2008316,1503651,AlPatch_1_1,10331.597967234,10331.690371077
22,0,2008315,1503651,AlPatch_1_1,10331.597967234,10331.693355016
22,0,2009138,1453024,AlPatch_0_0,2707.0026893758,2707.0974051284
22,0,2009137,1453024,AlPatch_0_0,2707.0026893758,2707.1014538913
22,0,2009206,1449640,AlPatch_1_1,2771.6543647797,2771.7413175636
22,0,2009205,1449640,AlPatch_1_1,2771.6543647797,2771.7416286425
22,0,2009262,1446622,AlPatch_0_0,15223.152723645,15223.245499906
22,0,2009261,1446622,AlPatch_0_0,15223.152723645,15223.249299559
22,0,2009994,1401348,AlPatch_0_0,14676.741994464,14676.831350583
22,0,2009993,1401348,AlPatch_0_0,14676.741994464,14676.829175871
22,0,2010050,1398621,AlPatch_0_1,11175.613064008,11175.703483865
22,0,2010049,1398621,AlPatch_0_1,11175.613064008,11175.704425926
22,0,2010186,1391037,AlPatch_0_1,8764.1316935002,8764.2183942099
22,0,2010185,1391037,AlPatch_0_1,8764.1316935002,8764.2369579133
22,0,2010380,1378297,AlPatch_2_0,9202.5314158463,9202.6206943181
22,0,2010379,1378297,AlPatch_2_0,9202.5314158463,9202.6323866394
22,0,2010394,1377225,AlPatch_1_1,2934.8605294435,2934.9479639462
22,0,2010393,1377225,AlPatch_1_1,2934.8605294435,2934.9559283208
22,0,2010492,1372206,AlPatch_1_0,3198.6323755869,3198.731199498
22,0,2010491,1372206,AlPatch_1_0,3198.6323755868,3198.7213885089
22,0,2010592,1364582,AlPatch_1_1,2127.1434309736,2127.2419183377
22,0,2010591,1364582,AlPatch_1_1,2127.1434309736,2127.2363225888
22,0,2011222,1327987,AlPatch_0_0,7198.8880382846,7198.97335732
22,0,2011221,1327987,AlPatch_0_0,7198.8880382846,7198.9904712009
22,0,2011482,1311782,AlPatch_0_0,6697.0970009809,6697.1884189309
22,0,2011481,1311782,AlPatch_0_0,6697.0970009809,6697.190785785
22,0,2011546,1308190,AlPatch_0_1,2380.8748857989,2380.968035555
22,0,2011545,1308190,AlPatch_0_1,2380.8748857989,2380.9741304933
22,0,2011622,1304862,AlPatch_2_1,1208.1560542646,1208.2576736537
22,0,2011621,1304862,AlPatch_2_1,1208.1560542646,1208.2450625917
22,0,2011940,1285829,AlPatch_1_0,1241.0055974811,1241.0930370968
22,0,2011939,1285829,AlPatch_1_0,1241.0055974811,1241.1033113938
22,0,2012040,1280069,AlPatch_2_1,11282.984083185,11283.074369021
22,0,2012039,1280069,AlPatch_2_1,11282.984083185,11283.074150546
22,0,2012602,1247827,AlPatch_0_1,15582.389898458,15582.476569625
22,0,2012601,1247827,AlPatch_0_1,15582.389898458,15582.483843823
22,0,2012608,1247444,AlPatch_2_0,12280.121715907,12280.223750738
22,0,2012607,1247444,AlPatch_2_0,12280.121715907,12280.223609215
22,0,2012728,1240650,AlPatch_2_0,241.24800716228,241.33447597004
22,0,2012727,1240650,AlPatch_2_0,241.24800716228,241.34765164906
22,0,2012754,1238835,AlPatch_2_0,3333.4858481711,3333.5750395889
22,0,2012753,1238835,AlPatch_2_0,3333.4858481711,3333.5775427047
22,0,2013092,1218869,AlPatch_2_0,11129.678205398,11129.764004057
22,0,2013091,1218869,AlPatch_2_0,11129.678205398,11129.780730728
22,0,2013180,1213350,AlPatch_1_0,12540.107995651,12540.206239385
22,0,2013179,1213350,AlPatch_1_0,12540.107995651,12540.206062974
22,0,2013194,1212583,AlPatch_1_0,15231.217021125,15231.304390413
22,0,2013193,1212583,AlPatch_1_0,15231.217021125,15231.303149869
22,0,2013376,1200418,AlPatch_1_1,18681.905612422,18681.999708692
22,0,2013375,1200418,AlPatch_1_1,18681.905612422,18682.004226795
22,0,2013386,1200071,AlPatch_2_0,254.14098992585,254.23664188241
22,0,2013385,1200071,AlPatch_2_0,254.14098992585,254.23843277314
22,0,2013440,1197234,AlPatch_1_1,1386.2286852471,1386.3309754659
22,0,2013439,1197234,AlPatch_1_1,1386.2286852471,1386.3314174267
22,0,2013458,1196234,AlPatch_0_0,17386.652201828,17386.747802241
22,0,2013457,1196234,AlPatch_0_0,17386.652201828,17386.750279574
22,0,2013578,1188207,AlPatch_2_1,13731.90361612,13731.993273495
22,0,2013577,1188207,AlPatch_2_1,13731.90361612,13732.003651059
22,0,2013774,1178348,AlPatch_1_0,13705.173683288,13705.270200694
22,0,2013773,1178348,AlPatch_1_0,13705.173683288,13705.270871023
22,0,2013902,1171121,AlPatch_1_0,17143.12186239,17143.20889874
22,0,2013901,1171121,AlPatch_1_0,17143.12186239,17143.209432699
22,0,2013916,1170450,AlPatch_0_1,3924.7612774777,3924.8631508882
22,0,2013915,1170450,AlPatch_0_1,3924.7612774777,3924.8616918893
22,0,2014532,1135752,AlPatch_1_0,2727.6125270564,2727.7030361248
22,0,2014531,1135752,AlPatch_1_0,2727.6125270564,2727.7028634006
22,0,2014634,1129927,AlPatch_1_0,1403.1256492609,1403.2152073914
22,0,2014633,1129927,AlPatch_1_0,1403.1256492609,1403.2130968003
22,0,2014770,1121318,AlPatch_1_1,12441.598038656,12441.694514089
22,0,2014769,1121318,AlPatch_1_1,12441.598038656,12441.694675738
22,0,2014786,1120459,AlPatch_0_0,13405.500308752,13405.585997574
22,0,2014785,1120459,AlPatch_0_0,13405.500308752,13405.594949044
22,0,2015224,1096215,AlPatch_2_0,1583.6449593896,1583.7363220543
22,0,2015223,1096215,AlPatch_2_0,1583.6449593896,1583.7358680261
22,0,2015356,1089249,AlPatch_1_0,2809.7806454883,2809.8771540057
22,0,2015355,1089249,AlPatch_1_0,2809.7806454883,2809.8772905048
22,0,2015366,1088435,AlPatch_2_1,14982.929426376,14983.024160408
22,0,2015365,1088435,AlPatch_2_1,14982.929426376,14983.023433169
22,0,2015456,1082921,AlPatch_1_1,20175.930164357,20176.02859251
22,0,2015455,1082921,AlPatch_1_1,20175.930164357,20176.020490204
22,0,2015854,1059781,AlPatch_1_0,4172.3671635114,4172.4596989797
22,0,2015853,1059781,AlPatch_1_0,4172.3671635114,4172.4641146408
22,0,2015914,1056675,AlPatch_2_0,4055.494435018,4055.5905869245
22,0,2015913,1056675,AlPatch_2_0,4055.494435018,4055.5851132484
22,0,2015924,1055569,AlPatch_2_1,9961.2818621269,9961.3802691219
22,0,2015923,1055569,AlPatch_2_1,9961.2818621269,9961.3792165888
22,0,2015930,1055495,AlPatch_1_0,4948.5221233841,4948.6135541468
22,0,2015929,1055495,AlPatch_1_0,4948.5221233841,4948.6114031016
22,0,2016100,1045947,AlPatch_2_0,4006.5436643474,4006.6350521384
22,0,2016099,1045947,AlPatch_2_0,4006.5436643474,4006.6324508739
22,0,2016168,1042510,AlPatch_0_1,11247.559304327,11247.644963018
22,0,2016167,1042510,AlPatch_0_1,11247.559304327,11247.644466445
22,0,2016294,1035208,AlPatch_1_0,2223.9764397149,2224.0724896489
22,0,2016293,1035208,AlPatch_1_0,2223.9764397149,2224.0713650375
22,0,2016514,1021926,AlPatch_2_0,6559.3139174932,6559.4104229662
22,0,2016513,1021926,AlPatch_2_0,6559.3139174932,6559.4056534534
22,0,2016614,1015986,AlPatch_0_1,9316.4621206894,9316.5488820733
22,0,2016613,1015986,AlPatch_0_1,9316.4621206894,9316.5502022585
22,0,2016746,1006880,AlPatch_2_1,9081.5030791319,9081.5898733418
22,0,2016745,1006880,AlPatch_2_1,9081.5030791319,9081.5934146401
22,0,2016756,1006032,AlPatch_2_1,1295.435028805,1295.5331520367
22,0,2016755,1006032,AlPatch_2_1,1295.435028805,1295.5305518543
22,0,2016852,1000412,AlPatch_0_1,10562.079516132,10562.170442121
22,0,2016851,1000412,AlPatch_0_1,10562.079516132,10562.169937448
22,0,2017280,975158,AlPatch_0_1,6951.5343876902,6951.620554706
22,0,2017279,975158,AlPatch_0_1,6951.5343876902,6951.6211049047
22,0,2017330,971907,AlPatch_2_0,4178.164737859,4178.2655253633
22,0,2017329,971907,AlPatch_2_0,4178.164737859,4178.2546111636
22,0,2017816,942591,AlPatch_1_0,17869.062627043,17869.163269796
22,0,2017815,942591,AlPatch_1_0,17869.062627043,17869.151517312
22,0,2018330,909062,AlPatch_0_1,6632.3841959017,6632.474133094
22,0,2018329,909062,AlPatch_0_1,6632.3841959017,6632.4870648282
22,0,2019354,850608,AlPatch_2_0,4455.8314281561,4455.9337791275
22,0,2019353,850608,AlPatch_2_0,4455.8314281561,4455.9177612519
22,0,2019434,844915,AlPatch_1_1,12707.588080635,12707.673704926
22,0,2019433,844915,AlPatch_1_1,12707.588080635,12707.679595392
22,0,2019872,815899,AlPatch_0_0,4487.7175929021,4487.8045918505
22,0,2019871,815899,AlPatch_0_0,4487.7175929021,4487.818368606
22,0,2020010,805414,AlPatch_1_0,8461.1675793486,8461.256498144
22,0,2020009,805414,AlPatch_1_0,8461.1675793486,8461.2578560167
22,0,2021090,747694,AlPatch_2_1,8270.5850866317,8270.6714309656
22,0,2021089,747694,AlPatch_2_1,8270.5850866317,8270.6714741118
22,0,2021108,746893,AlPatch_2_0,3586.4450895329,3586.5472475647
22,0,2021107,746893,AlPatch_2_0,3586.4450895329,3586.5312102508
22,0,2021388,727950,AlPatch_0_0,18894.869236276,18894.967152315
22,0,2021387,727950,AlPatch_0_0,18894.869236276,18894.96580404
22,0,2021498,722188,AlPatch_1_1,11410.967701618,11411.064838359
22,0,2021497,722188,AlPatch_1_1,11410.967701618,11411.070078996
22,0,2022020,691647,AlPatch_2_1,12671.659082117,12671.755927951
22,0,2022019,691647,AlPatch_2_1,12671.659082117,12671.75263383
22,0,2022132,683975,AlPatch_2_1,12686.359125782,12686.458838516
22,0,2022131,683975,AlPatch_2_1,12686.359125782,12686.447309668
22,0,2022196,680757,AlPatch_1_0,2170.6106491053,2170.6969780061
22,0,2022195,680757,AlPatch_1_0,2170.6106491053,2170.6971012618
22,0,2022206,680184,AlPatch_1_0,3167.7102225017,3167.799134367
22,0,2022205,680184,AlPatch_1_0,3167.7102225017,3167.8087600427
22,0,2022224,679082,AlPatch_0_1,7292.2592856358,7292.3504301515
22,0,2022223,679082,AlPatch_0_1,7292.2592856358,7292.3503020017
22,0,2022422,668657,AlPatch_2_1,467.75186998995,467.84949372887
22,0,2022421,668657,AlPatch_2_1,467.75186998995,467.84471505527
22,0,2022460,666201,AlPatch_2_1,8151.162555758,8151.2571999584
22,0,2022459,666201,AlPatch_2_1,8151.162555758,8151.2541798594
22,0,2022536,662146,AlPatch_2_1,15735.041859305,15735.143827682
22,0,2022535,662146,AlPatch_2_1,15735.041859305,15735.133586513
22,0,2022624,657616,AlPatch_2_0,6487.3852781645,6487.4711195094
22,0,2022623,657616,AlPatch_2_0,6487.3852781645,6487.483039309
22,0,2022746,650107,AlPatch_2_0,8648.7068761354,8648.8065200931
22,0,2022745,650107,AlPatch_2_0,8648.7068761354,8648.7959146548
22,0,2023086,628769,AlPatch_2_0,259.07262806249,259.16924028138
22,0,2023085,628769,AlPatch_2_0,259.07262806249,259.17010027247
22,0,2023400,609806,AlPatch_1_1,1714.8880221345,1714.9823907522
22,0,2023399,609806,AlPatch_1_1,1714.8880221345,1714.9827517601
22,0,2023438,607982,AlPatch_2_0,11972.160486296,11972.250064215
22,0,2023437,607982,AlPatch_2_0,11972.160486296,11972.253769975
22,0,2024186,564279,AlPatch_0_0,12812.306104278,12812.400737991
22,0,2024185,564279,AlPatch_0_0,12812.306104278,12812.405269087
22,0,2024342,555126,AlPatch_0_1,6477.1325971144,6477.226804031
22,0,2024341,555126,AlPatch_0_1,6477.1325971144,6477.236280261
22,0,2025092,510967,AlPatch_2_0,519.50914490163,519.61472225539
22,0,2025091,510967,AlPatch_2_0,519.50914490163,519.60438614373
22,0,2025176,506627,AlPatch_2_0,536.07962477668,536.17190555266
22,0,2025175,506627,AlPatch_2_0,536.07962477668,536.17601542791
22,0,2025198,505236,AlPatch_2_0,528.68143837996,528.77755917399
22,0,2025197,505236,AlPatch_2_0,528.68143837996,528.77522628276
22,0,2025274,499209,AlPatch_2_0,462.25477653166,462.34163211563
22,0,2025273,499209,AlPatch_2_0,462.25477653166,462.34557995315
22,0,2025592,481022,AlPatch_2_1,6997.7057977295,6997.7947165398
22,0,2025591,481022,AlPatch_2_1,6997.7057977295,6997.8007216831
22,0,2026012,455666,AlPatch_1_1,2898.5767255281,2898.6639123555
22,0,2026011,455666,AlPatch_1_1,2898.5767255281,2898.6817652036
22,0,2026062,452098,AlPatch_2_0,9140.762562444,9140.8606617675
22,0,2026061,452098,AlPatch_2_0,9140.762562444,9140.8603308908
22,0,2026386,432384,AlPatch_0_1,11283.911756068,11284.003243963
22,0,2026385,432384,AlPatch_0_1,11283.911756068,11284.006615022
22,0,2026472,427406,AlPatch_1_0,7268.7251538366,7268.8211739662
22,0,2026471,427406,AlPatch_1_0,7268.7251538366,7268.8121686378
22,0,2026640,417035,AlPatch_2_1,9557.0983767491,9557.1903719591
22,0,2026639,417035,AlPatch_2_1,9557.0983767491,9557.1915652718
22,0,2026998,396298,AlPatch_0_0,7693.6277949894,7693.7277359361
22,0,2026997,396298,AlPatch_0_0,7693.6277949894,7693.7184855261
22,0,2027440,367557,AlPatch_0_0,16599.725908332,16599.819307307
22,0,2027439,367557,AlPatch_0_0,16599.725908332,16599.818556203
22,0,2027590,358797,AlPatch_0_0,9601.7457689769,9601.8391643937
22,0,2027589,358797,AlPatch_0_0,9601.7457689769,9601.8473785464
22,0,2027668,354667,AlPatch_0_0,12036.191866606,12036.285347507
22,0,2027667,354667,AlPatch_0_0,12036.191866606,12036.291177011
22,0,2027754,348961,AlPatch_1_1,21267.542591765,21267.631317764
22,0,2027753,348961,AlPatch_1_1,21267.542591765,21267.630801823
22,0,2027954,337042,AlPatch_2_1,9268.5566244063,9268.6429129515
22,0,2027953,337042,AlPatch_2_1,9268.5566244063,9268.6489774753
22,0,2028106,328568,AlPatch_0_0,10903.352556377,10903.441645199
22,0,2028105,328568,AlPatch_0_0,10903.352556377,10903.454170784
22,0,2028214,322759,AlPatch_1_1,2861.481876739,2861.5804753385
22,0,2028213,322759,AlPatch_1_1,2861.481876739,2861.5803284984
22,0,2028770,292436,AlPatch_0_0,6361.8464067546,6361.9378846254
22,0,2028769,292436,AlPatch_0_0,6361.8464067546,6361.9439274859
22,0,2028942,283404,AlPatch_1_0,7483.2550317273,7483.3477962115
22,0,2028941,283404,AlPatch_1_0,7483.2550317273,7483.3474152144
22,0,2028952,283144,AlPatch_1_1,9381.2026157959,9381.2938857856
22,0,2028951,283144,AlPatch_1_1,9381.202615796,9381.2984360665
22,0,2029042,277745,AlPatch_2_0,7434.6165274612,7434.721606995
22,0,2029041,277745,AlPatch_2_0,7434.6165274612,7434.7175724616
22,0,2029134,271070,AlPatch_1_0,11487.223567637,11487.311099081
22,0,2029133,271070,AlPatch_1_0,11487.223567637,11487.311750676
22,0,2029356,257611,AlPatch_2_0,9287.6166214758,9287.7042345744
22,0,2029355,257611,AlPatch_2_0,9287.6166214758,9287.7070453064
22,0,2029544,247604,AlPatch_0_1,5674.9079419558,5675.0142372154
22,0,2029543,247604,AlPatch_0_1,5674.9079419558,5674.9934722436
22,0,2029588,244850,AlPatch_1_0,7546.0949552171,7546.1998346905
22,0,2029587,244850,AlPatch_1_0,7546.0949552171,7546.1820951272
22,0,2029622,243488,AlPatch_2_1,8470.7023492731,8470.8019162796
22,0,2029621,243488,AlPatch_2_1,8470.7023492731,8470.7915904253
22,0,2029644,241188,AlPatch_2_0,6533.6909892756,6533.7844811607
22,0,2029643,241188,AlPatch_2_0,6533.6909892756,6533.7830969832
22,0,2029764,233523,AlPatch_1_0,14818.456497118,14818.558764264
22,0,2029763,233523,AlPatch_1_0,14818.456497118,14818.552690395
22,0,2029804,231745,AlPatch_2_0,484.8713267336,484.95861641764
22,0,2029803,231745,AlPatch_2_0,484.8713267336,484.95748685279
22,0,2030460,191043,AlPatch_0_1,13913.649553421,13913.740806159
22,0,2030459,191043,AlPatch_0_1,13913.649553421,13913.741375708
22,0,2030796,171345,AlPatch_0_0,2739.261088179,2739.3517719227
22,0,2030795,171345,AlPatch_0_0,2739.261088179,2739.3524513721
22,0,2031440,135482,AlPatch_0_1,10124.100584255,10124.192532013
22,0,2031439,135482,AlPatch_0_1,10124.100584255,10124.189768033
22,0,2032290,86571,AlPatch_2_1,4954.0317044445,4954.1214519847
22,0,2032289,86571,AlPatch_2_1,4954.0317044445,4954.1315383425
22,0,2032368,81159,AlPatch_2_0,5449.8163723309,5449.9186322853
22,0,2032367,81159,AlPatch_2_0,5449.8163723309,5449.9200822231
22,0,2032756,58599,AlPatch_2_0,17606.230128296,17606.320347231
22,0,2032755,58599,AlPatch_2_0,17606.230128296,17606.316880992
22,0,2032904,51058,AlPatch_2_0,2298.4428506105,2298.5325098863
22,0,2032903,51058,AlPatch_2_0,2298.4428506105,2298.5341259473
22,0,2033018,44055,AlPatch_2_0,1976.9683429389,1977.0686987363
22,0,2033017,44055,AlPatch_2_0,1976.9683429389,1977.0576155466
22,0,2033254,30041,AlPatch_2_1,4765.3842988716,4765.4739251272
22,0,2033253,30041,AlPatch_2_1,4765.3842988716,4765.4740720779
22,0,2033414,21715,AlPatch_0_1,12712.035749203,12712.1302738
22,0,2033413,21715,AlPatch_0_1,12712.035749203,12712.134845916
23,0,2000196,1990128,AlPatch_1_0,12137.546890114,12137.633295433
23,0,2000195,1990128,AlPatch_1_0,12137.546890114,12137.633389593
23,0,2000228,1988940,AlPatch_0_0,16081.748204861,16081.846917345
23,0,2000227,1988940,AlPatch_0_0,16081.748204861,16081.837900787
23,0,2000230,1988552,AlPatch_1_0,4703.1331995386,4703.2260320425
23,0,2000229,1988552,AlPatch_1_0,4703.1331995386,4703.2243007263
23,0,2000312,1982688,AlPatch_1_1,5378.8761004918,5378.9663296106
23,0,2000311,1982688,AlPatch_1_1,5378.8761004918,5378.9687112084
23,0,2000482,1971366,AlPatch_2_1,13771.034569939,13771.128586976
23,0,2000481,1971366,AlPatch_2_1,13771.034569939,13771.126403769
23,0,2000792,1955128,AlPatch_0_1,12980.841463688,12980.937281785
23,0,2000791,1955128,AlPatch_0_1,12980.841463688,12980.936442375
23,0,2001108,1936445,AlPatch_1_1,7353.4719211175,7353.567134018
23,0,2001107,1936445,AlPatch_1_1,7353.4719211175,7353.5680801013
23,0,2001188,1931887,AlPatch_1_0,9677.1382419253,9677.2375119718
23,0,2001187,1931887,AlPatch_1_0,9677.1382419253,9677.227583863
23,0,2001496,1913371,AlPatch_0_1,7486.5748515646,7486.6668408159
23,0,2001495,1913371,AlPatch_0_1,7486.5748515646,7486.6669076302
23,0,2001912,1887077,AlPatch_1_1,9337.218202891,9337.31260048
23,0,2001911,1887077,AlPatch_1_1,9337.218202891,9337.3067412997
23,0,2001926,1886407,AlPatch_0_0,1906.4971112646,1906.5917802008
23,0,2001925,1886407,AlPatch_0_0,1906.4971112646,1906.5911463529
23,0,2001932,1886203,AlPatch_1_1,3127.847059794,3127.9459287269
23,0,2001931,1886203,AlPatch_1_1,3127.847059794,3127.9386871371
23,0,2002610,1849616,AlPatch_0_1,11838.836106235,11838.93184383
23,0,2002609,1849616,AlPatch_0_1,11838.836106235,11838.93324661
23,0,2002650,1846581,AlPatch_2_0,19472.169193632,19472.270705727
23,0,2002649,1846581,AlPatch_2_0,19472.169193632,19472.270048814
23,0,2002680,1844846,AlPatch_1_0,12580.128337593,12580.216981021
23,0,2002679,1844846,AlPatch_1_0,12580.128337593,12580.219713456
23,0,2002702,1843799,AlPatch_1_0,1009.4405943813,1009.5338463592
23,0,2002701,1843799,AlPatch_1_0,1009.4405943813,1009.5354047676
23,0,2002818,1834673,AlPatch_0_1,7423.5998398531,7423.6936950842
23,0,2002817,1834673,AlPatch_0_1,7423.5998398531,7423.6934636081
23,0,2002946,1827709,AlPatch_2_1,5540.7233147425,5540.8139828851
23,0,2002945,1827709,AlPatch_2_1,5540.7233147425,5540.8161428189
23,0,2003194,1814554,AlPatch_1_0,8066.0202398442,8066.1237664071
23,0,2003193,1814554,AlPatch_1_0,8066.0202398442,8066.1059891716
23,0,2003490,1796936,AlPatch_1_1,4725.5790673074,4725.6669327359
23,0,2003489,1796936,AlPatch_1_1,4725.5790673074,4725.6753597673
23,0,2003572,1791940,AlPatch_0_0,4984.0744153798,4984.1718327321
23,0,2003571,1791940,AlPatch_0_0,4984.0744153798,4984.1614225907
23,0,2003694,1783695,AlPatch_1_0,6299.2232357684,6299.3198025046
23,0,2003693,1783695,AlPatch_1_0,6299.2232357684,6299.3222871739
23,0,2003714,1782574,AlPatch_1_0,15520.12122844,15520.209578767
23,0,2003713,1782574,AlPatch_1_0,15520.12122844,15520.210252159
23,0,2003840,1775551,AlPatch_0_0,17376.586182112,17376.673655347
23,0,2003839,1775551,AlPatch_0_0,17376.586182112,17376.675218886
23,0,2003886,1772466,AlPatch_0_1,12115.535797884,12115.628929915
23,0,2003885,1772466,AlPatch_0_1,12115.535797884,12115.6229619
23,0,2003930,1769650,AlPatch_2_0,401.67084312281,401.75912242841
23,0,2003929,1769650,AlPatch_2_0,401.67084312281,401.75962745736
23,0,2004074,1762187,AlPatch_0_1,17047.324406364,17047.423547441
23,0,2004073,1762187,AlPatch_0_1,17047.324406364,17047.419081679
23,0,2004092,1761209,AlPatch_0_0,5751.5898833182,5751.6950585403
23,0,2004091,1761209,AlPatch_0_0,5751.5898833182,5751.6783036833
23,0,2004102,1760606,AlPatch_0_1,5907.8386885,5907.933080423
23,0,2004101,1760606,AlPatch_0_1,5907.8386885,5907.9332504922
23,0,2004314,1748312,AlPatch_2_0,1380.5296901649,1380.6197396123
23,0,2004313,1748312,AlPatch_2_0,1380.5296901649,1380.6184344437
23,0,2004338,1746279,AlPatch_2_0,12181.097792432,12181.192362758
23,0,2004337,1746279,AlPatch_2_0,12181.097792432,12181.199737985
23,0,2004438,1739452,AlPatch_1_1,15551.293163676,15551.379397379
23,0,2004437,1739452,AlPatch_1_1,15551.293163676,15551.396676351
23,0,2004456,1738905,AlPatch_2_1,12281.156669805,12281.244890271
23,0,2004455,1738905,AlPatch_2_1,12281.156669805,12281.257393398
23,0,2004578,1732286,AlPatch_1_0,11222.08525868,11222.187914835
23,0,2004577,1732286,AlPatch_1_0,11222.08525868,11222.186077311
23,0,2004624,1729781,AlPatch_2_0,6276.6108735468,6276.6985575158
23,0,2004623,1729781,AlPatch_2_0,6276.6108735468,6276.7007524755
23,0,2005272,1689522,AlPatch_1_0,11180.86882366,11180.965636521
23,0,2005271,1689522,AlPatch_1_0,11180.86882366,11180.961785509
23,0,2005290,1688593,AlPatch_2_0,11689.910796923,11690.003354842
23,0,2005289,1688593,AlPatch_2_0,11689.910796923,11689.998386784
23,0,2005438,1680124,AlPatch_2_0,11461.907275789,11461.99860425
23,0,2005437,1680124,AlPatch_2_0,11461.907275789,11462.005848953
23,0,2005962,1648050,AlPatch_2_0,4436.8449450728,4436.9461684861
23,0,2005961,1648050,AlPatch_2_0,4436.8449450728,4436.9344010678
23,0,2006280,1628419,AlPatch_1_0,3385.3990431965,3385.4865391917
23,0,2006279,1628419,AlPatch_1_0,3385.3990431965,3385.4863527694
23,0,2006770,1598822,AlPatch_2_0,17219.09591486,17219.18923607
23,0,2006769,1598822,AlPatch_2_0,17219.09591486,17219.185647378
23,0,2006894,1593253,AlPatch_2_1,1303.6022658035,1303.6934796425
23,0,2006893,1593253,AlPatch_2_1,1303.6022658035,1303.7000539159
23,0,2006978,1587561,AlPatch_2_1,8656.7663766615,8656.8696896513
23,0,2006977,1587561,AlPatch_2_1,8656.7663766615,8656.8680592153
23,0,2007186,1576392,AlPatch_2_1,2542.0995907383,2542.1956797526
23,0,2007185,1576392,AlPatch_2_1,2542.0995907383,2542.1938523069
23,0,2007538,1552622,AlPatch_2_1,5129.7154658001,5129.8061927737
23,0,2007537,1552622,AlPatch_2_1,5129.7154658001,5129.8148507049
23,0,2007666,1545607,AlPatch_2_1,6199.2127117183,6199.3106185749
23,0,2007665,1545607,AlPatch_2_1,6199.2127117183,6199.3087395799
23,0,2007756,1541260,AlPatch_1_1,18748.705505197,18748.792371288
23,0,2007755,1541260,AlPatch_1_1,18748.705505197,18748.792983012
23,0,2007888,1534608,AlPatch_1_0,2940.1738575278,2940.2663169315
23,0,2007887,1534608,AlPatch_1_0,2940.1738575278,2940.2693233535
23,0,2007944,1531132,AlPatch_2_1,18271.399045368,18271.486300618
23,0,2007943,1531132,AlPatch_2_1,18271.399045368,18271.487385354
23,0,2008156,1518868,AlPatch_2_0,3322.108931173,3322.2043159885
23,0,2008155,1518868,AlPatch_2_0,3322.108931173,3322.2101613238
23,0,2008620,1490611,AlPatch_2_0,253.03680418286,253.12408166733
23,0,2008619,1490611,AlPatch_2_0,253.03680418286,253.12348465621
23,0,2008642,1488461,AlPatch_1_1,6279.3054605546,6279.3934235709
23,0,2008641,1488461,AlPatch_1_1,6279.3054605546,6279.398138906
23,0,2008646,1488351,AlPatch_0_1,9787.9494937967,9788.0355909897
23,0,2008645,1488351,AlPatch_0_1,9787.9494937967,9788.0380113235
23,0,2008988,1468366,AlPatch_2_0,11181.232182684,11181.33652918
23,0,2008987,1468366,AlPatch_2_0,11181.232182684,11181.331280226
23,0,2009220,1455357,AlPatch_1_0,14813.560724279,14813.648621628
23,0,2009219,1455357,AlPatch_1_0,14813.560724279,14813.6584609
23,0,2009270,1452803,AlPatch_0_0,9315.2709095139,9315.3689405407
23,0,2009269,1452803,AlPatch_0_0,9315.2709095139,9315.3641762377
23,0,2009302,1451846,AlPatch_0_1,10583.978186141,10584.078388842
23,0,2009301,1451846,AlPatch_0_1,10583.978186141,10584.068501955
23,0,2009458,1443512,AlPatch_0_0,14315.774984501,14315.863824504
23,0,2009457,1443512,AlPatch_0_0,14315.774984501,14315.874416113
23,0,2009656,1430774,AlPatch_1_1,11750.742829934,11750.839766833
23,0,2009655,1430774,AlPatch_1_1,11750.742829934,11750.834873656
23,0,2009664,1430404,AlPatch_0_1,5967.484967136,5967.5870797369
23,0,2009663,1430404,AlPatch_0_1,5967.484967136,5967.5723537591
23,0,2009866,1417442,AlPatch_1_0,12401.742032642,12401.832143605
23,0,2009865,1417442,AlPatch_1_0,12401.742032642,12401.8359675
23,0,2009922,1414902,AlPatch_2_1,6190.9309774303,6191.0328369667
23,0,2009921,1414902,AlPatch_2_1,6190.9309774303,6191.0182930808
23,0,2011072,1344968,AlPatch_2_1,9952.5358475746,9952.6282052085
23,0,2011071,1344968,AlPatch_2_1,9952.5358475746,9952.6265530649
23,0,2011370,1327101,AlPatch_2_0,4351.62220523,4351.7104114486
23,0,2011369,1327101,AlPatch_2_0,4351.62220523,4351.711202672
23,0,2011412,1324680,AlPatch_0_0,15054.609862524,15054.696140205
23,0,2011411,1324680,AlPatch_0_0,15054.609862524,15054.696982186
23,0,2011426,1323436,AlPatch_2_1,2136.9207229716,2137.0122035858
23,0,2011425,1323436,AlPatch_2_1,2136.9207229716,2137.0281045938
23,0,2011726,1306789,AlPatch_0_1,5332.3230566893,5332.4130375221
23,0,2011725,1306789,AlPatch_0_1,5332.3230566893,5332.4206208812
23,0,2011826,1301027,AlPatch_0_1,3711.3666220126,3711.4607255469
23,0,2011825,1301027,AlPatch_0_1,3711.3666220126,3711.4550553512
23,0,2011992,1289823,AlPatch_2_1,18618.435773033,18618.526500654
23,0,2011991,1289823,AlPatch_2_1,18618.435773033,18618.531164666
23,0,2012214,1275106,AlPatch_2_1,4284.6152949311,4284.7041554065
23,0,2012213,1275106,AlPatch_2_1,4284.6152949311,4284.702693033
23,0,2013026,1226300,AlPatch_1_0,11818.682276635,11818.771614975
23,0,2013025,1226300,AlPatch_1_0,11818.682276635,11818.771581048
23,0,2013326,1207658,AlPatch_1_0,9913.0924897233,9913.1871094309
23,0,2013325,1207658,AlPatch_1_0,9913.0924897233,9913.1878442904
23,0,2014100,1162307,AlPatch_2_1,12155.515474092,12155.603535014
23,0,2014099,1162307,AlPatch_2_1,12155.515474092,12155.608511407
23,0,2014502,1134424,AlPatch_2_1,10001.514933017,10001.609534887
23,0,2014501,1134424,AlPatch_2_1,10001.514933017,10001.604972718
23,0,2014856,1113149,AlPatch_1_0,3012.4307859962,3012.5229383395
23,0,2014855,1113149,AlPatch_1_0,3012.4307859962,3012.5198357327
23,0,2014906,1109324,AlPatch_0_0,14819.749851821,14819.836511718
23,0,2014905,1109324,AlPatch_0_0,14819.749851821,14819.847154986
23,0,2015762,1054465,AlPatch_2_0,3474.0920451649,3474.1933758403
23,0,2015761,1054465,AlPatch_2_0,3474.0920451649,3474.1780279443
23,0,2015838,1049714,AlPatch_1_0,5913.5835496783,5913.6769687782
23,0,2015837,1049714,AlPatch_1_0,5913.5835496783,5913.6833174024
23,0,2016194,1029378,AlPatch_1_0,14337.986420899,14338.074314917
23,0,2016193,1029378,AlPatch_1_0,14337.986420899,14338.072843261
23,0,2016378,1018039,AlPatch_0_1,9538.6840182043,9538.7818817855
23,0,2016377,1018039,AlPatch_0_1,9538.6840182043,9538.7850666261
23,0,2016518,1010679,AlPatch_2_1,5342.2300072585,5342.3304551571
23,0,2016517,1010679,AlPatch_2_1,5342.2300072585,5342.3301800631
23,0,2016602,1006197,AlPatch_0_0,8849.7133667107,8849.8051156085
23,0,2016601,1006197,AlPatch_0_0,8849.7133667107,8849.8030929454
23,0,2016624,1005473,AlPatch_1_0,2916.9605014884,2917.0527104354
23,0,2016623,1005473,AlPatch_1_0,2916.9605014884,2917.0536793669
23,0,2016712,1000045,AlPatch_2_0,2679.3635358893,2679.4506294836
23,0,2016711,1000045,AlPatch_2_0,2679.3635358893,2679.4516845922
23,0,2016882,989329,AlPatch_1_0,10811.317033233,10811.403087595
23,0,2016881,989329,AlPatch_1_0,10811.317033233,10811.406126039
23,0,2016932,986552,AlPatch_2_0,18213.62107157,18213.713161692
23,0,2016931,986552,AlPatch_2_0,18213.62107157,18213.71205664
23,0,2017480,959421,AlPatch_0_1,13312.7687204,13312.871586544
23,0,2017479,959421,AlPatch_0_1,13312.7687204,13312.858650701
23,0,2017510,957769,AlPatch_1_1,9542.8879726226,9542.9782967604
23,0,2017509,957769,AlPatch_1_1,9542.8879726226,9542.9850329195
23,0,2017596,950794,AlPatch_2_0,700.98130372452,701.06774635909
23,0,2017595,950794,AlPatch_2_0,700.98130372452,701.07458805875
23,0,2018018,922563,AlPatch_2_0,4621.1187129763,4621.2215006949
23,0,2018017,922563,AlPatch_2_0,4621.1187129763,4621.2200576494
23,0,2018096,917334,AlPatch_2_1,2860.1605484893,2860.2498718456
23,0,2018095,917334,AlPatch_2_1,2860.1605484893,2860.2469765574
23,0,2018412,897980,AlPatch_2_0,5228.0504282242,5228.1383676079
23,0,2018411,897980,AlPatch_2_0,5228.0504282242,5228.1530126359
23,0,2018626,884995,AlPatch_0_1,11426.017824387,11426.117894235
23,0,2018625,884995,AlPatch_0_1,11426.017824387,11426.117160362
23,0,2018636,884512,AlPatch_1_1,1082.002144427,1082.0879476347
23,0,2018635,884512,AlPatch_1_1,1082.002144427,1082.0895247003
23,0,2019064,858801,AlPatch_1_0,14183.383006456,14183.485780835
23,0,2019063,858801,AlPatch_1_0,14183.383006456,14183.48091788
23,0,2019160,853080,AlPatch_0_0,17609.477483056,17609.579377175
23,0,2019159,853080,AlPatch_0_0,17609.477483056,17609.563931998
23,0,2019410,840440,AlPatch_0_0,11734.663941121,11734.74959398
23,0,2019409,840440,AlPatch_0_0,11734.663941121,11734.750796086
23,0,2019618,829745,AlPatch_1_0,12673.611839534,12673.70213229
23,0,2019617,829745,AlPatch_1_0,12673.611839534,12673.709533599
23,0,2019918,813183,AlPatch_0_0,9408.4144861514,9408.5000569
23,0,2019917,813183,AlPatch_0_0,9408.4144861514,9408.5000415418
23,0,2020092,800648,AlPatch_2_1,10473.750672497,10473.840353647
23,0,2020091,800648,AlPatch_2_1,10473.750672497,10473.840167245
23,0,2020134,797216,AlPatch_0_0,8900.5512091271,8900.6542659188
23,0,2020133,797216,AlPatch_0_0,8900.5512091271,8900.6369762375
23,0,2020170,794544,AlPatch_0_0,2733.3117932837,2733.4078358582
23,0,2020169,794544,AlPatch_0_0,2733.3117932837,2733.4124823091
23,0,2020452,777530,AlPatch_1_1,5161.5148385679,5161.6102757742
23,0,2020451,777530,AlPatch_1_1,5161.5148385679,5161.609551023
23,0,2020472,775898,AlPatch_1_0,7220.1550883448,7220.2483965767
23,0,2020471,775898,AlPatch_1_0,7220.1550883448,7220.2481731171
23,0,2020476,775711,AlPatch_2_0,476.21034102816,476.30630147709
23,0,2020475,775711,AlPatch_2_0,476.21034102816,476.30619857992
23,0,2020504,773312,AlPatch_1_1,7855.2687848099,7855.370944512
23,0,2020503,773312,AlPatch_1_1,7855.2687848099,7855.3586013248
23,0,2020736,759137,AlPatch_2_0,4862.0759449716,4862.1745074943
23,0,2020735,759137,AlPatch_2_0,4862.0759449716,4862.1680207307
23,0,2020774,757069,AlPatch_1_1,6997.5004571176,6997.5947890707
23,0,2020773,757069,AlPatch_1_1,6997.5004571176,6997.5938723892
23,0,2020944,747414,AlPatch_2_1,5469.2484581306,5469.3466608908
23,0,2020943,747414,AlPatch_2_1,5469.2484581306,5469.338431289
23,0,2020976,745767,AlPatch_0_0,2957.3601333939,2957.4558898457
23,0,2020975,745767,AlPatch_0_0,2957.3601333939,2957.4621593972
23,0,2021500,717817,AlPatch_1_1,15532.257114866,15532.359233579
23,0,2021499,717817,AlPatch_1_1,15532.257114866,15532.346945896
23,0,2021536,715998,AlPatch_0_1,12900.552237027,12900.641842724
23,0,2021535,715998,AlPatch_0_1,12900.552237027,12900.644752024
23,0,2021580,714271,AlPatch_0_0,7573.2155003076,7573.3009416537
23,0,2021579,714271,AlPatch_0_0,7573.2155003076,7573.3017088174
23,0,2021838,700024,AlPatch_1_1,4032.4451170911,4032.5433661994
23,0,2021837,700024,AlPatch_1_1,4032.4451170911,4032.5402772481
23,0,2021886,697825,AlPatch_1_0,14474.955342165,14475.059237682
23,0,2021885,697825,AlPatch_1_0,14474.955342165,14475.041415984
23,0,2022186,681799,AlPatch_1_1,5681.8901496435,5681.9808257274
23,0,2022185,681799,AlPatch_1_1,5681.8901496435,5681.9922923375
23,0,2022768,647331,AlPatch_2_1,7182.6638264807,7182.7621636806
23,0,2022767,647331,AlPatch_2_1,7182.6638264807,7182.7554926423
23,0,2023230,618585,AlPatch_2_0,12907.170742585,12907.273156203
23,0,2023229,618585,AlPatch_2_0,12907.170742585,12907.256373586
23,0,2023420,605895,AlPatch_1_0,5600.0391770025,5600.1427862805
23,0,2023419,605895,AlPatch_1_0,5600.0391770025,5600.1363129409
23,0,2023470,603147,AlPatch_1_0,10137.993069258,10138.080422323
23,0,2023469,603147,AlPatch_1_0,10137.993069258,10138.078599401
23,0,2024120,563321,AlPatch_1_1,4208.1321055964,4208.2235309124
23,0,2024119,563321,AlPatch_1_1,4208.1321055964,4208.2279143952
23,0,2024176,560748,AlPatch_1_1,8408.2988409283,8408.3993118849
23,0,2024175,560748,AlPatch_1_1,8408.2988409283,8408.3849705066
23,0,2024378,549699,AlPatch_1_1,4824.3962576921,4824.4817785627
23,0,2024377,549699,AlPatch_1_1,4824.3962576921,4824.4814495295
23,0,2024902,516993,AlPatch_1_0,2863.858464858,2863.9475825333
23,0,2024901,516993,AlPatch_1_0,2863.858464858,2863.9587919514
23,0,2024964,513633,AlPatch_0_1,8374.0120611284,8374.1091234821
23,0,2024963,513633,AlPatch_0_1,8374.0120611284,8374.105125293
23,0,2025186,500961,AlPatch_2_1,2187.6007760548,2187.6997613605
23,0,2025185,500961,AlPatch_2_1,2187.6007760548,2187.6916203315
23,0,2025340,492284,AlPatch_1_0,10190.014019788,10190.114190824
23,0,2025339,492284,AlPatch_1_0,10190.014019788,10190.11416738
23,0,2025358,490483,AlPatch_2_0,2718.0850730027,2718.1723841702
23,0,2025357,490483,AlPatch_2_0,2718.0850730027,2718.1755361544
23,0,2025420,486154,AlPatch_2_0,4630.0317867225,4630.1218905126
23,0,2025419,486154,AlPatch_2_0,4630.0317867225,4630.1324538366
23,0,2025510,481378,AlPatch_1_0,4454.5529881655,4454.64963343
23,0,2025509,481378,AlPatch_1_0,4454.5529881655,4454.6423476342
23,0,2025648,473377,AlPatch_0_1,12638.948495754,12639.041898451
23,0,2025647,473377,AlPatch_0_1,12638.948495754,12639.041210241
23,0,2025734,469494,AlPatch_1_0,15473.047064992,15473.139137388
23,0,2025733,469494,AlPatch_1_0,15473.047064992,15473.138426353
23,0,2026230,438472,AlPatch_2_0,514.42861820306,514.52827902308
23,0,2026229,438472,AlPatch_2_0,514.42861820306,514.51969982646
23,0,2026374,428858,AlPatch_1_0,1830.9558198228,1831.0420655622
23,0,2026373,428858,AlPatch_1_0,1830.9558198228,1831.0573889974
23,0,2026874,395175,AlPatch_2_0,639.24417740133,639.33085953647
23,0,2026873,395175,AlPatch_2_0,639.24417740133,639.33108727831
23,0,2027022,385734,AlPatch_0_0,17764.54254399,17764.636170392
23,0,2027021,385734,AlPatch_0_0,17764.54254399,17764.630127896
23,0,2027108,381379,AlPatch_1_1,8721.8363096552,8721.9231130572
23,0,2027107,381379,AlPatch_1_1,8721.8363096552,8721.937770032
23,0,2027240,374511,AlPatch_2_0,12877.585342652,12877.67986087
23,0,2027239,374511,AlPatch_2_0,12877.585342652,12877.678733371
23,0,2027270,372486,AlPatch_0_1,13180.475578303,13180.562297239
23,0,2027269,372486,AlPatch_0_1,13180.475578303,13180.567174339
23,0,2027302,370158,AlPatch_1_1,3595.5864725699,3595.6783300586
23,0,2027301,370158,AlPatch_1_1,3595.5864725699,3595.6812858806
23,0,2027442,363034,AlPatch_2_0,5913.8962601727,5913.9964082321
23,0,2027441,363034,AlPatch_2_0,5913.8962601727,5913.9977351714
23,0,2027470,361307,AlPatch_1_0,10620.466463195,10620.55481142
23,0,2027469,361307,AlPatch_1_0,10620.466463195,10620.568645996
23,0,2027752,344701,AlPatch_1_0,1680.9108817747,1681.0011204998
23,0,2027751,344701,AlPatch_1_0,1680.9108817747,1681.0003258941
23,0,2027958,332321,AlPatch_0_1,2950.1593233557,2950.2451547816
23,0,2027957,332321,AlPatch_0_1,2950.1593233557,2950.2617360505
23,0,2027992,331157,AlPatch_0_0,8227.1940353288,8227.2890261744
23,0,2027991,331157,AlPatch_0_0,8227.1940353288,8227.2830151744
23,0,2028182,319806,AlPatch_1_1,16485.655231845,16485.74790262
23,0,2028181,319806,AlPatch_1_1,16485.655231845,16485.741698711
23,0,2028530,298545,AlPatch_1_0,6732.7002850089,6732.7951707765
23,0,2028529,298545,AlPatch_1_0,6732.7002850089,6732.7901124017
23,0,2028812,282079,AlPatch_0_1,3534.0825120292,3534.1762854814
23,0,2028811,282079,AlPatch_0_1,3534.0825120292,3534.1752441537
23,0,2028920,274878,AlPatch_0_0,19848.859355943,19848.957160785
23,0,2028919,274878,AlPatch_0_0,19848.859355943,19848.951900788
23,0,2029162,262538,AlPatch_1_1,10753.915309489,10754.014760993
23,0,2029161,262538,AlPatch_1_1,10753.915309489,10754.01571754
23,0,2029178,262007,AlPatch_1_1,1544.0010901217,1544.0971459451
23,0,2029177,262007,AlPatch_1_1,1544.0010901217,1544.089020078
23,0,2029184,261763,AlPatch_0_0,11962.333595395,11962.424948513
23,0,2029183,261763,AlPatch_0_0,11962.333595395,11962.430045496
23,0,2029386,250669,AlPatch_0_0,6141.2366890265,6141.3380434678
23,0,2029385,250669,AlPatch_0_0,6141.2366890265,6141.3273569089
23,0,2029804,226313,AlPatch_2_0,3557.4257773361,3557.520289865
23,0,2029803,226313,AlPatch_2_0,3557.4257773361,3557.5163346246
23,0,2030010,214437,AlPatch_0_1,7861.8969504123,7861.9999078911
23,0,2030009,214437,AlPatch_0_1,7861.8969504123,7861.9831005326
23,0,2030146,204654,AlPatch_0_0,12850.053423712,12850.149679104
23,0,2030145,204654,AlPatch_0_0,12850.053423712,12850.153396549
23,0,2030170,203096,AlPatch_2_1,14561.516072187,14561.616290282
23,0,2030169,203096,AlPatch_2_1,14561.516072187,14561.608785734
23,0,2030592,178615,AlPatch_0_1,21132.791512071,21132.893239818
23,0,2030591,178615,AlPatch_0_1,21132.791512071,21132.882929404
23,0,2030760,168951,AlPatch_0_1,13231.907951686,13232.003410468
23,0,2030759,168951,AlPatch_0_1,13231.907951686,13232.000730422
23,0,2030886,162068,AlPatch_0_1,10418.687407169,10418.780093305
23,0,2030885,162068,AlPatch_0_1,10418.687407169,10418.780578148
23,0,2031102,149427,AlPatch_1_1,2096.1663982216,2096.2537981336
23,0,2031101,149427,AlPatch_1_1,2096.1663982216,2096.2670373685
23,0,2031124,147785,AlPatch_0_0,7041.8732920621,7041.9692047884
23,0,2031123,147785,AlPatch_0_0,7041.8732920621,7041.9705798821
23,0,2031164,145402,AlPatch_1_0,9187.144897045,9187.2348569119
23,0,2031163,145402,AlPatch_1_0,9187.144897045,9187.2384584343
23,0,2031296,137459,AlPatch_0_0,9220.1806767103,9220.2756456836
23,0,2031295,137459,AlPatch_0_0,9220.1806767103,9220.2800267748
23,0,2031640,120315,AlPatch_0_0,3808.075541237,3808.1657120463
23,0,2031639,120315,AlPatch_0_0,3808.075541237,3808.1728138905
23,0,2032008,96154,AlPatch_2_1,12916.504189344,12916.592363203
23,0,2032007,96154,AlPatch_2_1,12916.504189344,12916.59375002
23,0,2032330,78643,AlPatch_2_0,251.84793827566,251.93638286544
23,0,2032329,78643,AlPatch_2_0,251.84793827566,251.93736277654
23,0,2032438,73209,AlPatch_2_0,17280.877956723,17280.973753111
23,0,2032437,73209,AlPatch_2_0,17280.877956723,17280.973823851
23,0,2032658,59145,AlPatch_2_0,684.90521001484,685.00457642746
23,0,2032657,59145,AlPatch_2_0,684.90521001484,685.00324036282
23,0,2032726,55036,AlPatch_2_0,1032.523281316,1032.6112312608
23,0,2032725,55036,AlPatch_2_0,1032.523281316,1032.6115237707
23,0,2032950,42617,AlPatch_0_1,10154.663804625,10154.750880465
23,0,2032949,42617,AlPatch_0_1,10154.663804625,10154.751147432
23,0,2032952,42526,AlPatch_2_0,10824.355784984,10824.45765241
23,0,2032951,42526,AlPatch_2_0,10824.355784984,10824.450664124
23,0,2033094,33748,AlPatch_1_0,5143.159972576,5143.2460290617
23,0,2033093,33748,AlPatch_1_0,5143.159972576,5143.2477411466
23,0,2033102,33176,AlPatch_0_0,3933.2311455365,3933.3196464912
23,0,2033101,33176,AlPatch_0_0,3933.2311455365,3933.3213013592
23,0,2033410,13848,AlPatch_2_1,14559.50087146,14559.588719728
23,0,2033409,13848,AlPatch_2_1,14559.50087146,14559.596931036
23,0,2033412,13830,AlPatch_0_0,10925.68356107,10925.786128348
23,0,2033411,13830,AlPatch_0_0,10925.68356107,10925.788054907
23,0,2033496,10070,AlPatch_1_1,19577.716831556,19577.815788103
23,0,2033495,10070,AlPatch_1_1,19577.716831556,19577.813807326
23,0,2033658,483,AlPatch_1_0,12147.477203509,12147.562924154
23,0,2033657,483,AlPatch_1_0,12147.477203509,12147.562696588
24,0,2001254,1929710,AlPatch_2_0,1030.9801125779,1031.0782531272
24,0,2001253,1929710,AlPatch_2_0,1030.9801125779,1031.0791585444
24,0,2001410,1921343,AlPatch_1_0,918.34024405269,918.4413333435
24,0,2001409,1921343,AlPatch_1_0,918.34024405269,918.4388543611
24,0,2002218,1870990,AlPatch_1_0,5038.557221083,5038.652585413
24,0,2002217,1870990,AlPatch_1_0,5038.557221083,5038.6551794816
24,0,2002362,1862654,AlPatch_0_1,8605.154778017,8605.2410914248
24,0,2002361,1862654,AlPatch_0_1,8605.154778017,8605.240719367
24,0,2002372,1862366,AlPatch_0_1,16272.704107495,16272.794937292
24,0,2002371,1862366,AlPatch_0_1,16272.704107495,16272.802895478
24,0,2002796,1835330,AlPatch_0_1,17149.213134125,17149.298825593
24,0,2002795,1835330,AlPatch_0_1,17149.213134125,17149.298388871
24,0,2002890,1829617,AlPatch_1_0,10707.903026519,10707.993537155
24,0,2002889,1829617,AlPatch_1_0,10707.903026519,10708.003113553
24,0,2003030,1820136,AlPatch_2_0,11223.880658422,11223.973394072
24,0,2003029,1820136,AlPatch_2_0,11223.880658422,11223.97560458
24,0,2003208,1808398,AlPatch_0_0,9712.6689153405,9712.7676081441
24,0,2003207,1808398,AlPatch_0_0,9712.6689153405,9712.7682222106
24,0,2003234,1806554,AlPatch_0_0,14991.283677456,14991.37151601
24,0,2003233,1806554,AlPatch_0_0,14991.283677456,14991.378478143
24,0,2003540,1788920,AlPatch_2_1,677.37019661456,677.46728162305
24,0,2003539,1788920,AlPatch_2_1,677.37019661456,677.46279827244
24,0,2003606,1784200,AlPatch_2_1,7481.2997193142,7481.3980919149
24,0,2003605,1784200,AlPatch_2_1,7481.2997193142,7481.3903079695
24,0,2004144,1753971,AlPatch_1_0,6731.342013093,6731.4313675177
24,0,2004143,1753971,AlPatch_1_0,6731.342013093,6731.4439568457
24,0,2004284,1745797,AlPatch_0_0,10164.466944169,10164.564539673
24,0,2004283,1745797,AlPatch_0_0,10164.466944169,10164.565993941
24,0,2004550,1730572,AlPatch_1_1,2047.9784867102,2048.0738657843
24,0,2004549,1730572,AlPatch_1_1,2047.9784867102,2048.0723249267
24,0,2004668,1724759,AlPatch_2_0,3401.7914210173,3401.8900367722
24,0,2004667,1724759,AlPatch_2_0,3401.7914210173,3401.8842686942
24,0,2004824,1715114,AlPatch_0_0,1942.5929706561,1942.6856096225
24,0,2004823,1715114,AlPatch_0_0,1942.5929706561,1942.6903244699
24,0,2005034,1702972,AlPatch_0_0,14871.313320636,14871.410906018
24,0,2005033,1702972,AlPatch_0_0,14871.313320636,14871.411349326
24,0,2005898,1652053,AlPatch_2_0,8103.8951732289,8104.0007411731
24,0,2005897,1652053,AlPatch_2_0,8103.8951732289,8103.9807885072
24,0,2006102,1637496,AlPatch_1_1,13763.603721205,13763.70214066
24,0,2006101,1637496,AlPatch_1_1,13763.603721205,13763.701184063
24,0,2006182,1633350,AlPatch_2_0,449.25527198636,449.34771133974
24,0,2006181,1633350,AlPatch_2_0,449.25527198636,449.34983395556
24,0,2006342,1624417,AlPatch_1_1,15291.293656376,15291.381071718
24,0,2006341,1624417,AlPatch_1_1,15291.293656376,15291.384367126
24,0,2006388,1622055,AlPatch_2_0,1899.4183693442,1899.5196573788
24,0,2006387,1622055,AlPatch_2_0,1899.4183693442,1899.5088758881
24,0,2006780,1597746,AlPatch_2_1,6190.5062917705,6190.5932374644
24,0,2006779,1597746,AlPatch_2_1,6190.5062917705,6190.5950228933
24,0,2006816,1595935,AlPatch_2_0,13501.132517575,13501.224786937
24,0,2006815,1595935,AlPatch_2_0,13501.132517575,13501.221463967
24,0,2006852,1594006,AlPatch_2_0,558.43194963422,558.5350602981
24,0,2006851,1594006,AlPatch_2_0,558.43194963422,558.51906623481
24,0,2007028,1583781,AlPatch_1_1,20152.58230723,20152.670021973
24,0,2007027,1583781,AlPatch_1_1,20152.58230723,20152.671417926
24,0,2007058,1581150,AlPatch_1_0,8282.5403404306,8282.6425309544
24,0,2007057,1581150,AlPatch_1_0,8282.5403404306,8282.6369131605
24,0,2007064,1580728,AlPatch_1_0,7842.3952450532,7842.4843361189
24,0,2007063,1580728,AlPatch_1_0,7842.3952450532,7842.4904062592
24,0,2007290,1566670,AlPatch_1_0,16244.486119645,16244.578296781
24,0,2007289,1566670,AlPatch_1_0,16244.486119645,16244.58067049
24,0,2007456,1557446,AlPatch_0_1,6572.9696436636,6573.06851211
24,0,2007455,1557446,AlPatch_0_1,6572.9696436636,6573.0692275117
24,0,2008054,1523476,AlPatch_1_0,20992.658981684,20992.756627785
24,0,2008053,1523476,AlPatch_1_0,20992.658981684,20992.754149294
24,0,2008326,1508117,AlPatch_1_0,12317.70560216,12317.805488711
24,0,2008325,1508117,AlPatch_1_0,12317.70560216,12317.794200998
24,0,2008928,1474637,AlPatch_1_1,10845.174594317,10845.271722908
24,0,2008927,1474637,AlPatch_1_1,10845.174594317,10845.262199325
24,0,2009216,1457692,AlPatch_2_0,4067.4542345899,4067.5542333695
24,0,2009215,1457692,AlPatch_2_0,4067.4542345899,4067.5498151886
24,0,2009370,1448868,AlPatch_0_1,5247.7076051319,5247.8005875894
24,0,2009369,1448868,AlPatch_0_1,5247.7076051319,5247.8008980142
24,0,2009384,1447760,AlPatch_2_1,2788.9284158576,2789.0181342486
24,0,2009383,1447760,AlPatch_2_1,2788.9284158576,2789.0324644144
24,0,2009512,1440517,AlPatch_0_1,5501.0398864161,5501.1283661807
24,0,2009511,1440517,AlPatch_0_1,5501.0398864161,5501.1293487886
24,0,2009604,1434315,AlPatch_2_1,12311.166478803,12311.26838334
24,0,2009603,1434315,AlPatch_2_1,12311.166478803,12311.262941753
24,0,2009686,1429212,AlPatch_0_1,4932.7273145934,4932.8139448907
24,0,2009685,1429212,AlPatch_0_1,4932.7273145934,4932.8158791159
24,0,2009754,1425764,AlPatch_2_1,1060.2015809527,1060.297999654
24,0,2009753,1425764,AlPatch_2_1,1060.2015809527,1060.2977830345
24,0,2009938,1415962,AlPatch_2_1,10224.674964619,10224.762958856
24,0,2009937,1415962,AlPatch_2_1,10224.674964619,10224.764918463
24,0,2010450,1385534,AlPatch_2_1,4747.0976861651,4747.1854400476
24,0,2010449,1385534,AlPatch_2_1,4747.0976861651,4747.1835060748
24,0,2010704,1371562,AlPatch_1_1,12955.095506344,12955.194307799
24,0,2010703,1371562,AlPatch_1_1,12955.095506344,12955.186153171
24,0,2011430,1328140,AlPatch_2_0,6949.1030605404,6949.2066551414
24,0,2011429,1328140,AlPatch_2_0,6949.1030605404,6949.2068337027
24,0,2011796,1305565,AlPatch_2_0,256.60862833039,256.69451351948
24,0,2011795,1305565,AlPatch_2_0,256.60862833039,256.69831459408
24,0,2012102,1284641,AlPatch_2_1,18111.789250609,18111.878764672
24,0,2012101,1284641,AlPatch_2_1,18111.789250609,18111.878859863
24,0,2012172,1280217,AlPatch_1_1,3235.2011667443,3235.2954178635
24,0,2012171,1280217,AlPatch_1_1,3235.2011667443,3235.2888208476
24,0,2012422,1265763,AlPatch_2_0,7252.1296930033,7252.219753511
24,0,2012421,1265763,AlPatch_2_0,7252.1296930033,7252.2192910024
24,0,2012538,1259366,AlPatch_0_0,7211.0405744148,7211.1339115209
24,0,2012537,1259366,AlPatch_0_0,7211.0405744148,7211.1427992819
24,0,2012734,1246062,AlPatch_0_1,6677.3417056287,6677.4279675352
24,0,2012733,1246062,AlPatch_0_1,6677.3417056287,6677.4276573065
24,0,2012948,1233217,AlPatch_2_0,3121.1484080606,3121.2373307846
24,0,2012947,1233217,AlPatch_2_0,3121.1484080606,3121.2370454571
24,0,2013026,1227550,AlPatch_0_0,18465.314484801,18465.407617083
24,0,2013025,1227550,AlPatch_0_0,18465.314484801,18465.413891243
24,0,2013182,1217318,AlPatch_0_1,17699.765152239,17699.860715599
24,0,2013181,1217318,AlPatch_0_1,17699.765152239,17699.856284626
24,0,2013280,1211183,AlPatch_2_1,1827.5636310836,1827.6652423153
24,0,2013279,1211183,AlPatch_2_1,1827.5636310836,1827.654489072
24,0,2014358,1146983,AlPatch_1_0,5453.1319457935,5453.2238955362
24,0,2014357,1146983,AlPatch_1_0,5453.1319457935,5453.2338113199
24,0,2014486,1139266,AlPatch_1_1,3275.9275278932,3276.0234823277
24,0,2014485,1139266,AlPatch_1_1,3275.9275278932,3276.0189993036
24,0,2014514,1136642,AlPatch_0_1,1716.6755628393,1716.7693176355
24,0,2014513,1136642,AlPatch_0_1,1716.6755628393,1716.7650489
24,0,2015266,1093269,AlPatch_1_0,5672.4443096677,5672.5321965058
24,0,2015265,1093269,AlPatch_1_0,5672.4443096677,5672.5312843797
24,0,2015594,1071907,AlPatch_2_1,18244.025671875,18244.122283275
24,0,2015593,1071907,AlPatch_2_1,18244.025671875,18244.125252534
24,0,2015620,1069846,AlPatch_1_1,13332.098071039,13332.198667615
24,0,2015619,1069846,AlPatch_1_1,13332.098071039,13332.18526919
24,0,2015638,1069011,AlPatch_2_1,6338.2017718072,6338.2940718218
24,0,2015637,1069011,AlPatch_2_1,6338.2017718072,6338.2951059474
24,0,2015928,1050762,AlPatch_2_0,544.63060932377,544.73041144176
24,0,2015927,1050762,AlPatch_2_0,544.63060932377,544.72873199257
24,0,2015976,1048578,AlPatch_2_1,486.18682743943,486.28068865065
24,0,2015975,1048578,AlPatch_2_1,486.18682743943,486.28026659051
24,0,2016076,1043915,AlPatch_2_1,2054.6079892611,2054.7098367928
24,0,2016075,1043915,AlPatch_2_1,2054.6079892611,2054.7045737128
24,0,2016084,1043492,AlPatch_1_0,2172.5388637123,2172.6271705686
24,0,2016083,1043492,AlPatch_1_0,2172.5388637123,2172.6387419025
24,0,2016212,1036431,AlPatch_1_1,6447.8485634088,6447.945004566
24,0,2016211,1036431,AlPatch_1_1,6447.8485634088,6447.940242969
24,0,2016246,1035057,AlPatch_0_0,9596.1317684676,9596.2335907683
24,0,2016245,1035057,AlPatch_0_0,9596.1317684676,9596.219157021
24,0,2016492,1020414,AlPatch_0_0,11253.127115687,11253.219577061
24,0,2016491,1020414,AlPatch_0_0,11253.127115687,11253.223341755
24,0,2016552,1016373,AlPatch_2_0,9571.9659245395,9572.0659643943
24,0,2016551,1016373,AlPatch_2_0,9571.9659245395,9572.0612224353
24,0,2016554,1016365,AlPatch_0_0,15408.521186309,15408.612932322
24,0,2016553,1016365,AlPatch_0_0,15408.521186309,15408.620048174
24,0,2016932,993676,AlPatch_1_1,3557.6769445266,3557.7718879262
24,0,2016931,993676,AlPatch_1_1,3557.6769445266,3557.7772723278
24,0,2016982,990554,AlPatch_0_1,8218.5109791092,8218.6046627695
24,0,2016981,990554,AlPatch_0_1,8218.5109791092,8218.604990298
24,0,2017360,966393,AlPatch_2_0,11920.980641296,11921.066125676
24,0,2017359,966393,AlPatch_2_0,11920.980641296,11921.08562843
24,0,2017436,961874,AlPatch_1_1,4542.4418454063,4542.5347080874
24,0,2017435,961874,AlPatch_1_1,4542.4418454063,4542.5343558336
24,0,2017496,957909,AlPatch_0_1,16715.794951175,16715.880729278
24,0,2017495,957909,AlPatch_0_1,16715.794951175,16715.894663256
24,0,2017622,949920,AlPatch_0_1,17414.470776351,17414.566135509
24,0,2017621,949920,AlPatch_0_1,17414.470776351,17414.562325749
24,0,2017840,937037,AlPatch_1_1,11221.152685006,11221.244516612
24,0,2017839,937037,AlPatch_1_1,11221.152685006,11221.242353271
24,0,2017980,928694,AlPatch_0_0,9079.264266801,9079.3605779275
24,0,2017979,928694,AlPatch_0_0,9079.264266801,9079.3553944717
24,0,2019150,867859,AlPatch_1_1,15922.468672247,15922.554842607
24,0,2019149,867859,AlPatch_1_1,15922.468672247,15922.556782283
24,0,2019154,867598,AlPatch_1_0,10650.45357404,10650.540529827
24,0,2019153,867598,AlPatch_1_0,10650.45357404,10650.540013916
24,0,2019354,855348,AlPatch_0_1,9406.6949460486,9406.7927348523
24,0,2019353,855348,AlPatch_0_1,9406.6949460487,9406.7873631028
24,0,2019428,851109,AlPatch_1_1,8524.382750973,8524.4682997818
24,0,2019427,851109,AlPatch_1_1,8524.382750973,8524.4875498526
24,0,2019444,849577,AlPatch_0_0,14736.534137802,14736.624644818
24,0,2019443,849577,AlPatch_0_0,14736.534137802,14736.635545836
24,0,2019802,827512,AlPatch_0_1,11387.264413403,11387.354739951
24,0,2019801,827512,AlPatch_0_1,11387.264413403,11387.353192544
24,0,2020208,805113,AlPatch_1_0,10639.966025963,10640.05179505
24,0,2020207,805113,AlPatch_1_0,10639.966025963,10640.052486821
24,0,2020258,801695,AlPatch_2_0,13886.341607082,13886.436907379
24,0,2020257,801695,AlPatch_2_0,13886.341607082,13886.436546924
24,0,2020442,791573,AlPatch_0_0,3181.7033411497,3181.7999097953
24,0,2020441,791573,AlPatch_0_0,3181.7033411497,3181.8024378269
24,0,2020834,768112,AlPatch_1_0,6370.6208860922,6370.7073653221
24,0,2020833,768112,AlPatch_1_0,6370.6208860922,6370.7083434739
24,0,2020968,761734,AlPatch_1_1,7930.6753218978,7930.7617115566
24,0,2020967,761734,AlPatch_1_1,7930.6753218978,7930.7611357849
24,0,2021172,749068,AlPatch_1_0,12411.050740391,12411.147587492
24,0,2021171,749068,AlPatch_1_0,12411.050740391,12411.136738875
24,0,2021372,735898,AlPatch_2_0,1071.6141401373,1071.7087209168
24,0,2021371,735898,AlPatch_2_0,1071.6141401373,1071.7130782452
24,0,2021742,713127,AlPatch_1_0,3495.6046816855,3495.6907948098
24,0,2021741,713127,AlPatch_1_0,3495.6046816855,3495.6902057795
24,0,2021838,706807,AlPatch_2_0,11879.284156108,11879.382436466
24,0,2021837,706807,AlPatch_2_0,11879.284156108,11879.374117071
24,0,2022916,643105,AlPatch_1_0,12504.56176413,12504.661776777
24,0,2022915,643105,AlPatch_1_0,12504.56176413,12504.660328064
24,0,2023292,619882,AlPatch_2_1,7168.5179411701,7168.6163610427
24,0,2023291,619882,AlPatch_2_1,7168.5179411701,7168.6120567685
24,0,2023562,602944,AlPatch_1_0,12924.04239034,12924.133968446
24,0,2023561,602944,AlPatch_1_0,12924.04239034,12924.129825751
24,0,2024206,565597,AlPatch_1_1,5921.2002651445,5921.3010530715
24,0,2024205,565597,AlPatch_1_1,5921.2002651445,5921.3059525267
24,0,2024446,549491,AlPatch_1_0,9807.5232764882,9807.6202995417
24,0,2024445,549491,AlPatch_1_0,9807.5232764882,9807.61836014
24,0,2025180,503346,AlPatch_2_0,466.36182324954,466.45651156692
24,0,2025179,503346,AlPatch_2_0,466.36182324954,466.45282322785
24,0,2025222,500118,AlPatch_1_0,15998.894610676,15998.981145689
24,0,2025221,500118,AlPatch_1_0,15998.894610676,15998.989227223
24,0,2025266,497845,AlPatch_2_0,2044.791128495,2044.877380162
24,0,2025265,497845,AlPatch_2_0,2044.791128495,2044.8820215653
24,0,2025526,483397,AlPatch_2_0,665.2735902719,665.37399954576
24,0,2025525,483397,AlPatch_2_0,665.2735902719,665.36950942362
24,0,2025680,473641,AlPatch_2_0,250.19599460138,250.2972787653
24,0,2025679,473641,AlPatch_2_0,250.19599460138,250.28253670674
24,0,2026296,435220,AlPatch_2_0,269.42619802987,269.5143907535
24,0,2026295,435220,AlPatch_2_0,269.42619802987,269.52970077044
24,0,2026362,432030,AlPatch_1_0,6089.547393051,6089.6497746197
24,0,2026361,432030,AlPatch_1_0,6089.547393051,6089.6328073486
24,0,2026522,423024,AlPatch_0_0,5010.725624766,5010.812658526
24,0,2026521,423024,AlPatch_0_0,5010.725624766,5010.8247465793
24,0,2026560,420674,AlPatch_2_0,708.61348655868,708.71296318106
24,0,2026559,420674,AlPatch_2_0,708.61348655868,708.7030769389
24,0,2026590,418593,AlPatch_2_0,709.88372816827,709.98886041487
24,0,2026589,418593,AlPatch_2_0,709.88372816827,709.96965719675
24,0,2026678,413873,AlPatch_0_0,15906.916095386,15907.002702834
24,0,2026677,413873,AlPatch_0_0,15906.916095386,15907.016256067
24,0,2026830,404023,AlPatch_2_0,9053.0639203229,9053.1526847642
24,0,2026829,404023,AlPatch_2_0,9053.0639203229,9053.154807651
24,0,2027104,387414,AlPatch_1_1,7530.7258362791,7530.8183849483
24,0,2027103,387414,AlPatch_1_1,7530.7258362791,7530.8182723764
24,0,2027132,385684,AlPatch_0_0,14362.156264036,14362.253523234
24,0,2027131,385684,AlPatch_0_0,14362.156264036,14362.258581459
24,0,2027400,370286,AlPatch_2_1,8932.0895148104,8932.1920122516
24,0,2027399,370286,AlPatch_2_1,8932.0895148104,8932.1758754002
24,0,2027524,363293,AlPatch_2_0,12862.981798667,12863.079439502
24,0,2027523,363293,AlPatch_2_0,12862.981798667,12863.082828645
24,0,2027820,345876,AlPatch_0_0,11352.05724538,11352.157899586
24,0,2027819,345876,AlPatch_0_0,11352.05724538,11352.158647568
24,0,2027878,342448,AlPatch_2_0,3006.7096716261,3006.8135058985
24,0,2027877,342448,AlPatch_2_0,3006.7096716261,3006.8120031798
24,0,2028164,326823,AlPatch_2_1,1245.3087130959,1245.4074309225
24,0,2028163,326823,AlPatch_2_1,1245.3087130959,1245.395138107
24,0,2028222,323833,AlPatch_2_0,2173.977272808,2174.0632550921
24,0,2028221,323833,AlPatch_2_0,2173.977272808,2174.0828852827
24,0,2028340,316291,AlPatch_0_0,12771.632547915,12771.726980345
24,0,2028339,316291,AlPatch_0_0,12771.632547915,12771.731961455
24,0,2028840,286478,AlPatch_2_1,2244.837076849,2244.9230012403
24,0,2028839,286478,AlPatch_2_1,2244.837076849,2244.9306704265
24,0,2028862,285384,AlPatch_2_0,14991.332715053,14991.423296784
24,0,2028861,285384,AlPatch_2_0,14991.332715053,14991.431244285
24,0,2028866,285131,AlPatch_0_1,6105.4006497867,6105.4881882213
24,0,2028865,285131,AlPatch_0_1,6105.4006497867,6105.5010393882
24,0,2029036,274051,AlPatch_2_1,1820.079817936,1820.1658478816
24,0,2029035,274051,AlPatch_2_1,1820.079817936,1820.1746868117
24,0,2029118,270429,AlPatch_1_1,8939.9627702045,8940.0516972028
24,0,2029117,270429,AlPatch_1_1,8939.9627702045,8940.0564477313
24,0,2029136,269745,AlPatch_2_0,2009.256680959,2009.3508155944
24,0,2029135,269745,AlPatch_2_0,2009.256680959,2009.344207992
24,0,2029472,247832,AlPatch_1_0,2687.433097326,2687.5199091427
24,0,2029471,247832,AlPatch_1_0,2687.433097326,2687.5200138175
24,0,2029568,242277,AlPatch_2_0,1554.6205836592,1554.7064966324
24,0,2029567,242277,AlPatch_2_0,1554.6205836592,1554.7122341398
24,0,2029860,224852,AlPatch_0_0,20368.122658438,20368.211270398
24,0,2029859,224852,AlPatch_0_0,20368.122658438,20368.208642773
24,0,2030070,212830,AlPatch_2_0,1535.0394533572,1535.1375154005
24,0,2030069,212830,AlPatch_2_0,1535.0394533572,1535.126183835
24,0,2030088,212027,AlPatch_1_1,2678.7873863722,2678.8765530195
24,0,2030087,212027,AlPatch_1_1,2678.7873863722,2678.882665404
24,0,2030514,186824,AlPatch_1_0,16373.091027349,16373.186506257
24,0,2030513,186824,AlPatch_1_0,16373.091027349,16373.183372477
24,0,2030786,171357,AlPatch_0_1,16514.523341739,16514.614140914
24,0,2030785,171357,AlPatch_0_1,16514.523341739,16514.619966834
24,0,2031310,140663,AlPatch_1_1,14958.496185724,14958.587978753
24,0,2031309,140663,AlPatch_1_1,14958.496185724,14958.593292617
24,0,2031638,118863,AlPatch_0_1,5628.9835257699,5629.0842952949
24,0,2031637,118863,AlPatch_0_1,5628.9835257699,5629.070677075
24,0,2031744,111505,AlPatch_1_0,9092.674021483,9092.7733909126
24,0,2031743,111505,AlPatch_1_0,9092.674021483,9092.7642955952
24,0,2031812,106694,AlPatch_2_1,449.96862918945,450.07048981292
24,0,2031811,106694,AlPatch_2_1,449.96862918945,450.05670536566
24,0,2032178,81164,AlPatch_1_0,14264.455062524,14264.547141136
24,0,2032177,81164,AlPatch_1_0,14264.455062524,14264.550895204
24,0,2032278,74472,AlPatch_2_0,13586.108087542,13586.202157835
24,0,2032277,74472,AlPatch_2_0,13586.108087542,13586.194254927
24,0,2032338,71532,AlPatch_2_0,718.29998551847,718.38723554644
24,0,2032337,71532,AlPatch_2_0,718.29998551847,718.38637284531
24,0,2032544,59821,AlPatch_1_1,3436.6803549817,3436.7807386887
24,0,2032543,59821,AlPatch_1_1,3436.6803549817,3436.769526444
24,0,2032710,49141,AlPatch_1_1,5628.591459685,5628.6836225707
24,0,2032709,49141,AlPatch_1_1,5628.591459685,5628.687560238
24,0,2033266,13940,AlPatch_0_0,2892.0389030047,2892.125998264
24,0,2033265,13940,AlPatch_0_0,2892.0389030047,2892.1254773464
24,0,2033284,12692,AlPatch_2_1,6260.318848935,6260.4137966758
24,0,2033283,12692,AlPatch_2_1,6260.318848935,6260.4178924754
2,0,2000236,1987352,AlPatch_2_0,16575.16524745,16575.262432048
2,0,2000235,1987352,AlPatch_2_0,16575.16524745,16575.273211614
2,0,2000520,1971342,AlPatch_2_0,3441.3836123658,3441.4786635407
2,0,2000519,1971342,AlPatch_2_0,3441.3836123658,3441.4821235775
2,0,2000842,1952620,AlPatch_1_1,6279.700295927,6279.7988729301
2,0,2000841,1952620,AlPatch_1_1,6279.700295927,6279.7969183757
2,0,2000958,1945465,AlPatch_1_1,12078.342617779,12078.437102872
2,0,2000957,1945465,AlPatch_1_1,12078.342617779,12078.436658722
2,0,2000970,1944685,AlPatch_1_1,9982.6415219222,9982.7302349921
2,0,2000969,1944685,AlPatch_1_1,9982.6415219222,9982.7307181334
2,0,2001134,1935695,AlPatch_2_0,1316.1775607953,1316.2743466239
2,0,2001133,1935695,AlPatch_2_0,1316.1775607953,1316.268865424
2,0,2001570,1909989,AlPatch_2_0,1619.9198521212,1620.0132756385
2,0,2001569,1909989,AlPatch_2_0,1619.9198521212,1620.0104670674
2,0,2001762,1896621,AlPatch_1_1,5994.3197691643,5994.4154175215
2,0,2001761,1896621,AlPatch_1_1,5994.3197691643,5994.4159714789
2,0,2001788,1895168,AlPatch_1_0,14323.08625626,14323.186155963
2,0,2001787,1895168,AlPatch_1_0,14323.08625626,14323.172311435
2,0,2002266,1865317,AlPatch_1_1,5930.1864000068,5930.2794238839
2,0,2002265,1865317,AlPatch_1_1,5930.1864000068,5930.276249117
2,0,2002352,1860714,AlPatch_0_1,3835.3307653169,3835.4191183149
2,0,2002351,1860714,AlPatch_0_1,3835.3307653169,3835.4166174099
2,0,2002368,1859937,AlPatch_2_1,15264.028791825,15264.132666406
2,0,2002367,1859937,AlPatch_2_1,15264.028791825,15264.128372133
2,0,2002734,1839083,AlPatch_2_1,17265.329740976,17265.423603783
2,0,2002733,1839083,AlPatch_2_1,17265.329740976,17265.42012681
2,0,2002772,1837081,AlPatch_2_0,784.3074314444,784.39962766384
2,0,2002771,1837081,AlPatch_2_0,784.3074314444,784.39637116803
2,0,2002832,1832456,AlPatch_2_0,5040.8980142959,5040.9865599212
2,0,2002831,1832456,AlPatch_2_0,5040.8980142959,5040.9945448056
2,0,2002848,1831109,AlPatch_2_0,365.2794059173,365.36683084608
2,0,2002847,1831109,AlPatch_2_0,365.2794059173,365.3697118073
2,0,2003364,1800924,AlPatch_0_0,6302.561004621,6302.6519583114
2,0,2003363,1800924,AlPatch_0_0,6302.561004621,6302.6624617577
2,0,2003416,1798067,AlPatch_0_1,3060.1580684011,3060.2562471081
2,0,2003415,1798067,AlPatch_0_1,3060.1580684011,3060.2524115852
2,0,2003474,1794664,AlPatch_2_0,1603.9163587367,1604.0118625171
2,0,2003473,1794664,AlPatch_2_0,1603.9163587367,1604.0046705005
2,0,2003498,1793001,AlPatch_2_1,8870.4935088419,8870.5822217661
2,0,2003497,1793001,AlPatch_2_1,8870.4935088419,8870.5824255178
2,0,2003548,1790747,AlPatch_2_1,1506.8347741846,1506.9311805519
2,0,2003547,1790747,AlPatch_2_1,1506.8347741846,1506.9256923424
2,0,2003760,1780046,AlPatch_1_0,3943.4446497101,3943.5390919942
2,0,2003759,1780046,AlPatch_1_0,3943.4446497101,3943.5360781554
2,0,2003794,1777588,AlPatch_2_0,16027.540061878,16027.627357671
2,0,2003793,1777588,AlPatch_2_0,16027.540061878,16027.640855354
2,0,2004230,1750596,AlPatch_0_0,3763.323069984,3763.4153432996
2,0,2004229,1750596,AlPatch_0_0,3763.323069984,3763.4237772078
2,0,2004782,1719247,AlPatch_1_1,3137.6156966064,3137.7021058039
2,0,2004781,1719247,AlPatch_1_1,3137.6156966064,3137.7193793068
2,0,2004784,1719042,AlPatch_2_0,6055.3907444866,6055.4874403747
2,0,2004783,1719042,AlPatch_2_0,6055.3907444866,6055.4797185068
2,0,2005042,1704267,AlPatch_2_1,9523.5760588034,9523.665805247
2,0,2005041,1704267,AlPatch_2_1,9523.5760588034,9523.6653057519
2,0,2005392,1681076,AlPatch_2_0,13777.263352808,13777.358347244
2,0,2005391,1681076,AlPatch_2_0,13777.263352808,13777.356458921
2,0,2005474,1675633,AlPatch_2_0,1975.9620821864,1976.0474099636
2,0,2005473,1675633,AlPatch_2_0,1975.9620821864,1976.0645518965
2,0,2005590,1667992,AlPatch_2_1,10508.510820185,10508.596382332
2,0,2005589,1667992,AlPatch_2_1,10508.510820185,10508.596164028
2,0,2005790,1655491,AlPatch_2_0,410.78389840709,410.87371367353
2,0,2005789,1655491,AlPatch_2_0,410.78389840709,410.88373013511
2,0,2006408,1620296,AlPatch_1_1,6887.103829896,6887.189542551
2,0,2006407,1620296,AlPatch_1_1,6887.103829896,6887.2044644833
2,0,2006722,1602171,AlPatch_1_0,19939.54581696,19939.637730179
2,0,2006721,1602171,AlPatch_1_0,19939.54581696,19939.638613686
2,0,2006752,1600422,AlPatch_0_0,12335.317114192,12335.403205008
2,0,2006751,1600422,AlPatch_0_0,12335.317114192,12335.40883577
2,0,2006820,1596006,AlPatch_1_0,4729.1411500145,4729.2305907507
2,0,2006819,1596006,AlPatch_1_0,4729.1411500145,4729.2372650239
2,0,2007136,1575613,AlPatch_0_0,10494.346665574,10494.433353263
2,0,2007135,1575613,AlPatch_0_0,10494.346665574,10494.433053523
2,0,2007262,1566967,AlPatch_2_0,488.95516624659,489.05189719617
2,0,2007261,1566967,AlPatch_2_0,488.95516624659,489.04821662035
2,0,2007486,1554070,AlPatch_1_0,2590.8974594639,2590.9852081795
2,0,2007485,1554070,AlPatch_1_0,2590.8974594639,2590.9924966137
2,0,2007504,1552492,AlPatch_0_1,10226.924532763,10227.018622053
2,0,2007503,1552492,AlPatch_0_1,10226.924532763,10227.017299583
2,0,2007754,1537363,AlPatch_2_1,3589.0824798831,3589.1821417154
2,0,2007753,1537363,AlPatch_2_1,3589.0824798831,3589.1710624286
2,0,2008008,1525135,AlPatch_1_0,11854.557659531,11854.643904179
2,0,2008007,1525135,AlPatch_1_0,11854.557659531,11854.64431752
2,0,2008034,1523081,AlPatch_1_1,2450.1050511052,2450.1907811153
2,0,2008033,1523081,AlPatch_1_1,2450.1050511052,2450.1971527765
2,0,2008036,1522952,AlPatch_1_1,14509.653514831,14509.752016626
2,0,2008035,1522952,AlPatch_1_1,14509.653514831,14509.746508547
2,0,2008148,1516899,AlPatch_2_0,10078.648905914,10078.748348784
2,0,2008147,1516899,AlPatch_2_0,10078.648905914,10078.735350567
2,0,2008258,1508199,AlPatch_2_0,2251.5329061195,2251.6243765543
2,0,2008257,1508199,AlPatch_2_0,2251.5329061195,2251.6311652249
2,0,2008888,1469696,AlPatch_2_1,3173.4745357818,3173.5757687738
2,0,2008887,1469696,AlPatch_2_1,3173.4745357818,3173.5619158558
2,0,2009146,1455137,AlPatch_2_1,13485.372068283,13485.471264032
2,0,2009145,1455137,AlPatch_2_1,13485.372068283,13485.476627884
2,0,2009666,1425919,AlPatch_0_1,12277.258203517,12277.34392052
2,0,2009665,1425919,AlPatch_0_1,12277.258203517,12277.348567394
2,0,2010040,1403047,AlPatch_2_0,257.4987749946,257.6009128458
2,0,2010039,1403047,AlPatch_2_0,257.4987749946,257.60125110577
2,0,2010286,1389015,AlPatch_0_0,12106.995757947,12107.088662147
2,0,2010285,1389015,AlPatch_0_0,12106.995757947,12107.086745519
2,0,2010402,1381608,AlPatch_2_0,607.67994297476,607.77066916315
2,0,2010401,1381608,AlPatch_2_0,607.67994297476,607.76642472521
2,0,2011032,1342948,AlPatch_2_0,7305.5483521806,7305.6450979511
2,0,2011031,1342948,AlPatch_2_0,7305.5483521806,7305.6418658069
2,0,2011652,1302520,AlPatch_1_0,946.1661834954,946.26644075421
2,0,2011651,1302520,AlPatch_1_0,946.1661834954,946.25689579045
2,0,2011890,1287477,AlPatch_2_0,922.71524469261,922.81661732161
2,0,2011889,1287477,AlPatch_2_0,922.71524469261,922.80290751655
2,0,2011932,1285026,AlPatch_1_1,11930.927782405,11931.022918941
2,0,2011931,1285026,AlPatch_1_1,11930.927782405,11931.023064583
2,0,2012050,1277883,AlPatch_2_0,5222.8597807789,5222.9613855279
2,0,2012049,1277883,AlPatch_2_0,5222.8597807789,5222.9493653702
2,0,2012338,1260836,AlPatch_2_0,422.0390676147,422.12508076473
2,0,2012337,1260836,AlPatch_2_0,422.0390676147,422.12588402913
2,0,2012562,1248957,AlPatch_2_0,249.98321252072,250.08388771308
2,0,2012561,1248957,AlPatch_2_0,249.98321252072,250.07209184514
2,0,2013054,1220717,AlPatch_1_0,11195.061099239,11195.16520083
2,0,2013053,1220717,AlPatch_1_0,11195.061099239,11195.161019395
2,0,2013326,1206952,AlPatch_1_0,807.7883290545,807.87848447404
2,0,2013325,1206952,AlPatch_1_0,807.7883290545,807.89129799555
2,0,2013666,1185358,AlPatch_2_0,682.60573303508,682.70941717993
2,0,2013665,1185358,AlPatch_2_0,682.60573303508,682.69277193772
2,0,2013948,1168118,AlPatch_1_0,11272.8009761,11272.887774636
2,0,2013947,1168118,AlPatch_1_0,11272.8009761,11272.890746914
2,0,2014054,1161874,AlPatch_2_0,3457.7818301461,3457.870932825
2,0,2014053,1161874,AlPatch_2_0,3457.7818301461,3457.8704658087
2,0,2014160,1154149,AlPatch_0_1,11122.263960915,11122.358509438
2,0,2014159,1154149,AlPatch_0_1,11122.263960915,11122.361180065
2,0,2014248,1148456,AlPatch_2_0,17438.218282425,17438.313192997
2,0,2014247,1148456,AlPatch_2_0,17438.218282425,17438.306509361
2,0,2014334,1144952,AlPatch_1_0,9880.172539637,9880.2772440931
2,0,2014333,1144952,AlPatch_1_0,9880.172539637,9880.2588514022
2,0,2014830,1113142,AlPatch_1_0,7568.810888794,7568.909514278
2,0,2014829,1113142,AlPatch_1_0,7568.810888794,7568.9045297785
2,0,2014842,1112892,AlPatch_0_1,11138.204109735,11138.293112839
2,0,2014841,1112892,AlPatch_0_1,11138.204109735,11138.297043105
2,0,2014884,1110678,AlPatch_2_1,4601.2345356951,4601.3372536723
2,0,2014883,1110678,AlPatch_2_1,4601.2345356951,4601.3323754765
2,0,2015340,1081690,AlPatch_0_0,2282.7642894924,2282.8560341723
2,0,2015339,1081690,AlPatch_0_0,2282.7642894924,2282.8558130042
2,0,2015456,1074322,AlPatch_1_1,4567.5421969275,4567.6312752641
2,0,2015455,1074322,AlPatch_1_1,4567.5421969275,4567.6340640786
2,0,2016082,1035788,AlPatch_2_0,256.24349517201,256.34009212005
2,0,2016081,1035788,AlPatch_2_0,256.24349517201,256.3342250787
2,0,2016334,1020078,AlPatch_0_1,3694.5364717741,3694.6244425496
2,0,2016333,1020078,AlPatch_0_1,3694.5364717741,3694.6377590814
2,0,2016864,990726,AlPatch_2_1,10166.169314676,10166.259186408
2,0,2016863,990726,AlPatch_2_1,10166.169314676,10166.259761271
2,0,2017248,965899,AlPatch_1_0,5303.7134891751,5303.8084220378
2,0,2017247,965899,AlPatch_1_0,5303.7134891751,5303.8051776181
2,0,2017254,965478,AlPatch_2_0,3852.2957573777,3852.3981921795
2,0,2017253,965478,AlPatch_2_0,3852.2957573777,3852.3827980415
2,0,2017322,961263,AlPatch_1_1,4326.0293227239,4326.1220146304
2,0,2017321,961263,AlPatch_1_1,4326.0293227239,4326.1170984409
2,0,2017490,950994,AlPatch_2_0,11998.304926406,11998.398613916
2,0,2017489,950994,AlPatch_2_0,11998.304926406,11998.398231562
2,0,2017554,947257,AlPatch_0_1,5922.0016087216,5922.0967227446
2,0,2017553,947257,AlPatch_0_1,5922.0016087216,5922.0940973211
2,0,2017798,931732,AlPatch_2_0,406.43407259419,406.5304028071
2,0,2017797,931732,AlPatch_2_0,406.43407259419,406.53218834216
2,0,2018064,917392,AlPatch_1_1,1087.3283026962,1087.427537195
2,0,2018063,917392,AlPatch_1_1,1087.3283026962,1087.4160713396
2,0,2018142,913248,AlPatch_2_1,2445.1703126394,2445.269618893
2,0,2018141,913248,AlPatch_2_1,2445.1703126394,2445.2677400786
2,0,2018674,881289,AlPatch_2_0,13176.84125318,13176.938533892
2,0,2018673,881289,AlPatch_2_0,13176.84125318,13176.939399286
2,0,2018816,872801,AlPatch_0_0,4460.7002459178,4460.7870096699
2,0,2018815,872801,AlPatch_0_0,4460.7002459178,4460.7869961357
2,0,2018936,865500,AlPatch_2_1,12461.721157846,12461.81872399
2,0,2018935,865500,AlPatch_2_1,12461.721157846,12461.823808339
2,0,2019010,861262,AlPatch_0_1,3984.1816297718,3984.2689051017
2,0,2019009,861262,AlPatch_0_1,3984.1816297718,3984.2695815559
2,0,2019354,839832,AlPatch_2_0,2334.8922384265,2334.9891055166
2,0,2019353,839832,AlPatch_2_0,2334.8922384265,2334.9831838112
2,0,2019508,830396,AlPatch_2_0,640.67874478275,640.78028692021
2,0,2019507,830396,AlPatch_2_0,640.67874478275,640.77571117965
2,0,2019774,814023,AlPatch_1_0,10658.301412482,10658.392304591
2,0,2019773,814023,AlPatch_1_0,10658.301412482,10658.400215507
2,0,2019802,812422,AlPatch_0_1,2832.0733524852,2832.1722865884
2,0,2019801,812422,AlPatch_0_1,2832.0733524852,2832.1640482357
2,0,2019980,801926,AlPatch_1_0,1264.6240860232,1264.7209962137
2,0,2019979,801926,AlPatch_1_0,1264.6240860232,1264.7158986696
2,0,2020172,792082,AlPatch_0_0,9667.7101013375,9667.8106441148
2,0,2020171,792082,AlPatch_0_0,9667.7101013375,9667.8009803641
2,0,2020182,791263,AlPatch_0_1,9262.3496777079,9262.44370538
2,0,2020181,791263,AlPatch_0_1,9262.3496777079,9262.4360604028
2,0,2020214,789325,AlPatch_0_0,1604.0208323131,1604.113340163
2,0,2020213,789325,AlPatch_0_0,1604.0208323132,1604.1142989711
2,0,2020266,785736,AlPatch_1_0,12476.392367842,12476.480368429
2,0,2020265,785736,AlPatch_1_0,12476.392367842,12476.484134326
2,0,2020488,772300,AlPatch_2_0,1059.1614824432,1059.2502539634
2,0,2020487,772300,AlPatch_2_0,1059.1614824432,1059.2488715277
2,0,2020490,772031,AlPatch_2_0,250.1325735008,250.21902396954
2,0,2020489,772031,AlPatch_2_0,250.1325735008,250.23310865518
2,0,2020636,764746,AlPatch_1_0,11959.851801687,11959.953333229
2,0,2020635,764746,AlPatch_1_0,11959.851801687,11959.938127466
2,0,2021110,734416,AlPatch_1_0,5404.9222830295,5405.0203168082
2,0,2021109,734416,AlPatch_1_0,5404.9222830295,5405.0142676714
2,0,2021156,731427,AlPatch_1_0,17464.854571974,17464.952883376
2,0,2021155,731427,AlPatch_1_0,17464.854571974,17464.948916655
2,0,2021306,721392,AlPatch_2_0,7950.2910712073,7950.3908813898
2,0,2021305,721392,AlPatch_2_0,7950.2910712073,7950.3811646592
2,0,2021400,715892,AlPatch_0_0,3728.1591519234,3728.2477120235
2,0,2021399,715892,AlPatch_0_0,3728.1591519234,3728.2459698351
2,0,2021446,713997,AlPatch_2_0,12800.906974665,12800.996740375
2,0,2021445,713997,AlPatch_2_0,12800.906974665,12800.999301587
2,0,2021474,712497,AlPatch_2_0,445.7788049053,445.88526580199
2,0,2021473,712497,AlPatch_2_0,445.7788049053,445.86478969339
2,0,2022114,670958,AlPatch_1_1,5150.1003400656,5150.1872566435
2,0,2022113,670958,AlPatch_1_1,5150.1003400656,5150.2011531744
2,0,2022186,666445,AlPatch_1_0,12609.842217897,12609.928846317
2,0,2022185,666445,AlPatch_1_0,12609.842217897,12609.928402813
2,0,2022822,628489,AlPatch_0_1,11434.417163982,11434.50974737
2,0,2022821,628489,AlPatch_0_1,11434.417163982,11434.520057674
2,0,2022836,627004,AlPatch_2_1,9910.1621141298,9910.2518337018
2,0,2022835,627004,AlPatch_2_1,9910.1621141298,9910.2522785026
2,0,2022952,620020,AlPatch_1_1,8394.5002621324,8394.5913438911
2,0,2022951,620020,AlPatch_1_1,8394.5002621324,8394.5916713052
2,0,2023364,595289,AlPatch_1_0,5120.7461709719,5120.8474382444
2,0,2023363,595289,AlPatch_1_0,5120.7461709719,5120.8364096763
2,0,2023514,586127,AlPatch_2_0,9989.3133569847,9989.4036283737
2,0,2023513,586127,AlPatch_2_0,9989.3133569847,9989.405010651
2,0,2023766,571411,AlPatch_2_0,252.67135940306,252.75758913275
2,0,2023765,571411,AlPatch_2_0,252.67135940306,252.75760588271
2,0,2023940,560595,AlPatch_2_0,6625.4968344335,6625.5935397895
2,0,2023939,560595,AlPatch_2_0,6625.4968344335,6625.5850928817
2,0,2023980,558356,AlPatch_0_0,12508.96244048,12509.06565217
2,0,2023979,558356,AlPatch_0_0,12508.96244048,12509.04946918
2,0,2024000,556881,AlPatch_2_1,9908.5307650363,9908.6372197776
2,0,2023999,556881,AlPatch_2_1,9908.5307650363,9908.6176730408
2,0,2024514,529323,AlPatch_2_1,2261.044583105,2261.1363637533
2,0,2024513,529323,AlPatch_2_1,2261.044583105,2261.1396963302
2,0,2024600,524380,AlPatch_1_0,3468.4584682295,3468.5610487641
2,0,2024599,524380,AlPatch_1_0,3468.4584682295,3468.5457162029
2,0,2024706,516255,AlPatch_0_0,10744.886150914,10744.97395816
2,0,2024705,516255,AlPatch_0_0,10744.886150914,10744.988852251
2,0,2024810,509245,AlPatch_0_1,15275.532136416,15275.625735603
2,0,2024809,509245,AlPatch_0_1,15275.532136416,15275.624727365
2,0,2024816,508857,AlPatch_1_1,16324.664239607,16324.762773475
2,0,2024815,508857,AlPatch_1_1,16324.664239607,16324.763843101
2,0,2025036,495021,AlPatch_2_0,7609.4814591659,7609.5755719464
2,0,2025035,495021,AlPatch_2_0,7609.4814591659,7609.5765004386
2,0,2025054,493007,AlPatch_0_1,2435.1293785998,2435.217137866
2,0,2025053,493007,AlPatch_0_1,2435.1293785998,2435.2164561085
2,0,2025114,489835,AlPatch_2_1,20098.601074357,20098.689583512
2,0,2025113,489835,AlPatch_2_1,20098.601074357,20098.689097882
2,0,2025236,483278,AlPatch_2_1,8870.4474837632,8870.5359901267
2,0,2025235,483278,AlPatch_2_1,8870.4474837632,8870.534779563
2,0,2025762,451142,AlPatch_0_1,13947.722058862,13947.816606825
2,0,2025761,451142,AlPatch_0_1,13947.722058862,13947.818462145
2,0,2025966,439122,AlPatch_1_0,1795.2454496374,1795.3336710232
2,0,2025965,439122,AlPatch_1_0,1795.2454496374,1795.3362388359
2,0,2026070,432365,AlPatch_1_0,2694.0893121066,2694.1913204398
2,0,2026069,432365,AlPatch_1_0,2694.0893121066,2694.176299838
2,0,2026188,425132,AlPatch_2_0,255.87569669036,255.97184704182
2,0,2026187,425132,AlPatch_2_0,255.87569669036,255.97184151716
2,0,2026422,411227,AlPatch_1_1,6927.6350945441,6927.7305281681
2,0,2026421,411227,AlPatch_1_1,6927.6350945441,6927.7225715706
2,0,2026460,409408,AlPatch_2_0,2583.2166404336,2583.3077110927
2,0,2026459,409408,AlPatch_2_0,2583.2166404336,2583.3106724541
2,0,2026606,399935,AlPatch_2_0,5210.4407329865,5210.5273730754
2,0,2026605,399935,AlPatch_2_0,5210.4407329865,5210.5352399033
2,0,2026902,384113,AlPatch_2_1,899.79456036872,899.89630992139
2,0,2026901,384113,AlPatch_2_1,899.79456036872,899.88003827269
2,0,2027190,364189,AlPatch_1_1,3362.134837664,3362.2233639325
2,0,2027189,364189,AlPatch_1_1,3362.134837664,3362.223955262
2,0,2027294,358525,AlPatch_0_1,8694.564232423,8694.6529032328
2,0,2027293,358525,AlPatch_0_1,8694.564232423,8694.6681979903
2,0,2027318,357225,AlPatch_2_0,278.31629384292,278.41817339345
2,0,2027317,357225,AlPatch_2_0,278.31629384292,278.40586002251
2,0,2027448,350117,AlPatch_1_1,9682.6752847657,9682.7702162685
2,0,2027447,350117,AlPatch_1_1,9682.6752847657,9682.7656850435
2,0,2028246,303369,AlPatch_2_0,743.21582188244,743.31305703992
2,0,2028245,303369,AlPatch_2_0,743.21582188244,743.31067649266
2,0,2028452,290273,AlPatch_1_1,13422.713371831,13422.815465869
2,0,2028451,290273,AlPatch_1_1,13422.713371831,13422.815759194
2,0,2028504,286813,AlPatch_2_1,16517.049171862,16517.151094152
2,0,2028503,286813,AlPatch_2_1,16517.049171862,16517.142275229
2,0,2029220,243402,AlPatch_2_0,500.45574274079,500.54595536708
2,0,2029219,243402,AlPatch_2_0,500.45574274079,500.55226408172
2,0,2029332,235379,AlPatch_2_0,288.80957470623,288.89623518834
2,0,2029331,235379,AlPatch_2_0,288.80957470623,288.89604664737
2,0,2029360,234172,AlPatch_2_0,262.02633745881,262.11938929458
2,0,2029359,234172,AlPatch_2_0,262.02633745881,262.1216671867
2,0,2029392,232067,AlPatch_0_0,8502.9902981168,8503.0892836024
2,0,2029391,232067,AlPatch_0_0,8502.9902981168,8503.0816926248
2,0,2029782,207417,AlPatch_0_0,6762.5346658341,6762.6225115705
2,0,2029781,207417,AlPatch_0_0,6762.5346658341,6762.6371081398
2,0,2029798,206923,AlPatch_0_0,1743.2234594759,1743.3182547489
2,0,2029797,206923,AlPatch_0_0,1743.2234594759,1743.3205243494
2,0,2030904,140558,AlPatch_2_1,7846.0297582259,7846.1169355841
2,0,2030903,140558,AlPatch_2_1,7846.0297582259,7846.1171222243
2,0,2030918,140242,AlPatch_2_0,19370.260082438,19370.359427583
2,0,2030917,140242,AlPatch_2_0,19370.260082438,19370.347155471
2,0,2031186,124945,AlPatch_2_0,6656.2270430333,6656.3278841828
2,0,2031185,124945,AlPatch_2_0,6656.2270430333,6656.314075535
2,0,2031198,123946,AlPatch_2_0,3836.2284387106,3836.3152098995
2,0,2031197,123946,AlPatch_2_0,3836.2284387106,3836.3308081052
2,0,2031330,115931,AlPatch_0_1,7304.0342562486,7304.1271805905
2,0,2031329,115931,AlPatch_0_1,7304.0342562486,7304.1266765036
2,0,2031366,113559,AlPatch_2_1,4658.8988898638,4659.0011674379
2,0,2031365,113559,AlPatch_2_1,4658.8988898638,4658.9950716864
2,0,2031388,111936,AlPatch_0_0,7505.2083675331,7505.3026256294
2,0,2031387,111936,AlPatch_0_0,7505.2083675331,7505.3033930133
2,0,2031792,86800,AlPatch_1_0,8476.9284339464,8477.0165493237
2,0,2031791,86800,AlPatch_1_0,8476.9284339464,8477.0156714445
2,0,2031852,83920,AlPatch_0_1,8532.6234527412,8532.716747059
2,0,2031851,83920,AlPatch_0_1,8532.6234527412,8532.715383041
2,0,2032014,73413,AlPatch_2_0,671.88846179266,671.97489516348
2,0,2032013,73413,AlPatch_2_0,671.88846179266,671.97526344525
2,0,2032126,67645,AlPatch_0_0,15461.366745213,15461.459274668
2,0,2032125,67645,AlPatch_0_0,15461.366745213,15461.456128585
2,0,2032222,62415,AlPatch_2_0,11427.81553239,11427.910009473
2,0,2032221,62415,AlPatch_2_0,11427.81553239,11427.903518017
2,0,2032450,50661,AlPatch_2_0,12986.228830878,12986.314696324
2,0,2032449,50661,AlPatch_2_0,12986.228830878,12986.328818085
2,0,2032500,47615,AlPatch_1_0,2489.8674383512,2489.9709474486
2,0,2032499,47615,AlPatch_1_0,2489.8674383512,2489.9538398941
2,0,2032592,42007,AlPatch_2_0,251.18471730561,251.28042777284
2,0,2032591,42007,AlPatch_2_0,251.18471730561,251.2848479558
2,0,2032932,21644,AlPatch_2_0,2190.3762567501,2190.4774057751
2,0,2032931,21644,AlPatch_2_0,2190.3762567501,2190.4729593672
2,0,2033172,6617,AlPatch_0_0,11540.240875134,11540.341265616
2,0,2033171,6617,AlPatch_0_0,11540.240875134,11540.340293371
3,0,2000098,1993634,AlPatch_1_1,3951.5645953134,3951.6627184558
3,0,2000097,1993634,AlPatch_1_1,3951.5645953134,3951.6580882001
3,0,2000212,1988209,AlPatch_0_0,9400.4247318843,9400.5169584368
3,0,2000211,1988209,AlPatch_0_0,9400.4247318843,9400.5145425549
3,0,2000296,1983839,AlPatch_1_0,2295.6952253369,2295.7922315557
3,0,2000295,1983839,AlPatch_1_0,2295.6952253369,2295.7889603673
3,0,2000344,1980251,AlPatch_2_1,9041.0530870976,9041.1448628731
3,0,2000343,1980251,AlPatch_2_1,9041.0530870976,9041.1446559599
3,0,2000388,1978170,AlPatch_2_1,15308.123865332,15308.219665464
3,0,2000387,1978170,AlPatch_2_1,15308.123865332,15308.216858882
3,0,2000412,1976634,AlPatch_0_1,14236.571571271,14236.673730805
3,0,2000411,1976634,AlPatch_0_1,14236.571571271,14236.65726244
3,0,2000574,1965323,AlPatch_2_1,1472.1307746387,1472.2166465387
3,0,2000573,1965323,AlPatch_2_1,1472.1307746387,1472.2172704183
3,0,2000580,1965060,AlPatch_1_0,13734.439078191,13734.540720256
3,0,2000579,1965060,AlPatch_1_0,13734.439078191,13734.533467689
3,0,2000728,1957146,AlPatch_1_1,8049.7118873057,8049.7976228005
3,0,2000727,1957146,AlPatch_1_1,8049.7118873057,8049.7971576158
3,0,2000846,1950013,AlPatch_2_0,8240.8795013162,8240.9780653489
3,0,2000845,1950013,AlPatch_2_0,8240.8795013162,8240.9693137795
3,0,2000864,1949124,AlPatch_0_0,9739.3018906849,9739.3942625434
3,0,2000863,1949124,AlPatch_0_0,9739.3018906849,9739.3939424098
3,0,2000966,1942233,AlPatch_2_1,958.8630244378,958.95279961025
3,0,2000965,1942233,AlPatch_2_1,958.8630244378,958.95763089156
3,0,2001060,1936393,AlPatch_1_0,963.91432436511,964.01109180359
3,0,2001059,1936393,AlPatch_1_0,963.91432436511,964.00802536147
3,0,2001136,1932191,AlPatch_1_0,3100.2997172561,3100.3953281526
3,0,2001135,1932191,AlPatch_1_0,3100.2997172561,3100.3941788801
3,0,2001400,1916035,AlPatch_0_1,7087.7227438945,7087.8222830292
3,0,2001399,1916035,AlPatch_0_1,7087.7227438945,7087.8216184471
3,0,2001700,1896060,AlPatch_1_1,16787.783087934,16787.872273928
3,0,2001699,1896060,AlPatch_1_1,16787.783087934,16787.885870006
3,0,2002076,1875221,AlPatch_0_1,11196.311572977,11196.399545838
3,0,2002075,1875221,AlPatch_0_1,11196.311572977,11196.398864637
3,0,2002424,1853663,AlPatch_2_0,14712.04325333,14712.139569854
3,0,2002423,1853663,AlPatch_2_0,14712.04325333,14712.134130255
3,0,2002470,1851420,AlPatch_1_0,13332.323880798,13332.416135154
3,0,2002469,1851420,AlPatch_1_0,13332.323880798,13332.420628379
3,0,2002608,1844621,AlPatch_0_0,6219.2848433493,6219.3794891939
3,0,2002607,1844621,AlPatch_0_0,6219.2848433493,6219.3759704815
3,0,2002742,1837774,AlPatch_0_1,10133.618567849,10133.705554581
3,0,2002741,1837774,AlPatch_0_1,10133.618567849,10133.70592587
3,0,2002924,1827161,AlPatch_2_1,2912.3274996887,2912.4183717571
3,0,2002923,1827161,AlPatch_2_1,2912.3274996887,2912.4215335805
3,0,2002954,1825244,AlPatch_1_0,13293.928267156,13294.024038202
3,0,2002953,1825244,AlPatch_1_0,13293.928267156,13294.018791075
3,0,2003314,1803381,AlPatch_2_1,1203.0468494726,1203.1351639548
3,0,2003313,1803381,AlPatch_2_1,1203.0468494726,1203.132155175
3,0,2003478,1792298,AlPatch_0_1,1748.3285130111,1748.4259513045
3,0,2003477,1792298,AlPatch_0_1,1748.3285130111,1748.4193383077
3,0,2003618,1783672,AlPatch_2_1,1494.8572310168,1494.9431845045
3,0,2003617,1783672,AlPatch_2_1,1494.8572310168,1494.9432670607
3,0,2003680,1780245,AlPatch_0_1,11126.471842015,11126.576761541
3,0,2003679,1780245,AlPatch_0_1,11126.471842015,11126.559476476
3,0,2003800,1773439,AlPatch_0_1,8207.4828649849,8207.5850258559
3,0,2003799,1773439,AlPatch_0_1,8207.4828649849,8207.5697868075
3,0,2003818,1772410,AlPatch_2_0,569.26522331721,569.35436779979
3,0,2003817,1772410,AlPatch_2_0,569.26522331721,569.35959147455
3,0,2004526,1728134,AlPatch_1_1,17027.66828021,17027.768465903
3,0,2004525,1728134,AlPatch_1_1,17027.66828021,17027.754854826
3,0,2004942,1703656,AlPatch_2_0,13319.731953712,13319.836091141
3,0,2004941,1703656,AlPatch_2_0,13319.731953712,13319.823573837
3,0,2005502,1668204,AlPatch_1_0,19302.12913955,19302.221687998
3,0,2005501,1668204,AlPatch_1_0,19302.12913955,19302.224179401
3,0,2006372,1613946,AlPatch_1_1,9051.0102202074,9051.0962372347
3,0,2006371,1613946,AlPatch_1_1,9051.0102202074,9051.1094124603
3,0,2006496,1606034,AlPatch_1_0,11012.922409701,11013.013632095
3,0,2006495,1606034,AlPatch_1_0,11012.922409701,11013.025568086
3,0,2006534,1603801,AlPatch_2_0,3858.6851907768,3858.7755866858
3,0,2006533,1603801,AlPatch_2_0,3858.6851907768,3858.7755315948
3,0,2006602,1600629,AlPatch_1_0,1320.4612999062,1320.5524903518
3,0,2006601,1600629,AlPatch_1_0,1320.4612999062,1320.5537679653
3,0,2006614,1599367,AlPatch_1_0,9922.0130299883,9922.1115785466
3,0,2006613,1599367,AlPatch_1_0,9922.0130299883,9922.1085348035
3,0,2006770,1589768,AlPatch_2_0,437.99785580007,438.09155294392
3,0,2006769,1589768,AlPatch_2_0,437.99785580007,438.09741717234
3,0,2006828,1586527,AlPatch_2_1,18638.160721036,18638.259629387
3,0,2006827,1586527,AlPatch_2_1,18638.160721036,18638.261666192
3,0,2007234,1563268,AlPatch_0_0,10333.409031784,10333.510675824
3,0,2007233,1563268,AlPatch_0_0,10333.409031784,10333.500277635
3,0,2007284,1560646,AlPatch_2_0,1103.0288151985,1103.1186969253
3,0,2007283,1560646,AlPatch_2_0,1103.0288151985,1103.1195754089
3,0,2007480,1550074,AlPatch_0_0,2807.7609705204,2807.8605301805
3,0,2007479,1550074,AlPatch_0_0,2807.7609705204,2807.8575107054
3,0,2007676,1540317,AlPatch_2_0,7441.6800285185,7441.7773551659
3,0,2007675,1540317,AlPatch_2_0,7441.6800285185,7441.7731650334
3,0,2007862,1532269,AlPatch_1_0,14798.466257407,14798.559094407
3,0,2007861,1532269,AlPatch_1_0,14798.466257407,14798.55521495
3,0,2007886,1531222,AlPatch_0_0,9911.6253262531,9911.7194706103
3,0,2007885,1531222,AlPatch_0_0,9911.6253262531,9911.7112082356
3,0,2007968,1525641,AlPatch_0_0,14659.441883982,14659.529672304
3,0,2007967,1525641,AlPatch_0_0,14659.441883982,14659.539180399
3,0,2008118,1518936,AlPatch_1_1,8793.7007531763,8793.7907509482
3,0,2008117,1518936,AlPatch_1_1,8793.7007531763,8793.7919784476
3,0,2008262,1509367,AlPatch_2_1,5351.3796974946,5351.465623598
3,0,2008261,1509367,AlPatch_2_1,5351.3796974946,5351.46636091
3,0,2008422,1498267,AlPatch_2_1,11036.678285192,11036.781983474
3,0,2008421,1498267,AlPatch_2_1,11036.678285192,11036.773830878
3,0,2008498,1493572,AlPatch_0_0,8464.1313570366,8464.2181698223
3,0,2008497,1493572,AlPatch_0_0,8464.1313570366,8464.2180448636
3,0,2008738,1480475,AlPatch_2_0,14950.636583234,14950.735202058
3,0,2008737,1480475,AlPatch_2_0,14950.636583234,14950.727821043
3,0,2008976,1465357,AlPatch_2_0,9379.5462002102,9379.6424503805
3,0,2008975,1465357,AlPatch_2_0,9379.5462002102,9379.6378816203
3,0,2009242,1448889,AlPatch_2_0,5455.0292386258,5455.1259957332
3,0,2009241,1448889,AlPatch_2_0,5455.0292386258,5455.1204109703
3,0,2009474,1437161,AlPatch_0_0,18658.826610788,18658.921926907
3,0,2009473,1437161,AlPatch_0_0,18658.826610788,18658.926146017
3,0,2009570,1432867,AlPatch_2_1,13248.283991658,13248.377690935
3,0,2009569,1432867,AlPatch_2_1,13248.283991658,13248.381702177
3,0,2009666,1427784,AlPatch_0_1,7176.5711367205,7176.6570614149
3,0,2009665,1427784,AlPatch_0_1,7176.5711367205,7176.6744318076
3,0,2009698,1425596,AlPatch_0_0,11869.266715676,11869.359597844
3,0,2009697,1425596,AlPatch_0_0,11869.266715676,11869.352341963
3,0,2009706,1425308,AlPatch_1_0,17255.859328145,17255.955656565
3,0,2009705,1425308,AlPatch_1_0,17255.859328145,17255.95692586
3,0,2010170,1399947,AlPatch_1_1,16944.402295282,16944.48819625
3,0,2010169,1399947,AlPatch_1_1,16944.402295282,16944.488182301
3,0,2010210,1397114,AlPatch_2_0,9539.1515969412,9539.2386603464
3,0,2010209,1397114,AlPatch_2_0,9539.1515969412,9539.2381651215
3,0,2010304,1392318,AlPatch_1_0,13700.303167298,13700.400221943
3,0,2010303,1392318,AlPatch_1_0,13700.303167298,13700.390750516
3,0,2010464,1383048,AlPatch_2_0,12640.743231313,12640.829445485
3,0,2010463,1383048,AlPatch_2_0,12640.743231313,12640.849027018
3,0,2010820,1362361,AlPatch_0_1,9455.995414288,9456.0886358446
3,0,2010819,1362361,AlPatch_0_1,9455.995414288,9456.0890225535
3,0,2011262,1336302,AlPatch_2_1,20231.176273158,20231.26316984
3,0,2011261,1336302,AlPatch_2_1,20231.176273158,20231.2627638
3,0,2011372,1329783,AlPatch_2_0,452.4882289842,452.57370275775
3,0,2011371,1329783,AlPatch_2_0,452.4882289842,452.57397074949
3,0,2011736,1307979,AlPatch_2_1,7994.5870600634,7994.6877206843
3,0,2011735,1307979,AlPatch_2_1,7994.5870600634,7994.6908602114
3,0,2012212,1278200,AlPatch_2_1,1928.9280337844,1929.028877594
3,0,2012211,1278200,AlPatch_2_1,1928.9280337844,1929.0301715188
3,0,2012246,1276852,AlPatch_2_0,493.42568597224,493.52328165515
3,0,2012245,1276852,AlPatch_2_0,493.42568597224,493.51563710708
3,0,2012420,1267536,AlPatch_1_0,8951.9649194286,8952.0559997558
3,0,2012419,1267536,AlPatch_1_0,8951.9649194286,8952.0634115743
3,0,2012556,1258566,AlPatch_1_1,14877.343353478,14877.434990436
3,0,2012555,1258566,AlPatch_1_1,14877.343353478,14877.441267037
3,0,2012602,1255711,AlPatch_1_0,8180.0617389034,8180.1595681245
3,0,2012601,1255711,AlPatch_1_0,8180.0617389034,8180.1516799533
3,0,2012924,1234104,AlPatch_1_0,5179.7062542328,5179.8019290899
3,0,2012923,1234104,AlPatch_1_0,5179.7062542328,5179.8019275913
3,0,2013216,1216522,AlPatch_0_1,11216.943288422,11217.036854539
3,0,2013215,1216522,AlPatch_0_1,11216.943288422,11217.028781801
3,0,2013422,1204767,AlPatch_2_0,5503.3723370182,5503.4680967731
3,0,2013421,1204767,AlPatch_2_0,5503.3723370182,5503.4633910716
3,0,2013672,1189492,AlPatch_1_1,12129.603355325,12129.702877198
3,0,2013671,1189492,AlPatch_1_1,12129.603355325,12129.6958007
3,0,2013880,1177865,AlPatch_2_0,12703.127926548,12703.219073837
3,0,2013879,1177865,AlPatch_2_0,12703.127926548,12703.219760561
3,0,2014170,1158350,AlPatch_1_0,9576.7404309217,9576.826882743
3,0,2014169,1158350,AlPatch_1_0,9576.7404309217,9576.8287254892
3,0,2014220,1155736,AlPatch_2_1,2763.8906021487,2763.9765684227
3,0,2014219,1155736,AlPatch_2_1,2763.8906021487,2763.9861208383
3,0,2014366,1146537,AlPatch_1_0,3298.9181624683,3299.0205129307
3,0,2014365,1146537,AlPatch_1_0,3298.9181624683,3299.0204474103
3,0,2014640,1129955,AlPatch_2_1,3308.5360326815,3308.6365772445
3,0,2014639,1129955,AlPatch_2_1,3308.5360326815,3308.6323800573
3,0,2014646,1129543,AlPatch_1_1,10510.284770596,10510.379195245
3,0,2014645,1129543,AlPatch_1_1,10510.284770596,10510.382450886
3,0,2014788,1120226,AlPatch_2_0,14539.441963205,14539.533746177
3,0,2014787,1120226,AlPatch_2_0,14539.441963205,14539.538366131
3,0,2014820,1117889,AlPatch_2_0,1425.9554898381,1426.057274423
3,0,2014819,1117889,AlPatch_2_0,1425.9554898381,1426.043116933
3,0,2014960,1111127,AlPatch_0_0,8931.0431884511,8931.1453618018
3,0,2014959,1111127,AlPatch_0_0,8931.0431884511,8931.1432681528
3,0,2015076,1103563,AlPatch_2_0,3359.9574795067,3360.0558905138
3,0,2015075,1103563,AlPatch_2_0,3359.9574795067,3360.0522467539
3,0,2015100,1101936,AlPatch_0_1,14507.096694436,14507.186001653
3,0,2015099,1101936,AlPatch_0_1,14507.096694436,14507.183519245
3,0,2015302,1088163,AlPatch_2_0,9784.4821024393,9784.56997236
3,0,2015301,1088163,AlPatch_2_0,9784.4821024393,9784.5705886334
3,0,2015464,1077091,AlPatch_0_1,2924.2964964112,2924.3894751867
3,0,2015463,1077091,AlPatch_0_1,2924.2964964112,2924.384063773
3,0,2015518,1074990,AlPatch_0_1,4011.181220703,4011.267399398
3,0,2015517,1074990,AlPatch_0_1,4011.181220703,4011.2773331616
3,0,2015952,1050463,AlPatch_2_1,12045.390852466,12045.490487142
3,0,2015951,1050463,AlPatch_2_1,12045.390852466,12045.489885747
3,0,2016008,1046682,AlPatch_2_1,7258.9332758334,7259.0207832704
3,0,2016007,1046682,AlPatch_2_1,7258.9332758334,7259.0200518396
3,0,2016060,1043895,AlPatch_1_1,5657.1418966051,5657.2410504363
3,0,2016059,1043895,AlPatch_1_1,5657.1418966051,5657.2327626899
3,0,2016328,1028130,AlPatch_0_0,14404.489285343,14404.575301727
3,0,2016327,1028130,AlPatch_0_0,14404.489285343,14404.593495765
3,0,2016420,1021605,AlPatch_1_1,12849.935535803,12850.030014832
3,0,2016419,1021605,AlPatch_1_1,12849.935535803,12850.030032257
3,0,2017062,981937,AlPatch_2_0,1430.1601543513,1430.2455853421
3,0,2017061,981937,AlPatch_2_0,1430.1601543513,1430.2459992067
3,0,2017078,980435,AlPatch_0_0,9071.0383231792,9071.1378900432
3,0,2017077,980435,AlPatch_0_0,9071.0383231792,9071.1266366503
3,0,2017124,978036,AlPatch_1_1,2067.9122148108,2068.0021328001
3,0,2017123,978036,AlPatch_1_1,2067.9122148108,2068.0044635517
3,0,2017286,968292,AlPatch_0_0,18030.87763073,18030.963296495
3,0,2017285,968292,AlPatch_0_0,18030.87763073,18030.980511282
3,0,2017308,967012,AlPatch_1_1,7400.7673954517,7400.866824216
3,0,2017307,967012,AlPatch_1_1,7400.7673954517,7400.8658139326
3,0,2017990,929358,AlPatch_1_1,9268.9523122659,9269.0383482697
3,0,2017989,929358,AlPatch_1_1,9268.9523122659,9269.0383439523
3,0,2018022,927119,AlPatch_1_0,1839.6860817216,1839.7788507313
3,0,2018021,927119,AlPatch_1_0,1839.6860817216,1839.7734824956
3,0,2018160,919986,AlPatch_0_0,9030.3275304381,9030.4271002374
3,0,2018159,919986,AlPatch_0_0,9030.3275304381,9030.4231254118
3,0,2018220,915896,AlPatch_0_0,8166.6919407085,8166.7821227426
3,0,2018219,915896,AlPatch_0_0,8166.6919407085,8166.7871979838
3,0,2018304,912059,AlPatch_1_0,21521.463318779,21521.557477916
3,0,2018303,912059,AlPatch_1_0,21521.463318779,21521.556994638
3,0,2018358,909503,AlPatch_2_1,18920.423176251,18920.50928061
3,0,2018357,909503,AlPatch_2_1,18920.423176251,18920.508968148
3,0,2018378,908427,AlPatch_2_0,1977.0613236318,1977.1497111488
3,0,2018377,908427,AlPatch_2_0,1977.0613236318,1977.1492951527
3,0,2018494,901946,AlPatch_1_0,1884.3513561307,1884.4498952009
3,0,2018493,901946,AlPatch_1_0,1884.3513561307,1884.4434174789
3,0,2018728,886917,AlPatch_2_1,2479.7368275837,2479.837357369
3,0,2018727,886917,AlPatch_2_1,2479.7368275837,2479.8235575653
3,0,2018810,881431,AlPatch_1_1,12105.073773811,12105.164583934
3,0,2018809,881431,AlPatch_1_1,12105.073773811,12105.165808187
3,0,2018852,879097,AlPatch_2_0,7182.9308616212,7183.019554212
3,0,2018851,879097,AlPatch_2_0,7182.9308616212,7183.0268782403
3,0,2018920,875952,AlPatch_2_1,459.92188174187,460.01991664724
3,0,2018919,875952,AlPatch_2_1,459.92188174187,460.00796502008
3,0,2019656,830598,AlPatch_1_0,3565.8264071707,3565.9203564982
3,0,2019655,830598,AlPatch_1_0,3565.8264071707,3565.9234481765
3,0,2019854,818985,AlPatch_0_1,2539.7607551905,2539.8465395765
3,0,2019853,818985,AlPatch_0_1,2539.7607551905,2539.846286815
3,0,2019866,818423,AlPatch_0_1,7544.0944537969,7544.1973732881
3,0,2019865,818423,AlPatch_0_1,7544.0944537969,7544.1837162178
3,0,2020266,793583,AlPatch_2_0,256.90594273729,256.99662385827
3,0,2020265,793583,AlPatch_2_0,256.90594273729,256.99833250762
3,0,2020730,765925,AlPatch_2_1,2059.4921276981,2059.5872246849
3,0,2020729,765925,AlPatch_2_1,2059.4921276981,2059.5909636323
3,0,2020778,763462,AlPatch_0_0,7101.290149314,7101.3837424455
3,0,2020777,763462,AlPatch_0_0,7101.290149314,7101.3784609805
3,0,2021028,749070,AlPatch_2_1,2066.032848235,2066.1218830715
3,0,2021027,749070,AlPatch_2_1,2066.032848235,2066.136047302
3,0,2021168,740714,AlPatch_1_1,9514.4497546082,9514.540620327
3,0,2021167,740714,AlPatch_1_1,9514.4497546082,9514.5371069664
3,0,2021472,723379,AlPatch_1_1,6256.4572593136,6256.5434515926
3,0,2021471,723379,AlPatch_1_1,6256.4572593136,6256.5464005564
3,0,2021780,701993,AlPatch_0_0,10763.690166058,10763.784166635
3,0,2021779,701993,AlPatch_0_0,10763.690166058,10763.787259534
3,0,2021992,688683,AlPatch_0_1,14504.096808388,14504.196803125
3,0,2021991,688683,AlPatch_0_1,14504.096808388,14504.189727246
3,0,2022348,668325,AlPatch_0_1,6589.7709507744,6589.8766932442
3,0,2022347,668325,AlPatch_0_1,6589.7709507744,6589.8581718212
3,0,2022498,660024,AlPatch_2_1,10165.93433502,10166.03460397
3,0,2022497,660024,AlPatch_2_1,10165.93433502,10166.02271632
3,0,2023282,611931,AlPatch_2_0,12688.216977698,12688.304596638
3,0,2023281,611931,AlPatch_2_0,12688.216977698,12688.32132052
3,0,2023386,605564,AlPatch_2_1,4844.3929662133,4844.4856466261
3,0,2023385,605564,AlPatch_2_1,4844.3929662133,4844.4865908814
3,0,2024662,528874,AlPatch_0_0,4170.7428501694,4170.8334345043
3,0,2024661,528874,AlPatch_0_0,4170.7428501694,4170.8419445485
3,0,2024820,521504,AlPatch_2_0,10592.514327382,10592.613355231
3,0,2024819,521504,AlPatch_2_0,10592.514327382,10592.605288313
3,0,2024832,520883,AlPatch_1_1,8245.5369171825,8245.627216415
3,0,2024831,520883,AlPatch_1_1,8245.5369171825,8245.6325257816
3,0,2025016,509694,AlPatch_2_0,1703.6527252565,1703.7449183447
3,0,2025015,509694,AlPatch_2_0,1703.6527252565,1703.7436846468
3,0,2025154,500087,AlPatch_1_0,7146.8014200081,7146.8994630665
3,0,2025153,500087,AlPatch_1_0,7146.8014200081,7146.8951872887
3,0,2025216,496369,AlPatch_2_1,5429.496227921,5429.5946763636
3,0,2025215,496369,AlPatch_2_1,5429.496227921,5429.5944299787
3,0,2025222,496226,AlPatch_2_1,1526.7535088364,1526.8413671422
3,0,2025221,496226,AlPatch_2_1,1526.7535088364,1526.8418272135
3,0,2025526,477327,AlPatch_2_0,9675.6953859008,9675.7895404365
3,0,2025525,477327,AlPatch_2_0,9675.6953859008,9675.7857536073
3,0,2025544,476592,AlPatch_1_0,10408.465875314,10408.563729462
3,0,2025543,476592,AlPatch_1_0,10408.465875314,10408.564466434
3,0,2025760,464537,AlPatch_0_1,5053.7979836953,5053.9034749677
3,0,2025759,464537,AlPatch_0_1,5053.7979836953,5053.8876748568
3,0,2026258,437679,AlPatch_0_0,16985.297398644,16985.386949869
3,0,2026257,437679,AlPatch_0_0,16985.297398644,16985.397960776
3,0,2026400,428900,AlPatch_0_1,5090.5896853091,5090.6833567307
3,0,2026399,428900,AlPatch_0_1,5090.5896853091,5090.6802743336
3,0,2027226,381260,AlPatch_2_0,416.63046476443,416.73682376504
3,0,2027225,381260,AlPatch_2_0,416.63046476444,416.7160263919
3,0,2027248,380190,AlPatch_0_1,1284.8847087302,1284.9717880042
3,0,2027247,380190,AlPatch_0_1,1284.8847087302,1284.9715516111
3,0,2027278,379192,AlPatch_0_1,1732.778036104,1732.8761607185
3,0,2027277,379192,AlPatch_0_1,1732.778036104,1732.866343405
3,0,2027710,352500,AlPatch_2_1,3094.810213182,3094.9120674876
3,0,2027709,352500,AlPatch_2_1,3094.810213182,3094.9033690856
3,0,2027734,351136,AlPatch_1_1,8972.0512683681,8972.1534110007
3,0,2027733,351136,AlPatch_1_1,8972.0512683682,8972.1527996928
3,0,2028026,334914,AlPatch_1_1,1670.8240444173,1670.921863232
3,0,2028025,334914,AlPatch_1_1,1670.8240444173,1670.9215540666
3,0,2028344,314003,AlPatch_1_1,1559.2831027107,1559.37222528
3,0,2028343,314003,AlPatch_1_1,1559.2831027107,1559.372579931
3,0,2028530,302600,AlPatch_2_1,8182.5830907187,8182.681200628
3,0,2028529,302600,AlPatch_2_1,8182.5830907187,8182.6747017118
3,0,2028622,296407,AlPatch_1_1,8282.5656988341,8282.6550761225
3,0,2028621,296407,AlPatch_1_1,8282.5656988341,8282.6546671796
3,0,2029312,255360,AlPatch_0_1,11661.488387484,11661.580910334
3,0,2029311,255360,AlPatch_0_1,11661.488387484,11661.581769098
3,0,2029318,255203,AlPatch_1_1,13487.436442917,13487.52264066
3,0,2029317,255203,AlPatch_1_1,13487.436442917,13487.538023918
3,0,2029512,244572,AlPatch_2_0,2022.2055102663,2022.2913880855
3,0,2029511,244572,AlPatch_2_0,2022.2055102663,2022.3001175358
3,0,2029716,231411,AlPatch_0_0,4349.8636736792,4349.9624273392
3,0,2029715,231411,AlPatch_0_0,4349.8636736792,4349.9561611147
3,0,2029936,221143,AlPatch_1_0,1674.9238070898,1675.0094656793
3,0,2029935,221143,AlPatch_1_0,1674.9238070898,1675.0090914442
3,0,2030032,215593,AlPatch_1_0,12570.416845376,12570.502811362
3,0,2030031,215593,AlPatch_1_0,12570.416845376,12570.52124329
3,0,2030078,213607,AlPatch_1_1,4373.1614177741,4373.258163843
3,0,2030077,213607,AlPatch_1_1,4373.1614177741,4373.2540630287
3,0,2030654,177074,AlPatch_2_0,252.7371875935,252.82973722688
3,0,2030653,177074,AlPatch_2_0,252.7371875935,252.83786648143
3,0,2030722,174054,AlPatch_2_1,12380.713167252,12380.804363301
3,0,2030721,174054,AlPatch_2_1,12380.713167252,12380.802693165
3,0,2031120,146542,AlPatch_2_0,14806.748934165,14806.838737349
3,0,2031119,146542,AlPatch_2_0,14806.748934165,14806.837864891
3,0,2031760,103531,AlPatch_2_1,5532.3506589874,5532.4433169093
3,0,2031759,103531,AlPatch_2_1,5532.3506589874,5532.4442194503
3,0,2031854,98577,AlPatch_0_0,18198.326084139,18198.427944306
3,0,2031853,98577,AlPatch_0_0,18198.326084139,18198.413237809
3,0,2032508,63229,AlPatch_1_1,11196.364824934,11196.449966165
3,0,2032507,63229,AlPatch_1_1,11196.364824934,11196.472747361
3,0,2032660,55287,AlPatch_2_1,4713.0720639709,4713.1722284449
3,0,2032659,55287,AlPatch_2_1,4713.0720639709,4713.1610599431
3,0,2032896,41199,AlPatch_1_1,6340.3913181538,6340.4789809975
3,0,2032895,41199,AlPatch_1_1,6340.3913181538,6340.4860593818
4,0,2000102,1993854,AlPatch_0_0,10288.183562328,10288.289941256
4,0,2000101,1993854,AlPatch_0_0,10288.183562328,10288.275136646
4,0,2000672,1961999,AlPatch_0_0,15200.086477287,15200.175485617
4,0,2000671,1961999,AlPatch_0_0,15200.086477287,15200.182687367
4,0,2000696,1960526,AlPatch_0_0,15047.893637864,15047.986568454
4,0,2000695,1960526,AlPatch_0_0,15047.893637864,15047.988365562
4,0,2001062,1937370,AlPatch_2_1,1445.3384179098,1445.4287011777
4,0,2001061,1937370,AlPatch_2_1,1445.3384179098,1445.4291526004
4,0,2001098,1935238,AlPatch_1_1,1512.2037888899,1512.2973139903
4,0,2001097,1935238,AlPatch_1_1,1512.2037888899,1512.2893326011
4,0,2001204,1929154,AlPatch_2_0,1927.2440183592,1927.3452667842
4,0,2001203,1929154,AlPatch_2_0,1927.2440183592,1927.3411534768
4,0,2001292,1924168,AlPatch_1_0,2115.1116874121,2115.1996064768
4,0,2001291,1924168,AlPatch_1_0,2115.1116874121,2115.1998050241
4,0,2001682,1902349,AlPatch_0_1,7947.9635751701,7948.0530717484
4,0,2001681,1902349,AlPatch_0_1,7947.9635751701,7948.0602189941
4,0,2001914,1888484,AlPatch_2_0,2159.7861040204,2159.8764320645
4,0,2001913,1888484,AlPatch_2_0,2159.7861040204,2159.8788319162
4,0,2001934,1887366,AlPatch_2_1,1588.2763006904,1588.376415106
4,0,2001933,1887366,AlPatch_2_1,1588.2763006904,1588.3642288517
4,0,2002004,1883642,AlPatch_2_0,261.49864841659,261.59582915429
4,0,2002003,1883642,AlPatch_2_0,261.49864841659,261.6006974742
4,0,2002274,1868464,AlPatch_1_0,2941.3879070501,2941.4737483414
4,0,2002273,1868464,AlPatch_1_0,2941.3879070501,2941.4733716682
4,0,2002318,1866646,AlPatch_2_0,469.14223345618,469.23607300718
4,0,2002317,1866646,AlPatch_2_0,469.14223345618,469.23763392507
4,0,2002330,1866135,AlPatch_0_1,14434.31925603,14434.409943633
4,0,2002329,1866135,AlPatch_0_1,14434.31925603,14434.417264908
4,0,2002934,1831848,AlPatch_1_0,2566.9398453432,2567.026893339
4,0,2002933,1831848,AlPatch_1_0,2566.9398453432,2567.0268671818
4,0,2003034,1825243,AlPatch_1_1,5137.956625214,5138.0519479285
4,0,2003033,1825243,AlPatch_1_1,5137.956625214,5138.0525554718
4,0,2003434,1802833,AlPatch_0_0,11463.291008309,11463.379136365
4,0,2003433,1802833,AlPatch_0_0,11463.291008309,11463.376966623
4,0,2003580,1795392,AlPatch_2_1,16852.23777027,16852.330931999
4,0,2003579,1795392,AlPatch_2_1,16852.23777027,16852.334776093
4,0,2003864,1777844,AlPatch_1_1,2960.9451038148,2961.0430850043
4,0,2003863,1777844,AlPatch_1_1,2960.9451038148,2961.0416333128
4,0,2004182,1759729,AlPatch_2_1,12310.270574734,12310.365054087
4,0,2004181,1759729,AlPatch_2_1,12310.270574734,12310.367737039
4,0,2004198,1758841,AlPatch_0_0,12632.986873557,12633.082038587
4,0,2004197,1758841,AlPatch_0_0,12632.986873557,12633.073620286
4,0,2004404,1746035,AlPatch_0_1,2156.6748141437,2156.7766235653
4,0,2004403,1746035,AlPatch_0_1,2156.6748141437,2156.7661673334
4,0,2004452,1742358,AlPatch_1_1,11677.950601282,11678.043097073
4,0,2004451,1742358,AlPatch_1_1,11677.950601282,11678.050297301
4,0,2004520,1739068,AlPatch_2_1,15165.18835624,15165.286088904
4,0,2004519,1739068,AlPatch_2_1,15165.18835624,15165.285715791
4,0,2004758,1726903,AlPatch_1_1,12282.731966603,12282.829724528
4,0,2004757,1726903,AlPatch_1_1,12282.731966603,12282.817474293
4,0,2004794,1725288,AlPatch_1_1,4792.5831113754,4792.6766303024
4,0,2004793,1725288,AlPatch_1_1,4792.5831113754,4792.6710198243
4,0,2004840,1723287,AlPatch_1_0,15419.44049728,15419.530758139
4,0,2004839,1723287,AlPatch_1_0,15419.44049728,15419.531783197
4,0,2004920,1718074,AlPatch_0_1,18523.825685281,18523.916462451
4,0,2004919,1718074,AlPatch_0_1,18523.825685281,18523.922741156
4,0,2004928,1717807,AlPatch_2_1,19628.013811594,19628.111467739
4,0,2004927,1717807,AlPatch_2_1,19628.013811594,19628.103623635
4,0,2005228,1696506,AlPatch_0_1,4328.8133637976,4328.9029373708
4,0,2005227,1696506,AlPatch_0_1,4328.8133637976,4328.9086387226
4,0,2005552,1679310,AlPatch_2_0,2880.1344090987,2880.2312135588
4,0,2005551,1679310,AlPatch_2_0,2880.1344090987,2880.2319151264
4,0,2005630,1675163,AlPatch_2_0,11414.03538617,11414.131111159
4,0,2005629,1675163,AlPatch_2_0,11414.03538617,11414.135991948
4,0,2005936,1657649,AlPatch_1_0,7811.3051034006,7811.3937845404
4,0,2005935,1657649,AlPatch_1_0,7811.3051034006,7811.3935186209
4,0,2006008,1652573,AlPatch_0_0,13266.453555922,13266.553453807
4,0,2006007,1652573,AlPatch_0_0,13266.453555922,13266.542023768
4,0,2006058,1649335,AlPatch_0_0,6937.5068101186,6937.5969606446
4,0,2006057,1649335,AlPatch_0_0,6937.5068101186,6937.6044225705
4,0,2006236,1638204,AlPatch_1_0,8103.8738074276,8103.9657692407
4,0,2006235,1638204,AlPatch_1_0,8103.8738074276,8103.9723803438
4,0,2006294,1634791,AlPatch_1_0,13353.163036051,13353.254032348
4,0,2006293,1634791,AlPatch_1_0,13353.163036051,13353.257314961
4,0,2006458,1624468,AlPatch_0_1,15465.976321096,15466.068739422
4,0,2006457,1624468,AlPatch_0_1,15465.976321096,15466.068760669
4,0,2006512,1621474,AlPatch_2_0,665.59768846119,665.6830240862
4,0,2006511,1621474,AlPatch_2_0,665.59768846119,665.69091114836
4,0,2006546,1619326,AlPatch_1_1,12907.779130276,12907.86707337
4,0,2006545,1619326,AlPatch_1_1,12907.779130276,12907.867972525
4,0,2006578,1616077,AlPatch_0_1,8327.4164665492,8327.5098302337
4,0,2006577,1616077,AlPatch_0_1,8327.4164665492,8327.502491787
4,0,2006612,1613973,AlPatch_1_0,11192.643415176,11192.728612826
4,0,2006611,1613973,AlPatch_1_0,11192.643415176,11192.737183338
4,0,2006668,1609453,AlPatch_2_0,3652.1592117612,3652.2444723675
4,0,2006667,1609453,AlPatch_2_0,3652.1592117612,3652.2614820437
4,0,2006796,1603187,AlPatch_2_1,7990.8345252006,7990.9198462051
4,0,2006795,1603187,AlPatch_2_1,7990.8345252006,7990.9199080361
4,0,2007120,1584125,AlPatch_0_0,9221.2756285331,9221.3775485141
4,0,2007119,1584125,AlPatch_0_0,9221.2756285331,9221.3689178864
4,0,2007408,1563847,AlPatch_1_0,2301.4514958261,2301.5388182319
4,0,2007407,1563847,AlPatch_1_0,2301.4514958261,2301.5447672786
4,0,2007536,1557094,AlPatch_0_1,5484.7829338037,5484.8711674272
4,0,2007535,1557094,AlPatch_0_1,5484.7829338037,5484.8824716641
4,0,2007836,1538579,AlPatch_2_0,446.86433959984,446.96242862105
4,0,2007835,1538579,AlPatch_2_0,446.86433959984,446.9547331257
4,0,2007930,1532517,AlPatch_2_1,6062.47663465,6062.5686549541
4,0,2007929,1532517,AlPatch_2_1,6062.47663465,6062.5811289791
4,0,2008014,1527234,AlPatch_1_0,2734.0727557228,2734.1622872729
4,0,2008013,1527234,AlPatch_1_0,2734.0727557228,2734.161759946
4,0,2008234,1514773,AlPatch_2_0,731.74596564553,731.83939978868
4,0,2008233,1514773,AlPatch_2_0,731.74596564553,731.83708124709
4,0,2008594,1493156,AlPatch_2_0,12132.223052379,12132.31646878
4,0,2008593,1493156,AlPatch_2_0,12132.223052379,12132.318739901
4,0,2008704,1487654,AlPatch_1_1,9725.5679265467,9725.6702279925
4,0,2008703,1487654,AlPatch_1_1,9725.5679265467,9725.6549677886
4,0,2008792,1482390,AlPatch_1_1,4665.214853801,4665.301028929
4,0,2008791,1482390,AlPatch_1_1,4665.214853801,4665.3209745619
4,0,2009350,1453433,AlPatch_1_0,991.36922951637,991.45625021909
4,0,2009349,1453433,AlPatch_1_0,991.36922951638,991.45530904776
4,0,2009380,1451650,AlPatch_0_0,8003.4493442936,8003.5372997082
4,0,2009379,1451650,AlPatch_0_0,8003.4493442936,8003.5378679785
4,0,2009546,1440964,AlPatch_1_0,7161.3027065241,7161.3934068579
4,0,2009545,1440964,AlPatch_1_0,7161.3027065241,7161.4013008619
4,0,2010318,1398098,AlPatch_0_1,2044.795813392,2044.8834115922
4,0,2010317,1398098,AlPatch_0_1,2044.795813392,2044.8858516831
4,0,2010470,1390082,AlPatch_2_1,3508.3290787453,3508.4168911333
4,0,2010469,1390082,AlPatch_2_1,3508.3290787453,3508.4165843659
4,0,2011158,1350255,AlPatch_0_0,2689.8681489704,2689.9592140156
4,0,2011157,1350255,AlPatch_0_0,2689.8681489704,2689.9572268336
4,0,2011170,1349136,AlPatch_0_0,3721.7767372383,3721.8673601924
4,0,2011169,1349136,AlPatch_0_0,3721.7767372383,3721.8687390945
4,0,2011532,1329324,AlPatch_2_1,17982.412144122,17982.51441838
4,0,2011531,1329324,AlPatch_2_1,17982.412144122,17982.513063397
4,0,2011542,1328774,AlPatch_0_0,12156.312759831,12156.404386533
4,0,2011541,1328774,AlPatch_0_0,12156.312759831,12156.411119634
4,0,2011572,1327006,AlPatch_2_0,2503.4341056183,2503.5323742965
4,0,2011571,1327006,AlPatch_2_0,2503.4341056183,2503.520628789
4,0,2011706,1318837,AlPatch_2_0,15269.744045585,15269.836788919
4,0,2011705,1318837,AlPatch_2_0,15269.744045585,15269.84110649
4,0,2011884,1307359,AlPatch_2_1,11491.373894825,11491.463166412
4,0,2011883,1307359,AlPatch_2_1,11491.373894825,11491.466020174
4,0,2011970,1302585,AlPatch_2_0,704.37448554634,704.46359270764
4,0,2011969,1302585,AlPatch_2_0,704.37448554634,704.46046517404
4,0,2012030,1299302,AlPatch_1_0,2234.6269180176,2234.7233905592
4,0,2012029,1299302,AlPatch_1_0,2234.6269180176,2234.7173344283
4,0,2012240,1284810,AlPatch_1_1,14313.484827101,14313.575282371
4,0,2012239,1284810,AlPatch_1_1,14313.484827101,14313.584048905
4,0,2012286,1281946,AlPatch_1_1,14734.8516362,14734.95281285
4,0,2012285,1281946,AlPatch_1_1,14734.8516362,14734.939732647
4,0,2012444,1273492,AlPatch_1_1,3232.3819753194,3232.4748056864
4,0,2012443,1273492,AlPatch_1_1,3232.3819753194,3232.4739396769
4,0,2012474,1271135,AlPatch_1_0,3914.4171064479,3914.5043527097
4,0,2012473,1271135,AlPatch_1_0,3914.4171064479,3914.5082523913
4,0,2012838,1251117,AlPatch_1_1,3706.0383267743,3706.1390006475
4,0,2012837,1251117,AlPatch_1_1,3706.0383267743,3706.125425505
4,0,2012864,1249231,AlPatch_2_0,8179.1615737359,8179.2590081468
4,0,2012863,1249231,AlPatch_2_0,8179.1615737359,8179.2570695613
4,0,2012924,1245333,AlPatch_0_0,10342.320291426,10342.420458773
4,0,2012923,1245333,AlPatch_0_0,10342.320291426,10342.408081884
4,0,2013076,1236095,AlPatch_2_0,810.84545062288,810.93672635439
4,0,2013075,1236095,AlPatch_2_0,810.84545062288,810.93235321057
4,0,2013196,1228994,AlPatch_2_0,7078.979251928,7079.0795457637
4,0,2013195,1228994,AlPatch_2_0,7078.979251928,7079.0796881492
4,0,2013770,1195517,AlPatch_0_0,8409.1424221671,8409.2411997271
4,0,2013769,1195517,AlPatch_0_0,8409.1424221671,8409.230005772
4,0,2013790,1194091,AlPatch_1_1,11175.578219983,11175.6778041
4,0,2013789,1194091,AlPatch_1_1,11175.578219983,11175.67823535
4,0,2014102,1177425,AlPatch_2_0,14156.149146214,14156.245558105
4,0,2014101,1177425,AlPatch_2_0,14156.149146214,14156.236997392
4,0,2014190,1172666,AlPatch_1_1,20559.78839985,20559.878604675
4,0,2014189,1172666,AlPatch_1_1,20559.78839985,20559.876045723
4,0,2015022,1125371,AlPatch_0_1,6901.5002685516,6901.5871366877
4,0,2015021,1125371,AlPatch_0_1,6901.5002685516,6901.5872616131
4,0,2015252,1113519,AlPatch_2_1,2303.3556696956,2303.4433387057
4,0,2015251,1113519,AlPatch_2_1,2303.3556696956,2303.4431964629
4,0,2015612,1093676,AlPatch_2_0,1823.0064685604,1823.0968796672
4,0,2015611,1093676,AlPatch_2_0,1823.0064685604,1823.0928794166
4,0,2015780,1084255,AlPatch_1_1,7981.8911569851,7981.9773143552
4,0,2015779,1084255,AlPatch_1_1,7981.8911569851,7981.9889091408
4,0,2015814,1082716,AlPatch_2_0,4017.4637859098,4017.5538966984
4,0,2015813,1082716,AlPatch_2_0,4017.4637859098,4017.5615586781
4,0,2015834,1081763,AlPatch_2_1,5883.5553971101,5883.642623451
4,0,2015833,1081763,AlPatch_2_1,5883.5553971101,5883.6516530508
4,0,2015858,1080509,AlPatch_2_0,653.85129273843,653.95353006713
4,0,2015857,1080509,AlPatch_2_0,653.85129273843,653.94048038875
4,0,2015906,1077721,AlPatch_0_0,3397.5005658517,3397.5876038946
4,0,2015905,1077721,AlPatch_0_0,3397.5005658517,3397.5879580363
4,0,2015930,1076151,AlPatch_2_0,23409.168836477,23409.260927488
4,0,2015929,1076151,AlPatch_2_0,23409.168836477,23409.260362955
4,0,2015934,1075865,AlPatch_2_0,2139.5341648187,2139.620066104
4,0,2015933,1075865,AlPatch_2_0,2139.5341648187,2139.6203646173
4,0,2015938,1075691,AlPatch_1_0,10376.245120335,10376.335429417
4,0,2015937,1075691,AlPatch_1_0,10376.245120335,10376.336607077
4,0,2016128,1064048,AlPatch_1_0,13103.183895024,13103.276350882
4,0,2016127,1064048,AlPatch_1_0,13103.183895024,13103.276133438
4,0,2016164,1061323,AlPatch_0_0,1395.2912080707,1395.3903751618
4,0,2016163,1061323,AlPatch_0_0,1395.2912080707,1395.3901854918
4,0,2016344,1049096,AlPatch_1_1,1459.5274613381,1459.6148012924
4,0,2016343,1049096,AlPatch_1_1,1459.5274613381,1459.6288562199
4,0,2017312,991876,AlPatch_2_0,282.45877399562,282.54633059611
4,0,2017311,991876,AlPatch_2_0,282.45877399562,282.55954062937
4,0,2017526,981001,AlPatch_1_1,3513.609888541,3513.6980077206
4,0,2017525,981001,AlPatch_1_1,3513.609888541,3513.6960332711
4,0,2017662,972171,AlPatch_2_0,9426.4510333731,9426.5495328458
4,0,2017661,972171,AlPatch_2_0,9426.4510333731,9426.5498479359
4,0,2017980,953341,AlPatch_1_1,728.69213767343,728.79372000441
4,0,2017979,953341,AlPatch_1_1,728.69213767343,728.77857042011
4,0,2018354,931849,AlPatch_2_0,775.93574747758,776.0356177633
4,0,2018353,931849,AlPatch_2_0,775.93574747758,776.02441860666
4,0,2018650,916470,AlPatch_2_0,1555.8181210605,1555.903854324
4,0,2018649,916470,AlPatch_2_0,1555.8181210605,1555.9039975359
4,0,2018656,916202,AlPatch_0_0,9073.2956158444,9073.3808364933
4,0,2018655,916202,AlPatch_0_0,9073.2956158444,9073.3840744467
4,0,2018686,914505,AlPatch_1_0,4464.1506860719,4464.2463105581
4,0,2018685,914505,AlPatch_1_0,4464.1506860719,4464.2404159787
4,0,2018704,913366,AlPatch_0_1,20645.509471364,20645.600019928
4,0,2018703,913366,AlPatch_0_1,20645.509471364,20645.609421318
4,0,2018772,909317,AlPatch_2_1,2016.108300822,2016.2007697594
4,0,2018771,909317,AlPatch_2_1,2016.108300822,2016.2005812099
4,0,2019122,890498,AlPatch_1_0,6836.0888696644,6836.1754397831
4,0,2019121,890498,AlPatch_1_0,6836.0888696644,6836.1910355583
4,0,2019184,886547,AlPatch_1_0,1014.407621508,1014.5010112957
4,0,2019183,886547,AlPatch_1_0,1014.407621508,1014.5043217404
4,0,2019298,880830,AlPatch_2_0,741.39309306928,741.48692664024
4,0,2019297,880830,AlPatch_2_0,741.39309306928,741.48514522625
4,0,2019590,864972,AlPatch_1_0,4507.6181213572,4507.7053392041
4,0,2019589,864972,AlPatch_1_0,4507.6181213572,4507.7046035332
4,0,2019812,849723,AlPatch_1_0,1833.4564418904,1833.5520755308
4,0,2019811,849723,AlPatch_1_0,1833.4564418904,1833.5493981313
4,0,2020120,829869,AlPatch_1_0,1681.7638011962,1681.8608605909
4,0,2020119,829869,AlPatch_1_0,1681.7638011962,1681.8557145886
4,0,2020146,828592,AlPatch_2_0,13560.260941182,13560.35645693
4,0,2020145,828592,AlPatch_2_0,13560.260941182,13560.355375777
4,0,2020230,823136,AlPatch_2_0,256.46723860673,256.55812480443
4,0,2020229,823136,AlPatch_2_0,256.46723860673,256.56161057086
4,0,2020400,812083,AlPatch_0_0,14290.195369753,14290.290640309
4,0,2020399,812083,AlPatch_0_0,14290.195369753,14290.295226189
4,0,2020584,801223,AlPatch_1_1,954.36036565417,954.45164026521
4,0,2020583,801223,AlPatch_1_1,954.36036565417,954.45292602788
4,0,2020612,797886,AlPatch_1_1,2717.8953527759,2717.9911826122
4,0,2020611,797886,AlPatch_1_1,2717.8953527759,2717.9810545724
4,0,2021124,764339,AlPatch_1_1,15872.993720646,15873.095999083
4,0,2021123,764339,AlPatch_1_1,15872.993720646,15873.085614969
4,0,2021170,761344,AlPatch_2_0,249.93353822288,250.02782215603
4,0,2021169,761344,AlPatch_2_0,249.93353822288,250.02244537492
4,0,2021464,745764,AlPatch_2_0,287.19277816186,287.29226833107
4,0,2021463,745764,AlPatch_2_0,287.19277816186,287.28231719927
4,0,2022038,713855,AlPatch_0_0,1737.8277342135,1737.9216317129
4,0,2022037,713855,AlPatch_0_0,1737.8277342135,1737.9231808659
4,0,2022114,707846,AlPatch_0_1,15683.115387353,15683.202576802
4,0,2022113,707846,AlPatch_0_1,15683.115387353,15683.206566418
4,0,2022132,706310,AlPatch_2_1,1979.8719853594,1979.9596763922
4,0,2022131,706310,AlPatch_2_1,1979.8719853594,1979.9721762355
4,0,2022176,703804,AlPatch_2_1,838.75900243836,838.84670662049
4,0,2022175,703804,AlPatch_2_1,838.75900243836,838.8468553236
4,0,2022232,700270,AlPatch_2_0,3497.0226658372,3497.112902941
4,0,2022231,700270,AlPatch_2_0,3497.0226658372,3497.1221737353
4,0,2022234,700259,AlPatch_2_1,6959.6651815569,6959.7628807477
4,0,2022233,700259,AlPatch_2_1,6959.6651815569,6959.7553778991
4,0,2023092,648663,AlPatch_1_1,4411.2187421562,4411.3079571151
4,0,2023091,648663,AlPatch_1_1,4411.2187421562,4411.3065955631
4,0,2023264,639188,AlPatch_2_0,927.17674667404,927.27029238593
4,0,2023263,639188,AlPatch_2_0,927.17674667404,927.27327674001
4,0,2023274,638554,AlPatch_2_1,11192.20658099,11192.298962637
4,0,2023273,638554,AlPatch_2_1,11192.20658099,11192.300362543
4,0,2023446,629454,AlPatch_2_0,258.96401787869,259.06293907035
4,0,2023445,629454,AlPatch_2_0,258.96401787869,259.05524437527
4,0,2023464,628614,AlPatch_2_0,11764.62293206,11764.715764128
4,0,2023463,628614,AlPatch_2_0,11764.62293206,11764.720518562
4,0,2023476,628105,AlPatch_1_1,1959.5327269683,1959.6257658219
4,0,2023475,628105,AlPatch_1_1,1959.5327269683,1959.6338804489
4,0,2023576,621002,AlPatch_0_0,12730.541965783,12730.642331759
4,0,2023575,621002,AlPatch_0_0,12730.541965783,12730.628072598
4,0,2023860,607301,AlPatch_2_1,2535.5448713279,2535.6436861973
4,0,2023859,607301,AlPatch_2_1,2535.5448713279,2535.6344833546
4,0,2023958,600954,AlPatch_2_1,16288.026465994,16288.116469409
4,0,2023957,600954,AlPatch_2_1,16288.026465994,16288.123854996
4,0,2024112,592216,AlPatch_2_0,7517.8041078675,7517.8955533663
4,0,2024111,592216,AlPatch_2_0,7517.8041078675,7517.9086994959
4,0,2024240,585786,AlPatch_2_0,506.72721603735,506.82192190321
4,0,2024239,585786,AlPatch_2_0,506.72721603735,506.81785128412
4,0,2024332,580704,AlPatch_0_1,4671.182086017,4671.2712619835
4,0,2024331,580704,AlPatch_0_1,4671.182086017,4671.2723354078
4,0,2024564,565107,AlPatch_2_0,242.57733117811,242.67961024607
4,0,2024563,565107,AlPatch_2_0,242.57733117811,242.66475018116
4,0,2024798,548175,AlPatch_0_0,8978.3093543297,8978.3979338607
4,0,2024797,548175,AlPatch_0_0,8978.3093543297,8978.4095022468
4,0,2025026,535664,AlPatch_0_0,7514.1526137871,7514.2471858615
4,0,2025025,535664,AlPatch_0_0,7514.1526137871,7514.246672011
4,0,2025088,532124,AlPatch_2_0,4093.9252422732,4094.0200974366
4,0,2025087,532124,AlPatch_2_0,4093.9252422732,4094.0175026469
4,0,2025816,486516,AlPatch_1_0,6265.0009386805,6265.090738663
4,0,2025815,486516,AlPatch_1_0,6265.0009386805,6265.108773386
4,0,2025854,484220,AlPatch_0_0,4348.738780413,4348.8291614771
4,0,2025853,484220,AlPatch_0_0,4348.738780413,4348.8293965514
4,0,2025922,480064,AlPatch_2_0,468.3574567368,468.44680645571
4,0,2025921,480064,AlPatch_2_0,468.3574567368,468.45199186242
4,0,2026230,462082,AlPatch_2_0,679.40641406369,679.50119508586
4,0,2026229,462082,AlPatch_2_0,679.40641406369,679.50456140555
4,0,2026334,455579,AlPatch_0_0,2357.6294943612,2357.7232107507
4,0,2026333,455579,AlPatch_0_0,2357.6294943612,2357.7296490655
4,0,2026430,450432,AlPatch_1_0,13555.651096566,13555.743187393
4,0,2026429,450432,AlPatch_1_0,13555.651096566,13555.752681717
4,0,2026544,444804,AlPatch_1_1,850.02425155672,850.118647888
4,0,2026543,444804,AlPatch_1_1,850.02425155672,850.11872230263
4,0,2026570,443345,AlPatch_2_0,9853.6691475089,9853.7583279789
4,0,2026569,443345,AlPatch_2_0,9853.6691475089,9853.7577110722
4,0,2026878,425205,AlPatch_0_1,5552.8953289574,5552.9848197407
4,0,2026877,425205,AlPatch_0_1,5552.8953289574,5552.9848268244
4,0,2026902,423128,AlPatch_1_0,11894.052042072,11894.14478621
4,0,2026901,423128,AlPatch_1_0,11894.052042072,11894.145657167
4,0,2027058,415710,AlPatch_0_0,10986.872605834,10986.971440474
4,0,2027057,415710,AlPatch_0_0,10986.872605834,10986.969449735
4,0,2027074,414875,AlPatch_1_1,5953.4434006326,5953.53993529
4,0,2027073,414875,AlPatch_1_1,5953.4434006326,5953.5319317553
4,0,2027112,412220,AlPatch_2_1,5644.2400596764,5644.3343325209
4,0,2027111,412220,AlPatch_2_1,5644.2400596764,5644.3273556693
4,0,2027330,398181,AlPatch_2_0,1279.1045500247,1279.1939118606
4,0,2027329,398181,AlPatch_2_0,1279.1045500247,1279.2017381962
4,0,2027592,381717,AlPatch_2_0,13884.251553384,13884.348757485
4,0,2027591,381717,AlPatch_2_0,13884.251553384,13884.342419957
4,0,2027812,369670,AlPatch_1_0,8619.1156312833,8619.2087499061
4,0,2027811,369670,AlPatch_1_0,8619.1156312833,8619.2111665578
4,0,2027888,364140,AlPatch_2_0,5482.9162692635,5483.0051804667
4,0,2027887,364140,AlPatch_2_0,5482.9162692635,5483.0038196097
4,0,2028220,345543,AlPatch_2_0,267.82372521922,267.92351591825
4,0,2028219,345543,AlPatch_2_0,267.82372521922,267.92009164663
4,0,2028414,334548,AlPatch_2_0,16852.612536189,16852.713127972
4,0,2028413,334548,AlPatch_2_0,16852.612536189,16852.698303862
4,0,2028478,330519,AlPatch_2_0,934.22417710802,934.31416397559
4,0,2028477,330519,AlPatch_2_0,934.22417710802,934.32297231308
4,0,2028498,329740,AlPatch_2_0,561.74252297064,561.84033199102
4,0,2028497,329740,AlPatch_2_0,561.74252297064,561.83438406516
4,0,2029708,258516,AlPatch_2_0,504.61960014394,504.71871843747
4,0,2029707,258516,AlPatch_2_0,504.61960014394,504.70545102868
4,0,2029894,246063,AlPatch_2_1,3651.4755249163,3651.572528514
4,0,2029893,246063,AlPatch_2_1,3651.4755249163,3651.5720590747
4,0,2030326,221801,AlPatch_2_0,267.98479372503,268.08348366314
4,0,2030325,221801,AlPatch_2_0,267.98479372503,268.07482766039
4,0,2030662,201165,AlPatch_1_1,10170.015305777,10170.101478303
4,0,2030661,201165,AlPatch_1_1,10170.015305777,10170.105519575
4,0,2031440,157701,AlPatch_1_1,4211.7093865804,4211.8075175689
4,0,2031439,157701,AlPatch_1_1,4211.7093865804,4211.7964254997
4,0,2031588,150586,AlPatch_1_1,15811.511577357,15811.612155701
4,0,2031587,150586,AlPatch_1_1,15811.511577357,15811.609712845
4,0,2031650,146712,AlPatch_2_0,1185.6769302077,1185.7679735531
4,0,2031649,146712,AlPatch_2_0,1185.6769302077,1185.7641472344
4,0,2032646,86526,AlPatch_0_0,1416.9368864645,1417.0234820353
4,0,2032645,86526,AlPatch_0_0,1416.9368864645,1417.023162801
4,0,2032700,83137,AlPatch_2_0,8166.1698334011,8166.2619751947
4,0,2032699,83137,AlPatch_2_0,8166.1698334011,8166.258473976
4,0,2032982,64852,AlPatch_1_0,4967.8658914618,4967.9546419884
4,0,2032981,64852,AlPatch_1_0,4967.8658914618,4967.9552777007
4,0,2033010,63388,AlPatch_2_1,9043.9135648515,9044.0003991349
4,0,2033009,63388,AlPatch_2_1,9043.9135648516,9044.0128344833
4,0,2033040,61081,AlPatch_1_0,1410.7942249219,1410.8933223967
4,0,2033039,61081,AlPatch_1_0,1410.7942249219,1410.8950335423
4,0,2033044,60764,AlPatch_0_0,5905.1474956324,5905.2370915106
4,0,2033043,60764,AlPatch_0_0,5905.1474956324,5905.2369397983
4,0,2033064,60004,AlPatch_2_1,3960.0014885675,3960.0964106994
4,0,2033063,60004,AlPatch_2_1,3960.0014885675,3960.0990475448
4,0,2033082,59227,AlPatch_1_1,1981.8527681789,1981.9418328948
4,0,2033081,59227,AlPatch_1_1,1981.8527681789,1981.9414188084
4,0,2033130,56139,AlPatch_2_1,13953.001484519,13953.092286828
4,0,2033129,56139,AlPatch_2_1,13953.001484519,13953.094685139
4,0,2033208,52266,AlPatch_2_0,1488.2269649895,1488.3137729144
4,0,2033207,52266,AlPatch_2_0,1488.2269649895,1488.3176781536
4,0,2033250,49521,AlPatch_2_0,560.26856032836,560.36951957693
4,0,2033249,49521,AlPatch_2_0,560.26856032836,560.36565372662
4,0,2033360,42745,AlPatch_0_1,5346.5590197388,5346.656126953
4,0,2033359,42745,AlPatch_0_1,5346.5590197388,5346.6516047147
4,0,2033670,24824,AlPatch_0_0,10904.884100427,10904.98376123
4,0,2033669,24824,AlPatch_0_0,10904.884100427,10904.972578107
4,0,2033804,19165,AlPatch_2_1,13450.303446456,13450.402354565
4,0,2033803,19165,AlPatch_2_1,13450.303446456,13450.391710211
4,0,2033990,6638,AlPatch_1_0,15251.51555198,15251.605223619
4,0,2033989,6638,AlPatch_1_0,15251.51555198,15251.607732342
5,0,2000040,1997121,AlPatch_2_0,13321.327454216,13321.414300327
5,0,2000039,1997121,AlPatch_2_0,13321.327454216,13321.429142635
5,0,2000070,1995183,AlPatch_0_0,11995.426273095,11995.515666934
5,0,2000069,1995183,AlPatch_0_0,11995.426273095,11995.513441846
5,0,2000236,1986914,AlPatch_1_0,4800.6817303427,4800.7669165779
5,0,2000235,1986914,AlPatch_1_0,4800.6817303427,4800.7753229696
5,0,2000308,1982063,AlPatch_1_0,9488.6518487019,9488.7481426957
5,0,2000307,1982063,AlPatch_1_0,9488.6518487019,9488.7504713964
5,0,2001650,1900635,AlPatch_0_0,12977.465629765,12977.556579533
5,0,2001649,1900635,AlPatch_0_0,12977.465629765,12977.565852809
5,0,2001716,1896653,AlPatch_2_1,2044.5394696473,2044.6420964296
5,0,2001715,1896653,AlPatch_2_1,2044.5394696473,2044.6409829927
5,0,2001982,1880168,AlPatch_2_0,634.48662765396,634.57213843185
5,0,2001981,1880168,AlPatch_2_0,634.48662765396,634.57819868696
5,0,2002120,1873083,AlPatch_0_1,13199.562189958,13199.653990467
5,0,2002119,1873083,AlPatch_0_1,13199.562189958,13199.648503631
5,0,2002472,1852162,AlPatch_0_0,11575.081646553,11575.170367731
5,0,2002471,1852162,AlPatch_0_0,11575.081646553,11575.17111485
5,0,2002684,1839348,AlPatch_2_0,2178.1538378298,2178.2543159873
5,0,2002683,1839348,AlPatch_2_0,2178.1538378298,2178.2394368417
5,0,2002764,1834251,AlPatch_0_0,10936.967391495,10937.059445631
5,0,2002763,1834251,AlPatch_0_0,10936.967391495,10937.071188044
5,0,2002776,1833595,AlPatch_2_1,13000.19291268,13000.282615083
5,0,2002775,1833595,AlPatch_2_1,13000.19291268,13000.291318405
5,0,2002908,1825081,AlPatch_0_0,4662.9170467879,4663.0083839271
5,0,2002907,1825081,AlPatch_0_0,4662.9170467879,4663.0139485062
5,0,2002922,1824461,AlPatch_2_0,1664.8012535489,1664.897761309
5,0,2002921,1824461,AlPatch_2_0,1664.8012535489,1664.8999444022
5,0,2003002,1820023,AlPatch_1_0,7439.6143134725,7439.7098654259
5,0,2003001,1820023,AlPatch_1_0,7439.6143134725,7439.7107569553
5,0,2003640,1783139,AlPatch_2_1,15664.139549853,15664.225592002
5,0,2003639,1783139,AlPatch_2_1,15664.139549853,15664.23163427
5,0,2003642,1783032,AlPatch_1_1,14811.396350906,14811.495825165
5,0,2003641,1783032,AlPatch_1_1,14811.396350906,14811.489647575
5,0,2003668,1780951,AlPatch_1_1,1415.8253682491,1415.9153609081
5,0,2003667,1780951,AlPatch_1_1,1415.8253682491,1415.9154252505
5,0,2003830,1770158,AlPatch_2_0,256.93860705745,257.03368345316
5,0,2003829,1770158,AlPatch_2_0,256.93860705745,257.03079836225
5,0,2003860,1768138,AlPatch_2_1,17711.293675903,17711.380161034
5,0,2003859,1768138,AlPatch_2_1,17711.293675903,17711.381122033
5,0,2003970,1761459,AlPatch_0_1,15340.838171294,15340.925236434
5,0,2003969,1761459,AlPatch_0_1,15340.838171294,15340.942672789
5,0,2004036,1758408,AlPatch_1_0,4943.6319745684,4943.7287766463
5,0,2004035,1758408,AlPatch_1_0,4943.6319745684,4943.7242753358
5,0,2004168,1752170,AlPatch_1_1,13874.54627856,13874.634832479
5,0,2004167,1752170,AlPatch_1_1,13874.54627856,13874.633166869
5,0,2004220,1749147,AlPatch_0_0,2637.0267500026,2637.1295921945
5,0,2004219,1749147,AlPatch_0_0,2637.0267500026,2637.1145043553
5,0,2004340,1742979,AlPatch_1_1,7969.6735837138,7969.7676235479
5,0,2004339,1742979,AlPatch_1_1,7969.6735837138,7969.7657173271
5,0,2004612,1725405,AlPatch_0_1,15142.693191327,15142.791099241
5,0,2004611,1725405,AlPatch_0_1,15142.693191327,15142.791678239
5,0,2004646,1724120,AlPatch_0_0,3950.1727031536,3950.2590131502
5,0,2004645,1724120,AlPatch_0_0,3950.1727031536,3950.2613776685
5,0,2005242,1686098,AlPatch_0_0,13111.170794478,13111.264238927
5,0,2005241,1686098,AlPatch_0_0,13111.170794478,13111.265112466
5,0,2006060,1641244,AlPatch_1_1,10067.489223815,10067.579427032
5,0,2006059,1641244,AlPatch_1_1,10067.489223815,10067.588425358
5,0,2006532,1614664,AlPatch_0_1,2576.3357407572,2576.4305627867
5,0,2006531,1614664,AlPatch_0_1,2576.3357407572,2576.4322318052
5,0,2006806,1598714,AlPatch_1_0,12575.557882543,12575.659367326
5,0,2006805,1598714,AlPatch_1_0,12575.557882543,12575.659964864
5,0,2006998,1583727,AlPatch_0_1,3833.8822488346,3833.976511559
5,0,2006997,1583727,AlPatch_0_1,3833.8822488346,3833.9826810698
5,0,2007000,1583480,AlPatch_1_1,12341.788790082,12341.89618193
5,0,2006999,1583480,AlPatch_1_1,12341.788790082,12341.874938758
5,0,2007414,1556460,AlPatch_0_0,8493.3056102664,8493.3966457467
5,0,2007413,1556460,AlPatch_0_0,8493.3056102665,8493.3964846985
5,0,2007458,1554248,AlPatch_0_0,10214.283134186,10214.372128017
5,0,2007457,1554248,AlPatch_0_0,10214.283134186,10214.372724729
5,0,2007644,1545764,AlPatch_2_0,1019.6150759818,1019.701355769
5,0,2007643,1545764,AlPatch_2_0,1019.6150759818,1019.7082002418
5,0,2007784,1537778,AlPatch_2_0,14340.788322956,14340.892252515
5,0,2007783,1537778,AlPatch_2_0,14340.788322956,14340.873631372
5,0,2007924,1529343,AlPatch_2_1,905.89398439598,905.98786100265
5,0,2007923,1529343,AlPatch_2_1,905.89398439598,905.99405707346
5,0,2008432,1499648,AlPatch_1_0,9111.8205343047,9111.9162450064
5,0,2008431,1499648,AlPatch_1_0,9111.8205343047,9111.9085225553
5,0,2008694,1485898,AlPatch_2_0,16371.686241161,16371.777699751
5,0,2008693,1485898,AlPatch_2_0,16371.686241161,16371.785956072
5,0,2008730,1484220,AlPatch_1_0,4937.192765561,4937.2848329861
5,0,2008729,1484220,AlPatch_1_0,4937.192765561,4937.2827706972
5,0,2008766,1482263,AlPatch_0_1,2828.2406367685,2828.3424513617
5,0,2008765,1482263,AlPatch_0_1,2828.2406367685,2828.3301600709
5,0,2008970,1470655,AlPatch_2_0,620.56903258167,620.65561320697
5,0,2008969,1470655,AlPatch_2_0,620.56903258167,620.65497311957
5,0,2008972,1470546,AlPatch_2_0,1019.6308543222,1019.7264965724
5,0,2008971,1470546,AlPatch_2_0,1019.6308543222,1019.7279480991
5,0,2009306,1453316,AlPatch_0_1,10538.769503005,10538.863841963
5,0,2009305,1453316,AlPatch_0_1,10538.769503005,10538.861761957
5,0,2009982,1414004,AlPatch_0_0,19689.412588685,19689.506503058
5,0,2009981,1414004,AlPatch_0_0,19689.412588685,19689.50954157
5,0,2010356,1391823,AlPatch_2_1,13902.724849802,13902.817538086
5,0,2010355,1391823,AlPatch_2_1,13902.724849802,13902.827015695
5,0,2010496,1383985,AlPatch_2_0,5521.6734723862,5521.7591021033
5,0,2010495,1383985,AlPatch_2_0,5521.6734723862,5521.768437499
5,0,2010550,1380692,AlPatch_1_0,2961.4075866018,2961.504690491
5,0,2010549,1380692,AlPatch_1_0,2961.4075866018,2961.5002114725
5,0,2010740,1368711,AlPatch_2_0,939.28934249235,939.38813131271
5,0,2010739,1368711,AlPatch_2_0,939.28934249235,939.38032539487
5,0,2010922,1357498,AlPatch_0_0,11772.309915657,11772.406521329
5,0,2010921,1357498,AlPatch_0_0,11772.309915657,11772.410509674
5,0,2011018,1350508,AlPatch_1_0,1734.6057629483,1734.6941206097
5,0,2011017,1350508,AlPatch_1_0,1734.6057629483,1734.7075970959
5,0,2011112,1345086,AlPatch_1_0,14682.689932552,14682.780886414
5,0,2011111,1345086,AlPatch_1_0,14682.689932552,14682.779503971
5,0,2011166,1342537,AlPatch_1_0,1817.3666768623,1817.4565788605
5,0,2011165,1342537,AlPatch_1_0,1817.3666768623,1817.4656458668
5,0,2011648,1311137,AlPatch_1_0,697.01708089002,697.1149949809
5,0,2011647,1311137,AlPatch_1_0,697.01708089002,697.10940634828
5,0,2011970,1291480,AlPatch_1_0,11686.417226569,11686.519182028
5,0,2011969,1291480,AlPatch_1_0,11686.417226569,11686.511414269
5,0,2012108,1283597,AlPatch_1_1,2389.837797647,2389.9452964968
5,0,2012107,1283597,AlPatch_1_1,2389.837797647,2389.9231637648
5,0,2012230,1276565,AlPatch_1_0,4613.0685977975,4613.1595136352
5,0,2012229,1276565,AlPatch_1_0,4613.0685977975,4613.1692696378
5,0,2012260,1274999,AlPatch_2_0,256.61296421281,256.70833751621
5,0,2012259,1274999,AlPatch_2_0,256.61296421281,256.71323530932
5,0,2012332,1270103,AlPatch_0_0,20368.210326548,20368.307986124
5,0,2012331,1270103,AlPatch_0_0,20368.210326548,20368.304105964
5,0,2012976,1231100,AlPatch_2_1,3753.3443462871,3753.4346313737
5,0,2012975,1231100,AlPatch_2_1,3753.3443462871,3753.4375017917
5,0,2012990,1230692,AlPatch_2_1,8317.8905128101,8317.9790722161
5,0,2012989,1230692,AlPatch_2_1,8317.8905128101,8317.9838398744
5,0,2013356,1209717,AlPatch_0_0,3953.1869496614,3953.2789873869
5,0,2013355,1209717,AlPatch_0_0,3953.1869496614,3953.2788259872
5,0,2013534,1201201,AlPatch_2_0,7308.6607309527,7308.7576835152
5,0,2013533,1201201,AlPatch_2_0,7308.6607309527,7308.7568478141
5,0,2013792,1185055,AlPatch_0_1,16590.669991807,16590.759323428
5,0,2013791,1185055,AlPatch_0_1,16590.669991807,16590.769089064
5,0,2013856,1180606,AlPatch_2_0,9048.1257125854,9048.2108691455
5,0,2013855,1180606,AlPatch_2_0,9048.1257125854,9048.2112819208
5,0,2014028,1170925,AlPatch_2_0,268.81390332078,268.90285543145
5,0,2014027,1170925,AlPatch_2_0,268.81390332078,268.9025013645
5,0,2014224,1158989,AlPatch_0_0,18483.750440719,18483.850067211
5,0,2014223,1158989,AlPatch_0_0,18483.750440719,18483.848313995
5,0,2014240,1157726,AlPatch_1_0,7565.6954043226,7565.789563192
5,0,2014239,1157726,AlPatch_1_0,7565.6954043226,7565.7828139298
5,0,2014258,1156727,AlPatch_1_1,9325.9480571083,9326.0406782543
5,0,2014257,1156727,AlPatch_1_1,9325.9480571083,9326.0440981615
5,0,2014358,1151254,AlPatch_1_1,10738.960021559,10739.046904045
5,0,2014357,1151254,AlPatch_1_1,10738.960021559,10739.047259063
5,0,2014414,1148274,AlPatch_2_0,15083.732131328,15083.829473655
5,0,2014413,1148274,AlPatch_2_0,15083.732131328,15083.824678708
5,0,2014488,1144476,AlPatch_0_0,1504.7206168984,1504.8105795965
5,0,2014487,1144476,AlPatch_0_0,1504.7206168984,1504.8187524694
5,0,2014724,1129494,AlPatch_0_1,8017.376434814,8017.472830476
5,0,2014723,1129494,AlPatch_0_1,8017.376434814,8017.4735857433
5,0,2014868,1120345,AlPatch_0_0,2720.8451164952,2720.9332443954
5,0,2014867,1120345,AlPatch_0_0,2720.8451164952,2720.9354793827
5,0,2014930,1116092,AlPatch_0_0,2128.7353580815,2128.8275395375
5,0,2014929,1116092,AlPatch_0_0,2128.7353580815,2128.8296603306
5,0,2014936,1115836,AlPatch_0_1,5341.0890163116,5341.1746876797
5,0,2014935,1115836,AlPatch_0_1,5341.0890163116,5341.1744821529
5,0,2015004,1111353,AlPatch_2_0,6416.3683254241,6416.4698120994
5,0,2015003,1111353,AlPatch_2_0,6416.3683254241,6416.4566454752
5,0,2015626,1074497,AlPatch_1_1,11727.00046695,11727.086931508
5,0,2015625,1074497,AlPatch_1_1,11727.00046695,11727.102205941
5,0,2015866,1058928,AlPatch_2_0,673.28637090538,673.37397552481
5,0,2015865,1058928,AlPatch_2_0,673.28637090538,673.38720062869
5,0,2016052,1049905,AlPatch_2_0,3643.4339360438,3643.5292503813
5,0,2016051,1049905,AlPatch_2_0,3643.4339360438,3643.5292506374
5,0,2016482,1023945,AlPatch_0_1,3441.506813184,3441.6094300369
5,0,2016481,1023945,AlPatch_0_1,3441.506813184,3441.5931602103
5,0,2016500,1022239,AlPatch_2_1,7087.0216191321,7087.1137447391
5,0,2016499,1022239,AlPatch_2_1,7087.0216191321,7087.108605939
5,0,2016508,1021776,AlPatch_0_0,19914.489723555,19914.584984188
5,0,2016507,1021776,AlPatch_0_0,19914.489723555,19914.584003408
5,0,2016760,1007207,AlPatch_1_0,15589.507681662,15589.595047263
5,0,2016759,1007207,AlPatch_1_0,15589.507681662,15589.610796999
5,0,2016822,1002024,AlPatch_0_1,8460.0267957749,8460.1268885491
5,0,2016821,1002024,AlPatch_0_1,8460.0267957749,8460.1243241789
5,0,2016918,997037,AlPatch_2_0,8863.4644629814,8863.5633290505
5,0,2016917,997037,AlPatch_2_0,8863.4644629814,8863.5590191305
5,0,2016960,994045,AlPatch_2_1,17091.533680727,17091.620691338
5,0,2016959,994045,AlPatch_2_1,17091.533680727,17091.628004838
5,0,2016972,993429,AlPatch_1_1,2674.6117398571,2674.6977746229
5,0,2016971,993429,AlPatch_1_1,2674.6117398571,2674.7161839332
5,0,2016994,991808,AlPatch_2_0,13593.243874469,13593.336825158
5,0,2016993,991808,AlPatch_2_0,13593.243874469,13593.337797711
5,0,2017304,971528,AlPatch_1_0,17478.776417771,17478.870289295
5,0,2017303,971528,AlPatch_1_0,17478.776417771,17478.867693654
5,0,2017682,948176,AlPatch_2_1,14775.700632846,14775.795498448
5,0,2017681,948176,AlPatch_2_1,14775.700632846,14775.79603852
5,0,2017688,947483,AlPatch_2_0,1079.7980329164,1079.8877502448
5,0,2017687,947483,AlPatch_2_0,1079.7980329164,1079.8874625832
5,0,2017738,944959,AlPatch_1_1,14335.785469792,14335.881411233
5,0,2017737,944959,AlPatch_1_1,14335.785469792,14335.878275415
5,0,2017918,933951,AlPatch_2_1,8951.8902044347,8951.9847090929
5,0,2017917,933951,AlPatch_2_1,8951.8902044347,8951.9856791147
5,0,2017960,932121,AlPatch_2_1,5760.6597661991,5760.7582652755
5,0,2017959,932121,AlPatch_2_1,5760.6597661991,5760.7452392014
5,0,2018228,915451,AlPatch_2_0,1038.0230733344,1038.1212407366
5,0,2018227,915451,AlPatch_2_0,1038.0230733344,1038.1216010625
5,0,2018684,887598,AlPatch_0_0,6609.2417018563,6609.3398804408
5,0,2018683,887598,AlPatch_0_0,6609.2417018563,6609.3313767834
5,0,2018792,881328,AlPatch_2_1,5098.6716134282,5098.7635351205
5,0,2018791,881328,AlPatch_2_1,5098.6716134282,5098.7742585804
5,0,2019056,864943,AlPatch_0_0,6980.4072524702,6980.5075087271
5,0,2019055,864943,AlPatch_0_0,6980.4072524702,6980.4955934094
5,0,2019662,830903,AlPatch_1_1,11596.033528407,11596.131103245
5,0,2019661,830903,AlPatch_1_1,11596.033528407,11596.128691061
5,0,2020026,808347,AlPatch_1_1,10499.660536187,10499.748117101
5,0,2020025,808347,AlPatch_1_1,10499.660536187,10499.752765168
5,0,2020118,803284,AlPatch_2_1,3177.6152495553,3177.7082270994
5,0,2020117,803284,AlPatch_2_1,3177.6152495553,3177.7086666021
5,0,2020670,769740,AlPatch_2_0,1663.041553249,1663.1382486073
5,0,2020669,769740,AlPatch_2_0,1663.041553249,1663.1334815921
5,0,2020932,752226,AlPatch_0_1,7482.7310561996,7482.8302180596
5,0,2020931,752226,AlPatch_0_1,7482.7310561996,7482.8325275098
5,0,2021876,694120,AlPatch_2_1,5428.1646557584,5428.2548998849
5,0,2021875,694120,AlPatch_2_1,5428.1646557584,5428.263870172
5,0,2022006,683795,AlPatch_0_1,9387.1272257822,9387.2141774958
5,0,2022005,683795,AlPatch_0_1,9387.1272257821,9387.2272887774
5,0,2022296,665753,AlPatch_0_1,4953.4206345757,4953.5143495542
5,0,2022295,665753,AlPatch_0_1,4953.4206345757,4953.5176352146
5,0,2022394,660159,AlPatch_2_1,2031.7796674941,2031.8666608139
5,0,2022393,660159,AlPatch_2_1,2031.7796674941,2031.880855127
5,0,2022542,653056,AlPatch_1_0,988.92237072514,989.01941501133
5,0,2022541,653056,AlPatch_1_0,988.92237072514,989.0090990517
5,0,2022620,648965,AlPatch_1_1,865.68200896067,865.76914613564
5,0,2022619,648965,AlPatch_1_1,865.68200896067,865.77134963939
5,0,2022672,644896,AlPatch_0_1,1298.6965465229,1298.7906790756
5,0,2022671,644896,AlPatch_0_1,1298.6965465229,1298.7871481444
5,0,2022814,636214,AlPatch_0_0,3868.739267449,3868.8377382285
5,0,2022813,636214,AlPatch_0_0,3868.739267449,3868.837874112
5,0,2022932,629337,AlPatch_0_1,15131.196874323,15131.297538341
5,0,2022931,629337,AlPatch_0_1,15131.196874323,15131.284258054
5,0,2023980,564734,AlPatch_1_1,1391.6298804333,1391.7180585165
5,0,2023979,564734,AlPatch_1_1,1391.6298804333,1391.7315826919
5,0,2024188,552223,AlPatch_1_1,6476.8930837286,6476.9851544729
5,0,2024187,552223,AlPatch_1_1,6476.8930837286,6476.9932775964
5,0,2024528,533794,AlPatch_2_0,12531.875774269,12531.965286619
5,0,2024527,533794,AlPatch_2_0,12531.875774269,12531.965139588
5,0,2024598,529742,AlPatch_2_1,10657.897474938,10657.998305886
5,0,2024597,529742,AlPatch_2_1,10657.897474938,10657.989674446
5,0,2024704,521603,AlPatch_0_0,13651.368084805,13651.456347595
5,0,2024703,521603,AlPatch_0_0,13651.368084805,13651.473469101
5,0,2024724,520683,AlPatch_0_0,5344.0560699996,5344.1461135394
5,0,2024723,520683,AlPatch_0_0,5344.0560699996,5344.1537439225
5,0,2024772,517665,AlPatch_2_0,4496.6284457487,4496.7218681582
5,0,2024771,517665,AlPatch_2_0,4496.6284457487,4496.7221215913
5,0,2024952,509199,AlPatch_0_1,3332.824051525,3332.9115955237
5,0,2024951,509199,AlPatch_0_1,3332.824051525,3332.9257371118
5,0,2025284,488340,AlPatch_2_0,19812.264092696,19812.361352828
5,0,2025283,488340,AlPatch_2_0,19812.264092696,19812.355373792
5,0,2025506,474060,AlPatch_1_0,9651.8671853895,9651.9546888964
5,0,2025505,474060,AlPatch_1_0,9651.8671853895,9651.9679120823
5,0,2026334,423126,AlPatch_2_1,3506.4285405161,3506.5219785777
5,0,2026333,423126,AlPatch_2_1,3506.4285405161,3506.5188042631
5,0,2026358,422042,AlPatch_2_1,8679.2338274605,8679.3211878324
5,0,2026357,422042,AlPatch_2_1,8679.2338274605,8679.334365906
5,0,2026414,418603,AlPatch_2_1,8046.6790949852,8046.7667750261
5,0,2026413,418603,AlPatch_2_1,8046.6790949852,8046.7813416486
5,0,2026528,411592,AlPatch_0_0,17037.228138983,17037.321673195
5,0,2026527,411592,AlPatch_0_0,17037.228138983,17037.319348993
5,0,2026660,403911,AlPatch_2_0,603.12404173512,603.21897358132
5,0,2026659,403911,AlPatch_2_0,603.12404173512,603.21416963269
5,0,2026692,401700,AlPatch_1_0,6367.6338869566,6367.7302916875
5,0,2026691,401700,AlPatch_1_0,6367.6338869566,6367.7271434682
5,0,2026728,399684,AlPatch_0_0,11110.995687064,11111.08909705
5,0,2026727,399684,AlPatch_0_0,11110.995687064,11111.090112735
5,0,2026906,389688,AlPatch_2_1,4841.5436494193,4841.6402832942
5,0,2026905,389688,AlPatch_2_1,4841.5436494193,4841.6404417662
5,0,2026960,386748,AlPatch_2_0,11159.500270715,11159.603232703
5,0,2026959,386748,AlPatch_2_0,11159.500270715,11159.601017088
5,0,2027038,383144,AlPatch_0_1,5341.511118933,5341.6130163026
5,0,2027037,383144,AlPatch_0_1,5341.511118933,5341.6093711019
5,0,2027224,371077,AlPatch_0_0,7532.8525874356,7532.9496991364
5,0,2027223,371077,AlPatch_0_0,7532.8525874356,7532.9456351289
5,0,2027288,366547,AlPatch_2_0,6707.3382228369,6707.4395427629
5,0,2027287,366547,AlPatch_2_0,6707.3382228369,6707.4277973822
5,0,2027510,355481,AlPatch_0_1,8655.0693337042,8655.1711514783
5,0,2027509,355481,AlPatch_0_1,8655.0693337042,8655.1692563018
5,0,2027682,344900,AlPatch_0_1,1822.8000895467,1822.8984507125
5,0,2027681,344900,AlPatch_0_1,1822.8000895467,1822.899473054
5,0,2027752,341381,AlPatch_1_0,15569.641981483,15569.745273607
5,0,2027751,341381,AlPatch_1_0,15569.641981483,15569.734849177
5,0,2028156,313667,AlPatch_2_0,2743.4187008844,2743.5199688698
5,0,2028155,313667,AlPatch_2_0,2743.4187008844,2743.5055095529
5,0,2028170,313096,AlPatch_2_1,7947.5229791838,7947.6168700207
5,0,2028169,313096,AlPatch_2_1,7947.5229791838,7947.6179372913
5,0,2028376,302795,AlPatch_0_0,1197.4931596137,1197.5942015099
5,0,2028375,302795,AlPatch_0_0,1197.4931596137,1197.5904894507
5,0,2028478,297254,AlPatch_2_1,7288.6111462291,7288.7079157759
5,0,2028477,297254,AlPatch_2_1,7288.6111462291,7288.7058944447
5,0,2028528,294353,AlPatch_1_0,11013.493554787,11013.585282415
5,0,2028527,294353,AlPatch_1_0,11013.493554787,11013.587778258
5,0,2028736,284151,AlPatch_1_1,8012.510175205,8012.6025071325
5,0,2028735,284151,AlPatch_1_1,8012.510175205,8012.6045807573
5,0,2028780,281139,AlPatch_2_1,1055.0113152775,1055.0984690164
5,0,2028779,281139,AlPatch_2_1,1055.0113152775,1055.1114347377
5,0,2029330,248044,AlPatch_2_0,11834.455410558,11834.542480707
5,0,2029329,248044,AlPatch_2_0,11834.455410558,11834.542451096
5,0,2029628,228994,AlPatch_1_1,12015.039228294,12015.13425061
5,0,2029627,228994,AlPatch_1_1,12015.039228294,12015.127546972
5,0,2029646,227326,AlPatch_1_1,4464.5888363097,4464.6835333648
5,0,2029645,227326,AlPatch_1_1,4464.5888363097,4464.6819964701
5,0,2031026,144667,AlPatch_0_0,10029.013949782,10029.11169924
5,0,2031025,144667,AlPatch_0_0,10029.013949782,10029.099966294
5,0,2031086,140853,AlPatch_2_1,14505.641058485,14505.730016976
5,0,2031085,140853,AlPatch_2_1,14505.641058485,14505.733250575
5,0,2031234,130730,AlPatch_1_0,13332.956208147,13333.049037801
5,0,2031233,130730,AlPatch_1_0,13332.956208147,13333.052573425
5,0,2031484,114407,AlPatch_0_1,8196.8414105918,8196.9331226127
5,0,2031483,114407,AlPatch_0_1,8196.8414105918,8196.9296234698
5,0,2031568,110408,AlPatch_0_1,5887.3525422286,5887.4411094499
5,0,2031567,110408,AlPatch_0_1,5887.3525422286,5887.4423193709
5,0,2031772,98298,AlPatch_0_0,5994.758959225,5994.8498607042
5,0,2031771,98298,AlPatch_0_0,5994.758959225,5994.8577145732
5,0,2032128,78027,AlPatch_2_0,4802.4341029764,4802.5241469575
5,0,2032127,78027,AlPatch_2_0,4802.4341029764,4802.5217442468
5,0,2032374,63688,AlPatch_1_0,5000.8899567117,5000.9872309379
5,0,2032373,63688,AlPatch_1_0,5000.8899567117,5000.9881849454
5,0,2032436,59414,AlPatch_2_1,19831.886698161,19831.978169881
5,0,2032435,59414,AlPatch_2_1,19831.886698161,19831.985738787
5,0,2032760,39529,AlPatch_0_0,7637.9640465407,7638.0577454965
5,0,2032759,39529,AlPatch_0_0,7637.9640465407,7638.0580128761
5,0,2033056,22395,AlPatch_1_1,1400.1531570355,1400.2483368334
5,0,2033055,22395,AlPatch_1_1,1400.1531570355,1400.240086162
5,0,2033320,5850,AlPatch_0_1,8348.6619205877,8348.7520963963
5,0,2033319,5850,AlPatch_0_1,8348.6619205877,8348.7559040244
6,0,2000192,1987953,AlPatch_1_1,9432.5819942689,9432.6854467414
6,0,2000191,1987953,AlPatch_1_1,9432.5819942689,9432.6797814002
6,0,2000258,1984124,AlPatch_2_1,506.01817827779,506.11651828922
6,0,2000257,1984124,AlPatch_2_1,506.01817827779,506.1096235535
6,0,2000578,1964160,AlPatch_2_1,11261.990414908,11262.079604133
6,0,2000577,1964160,AlPatch_2_1,11261.990414908,11262.090204943
6,0,2000654,1960418,AlPatch_2_0,700.50878987719,700.59459497178
6,0,2000653,1960418,AlPatch_2_0,700.50878987719,700.59542243349
6,0,2000808,1951290,AlPatch_2_0,336.61572724804,336.70839092284
6,0,2000807,1951290,AlPatch_2_0,336.61572724804,336.7093736358
6,0,2001006,1937038,AlPatch_2_0,546.93776990865,547.02465608628
6,0,2001005,1937038,AlPatch_2_0,546.93776990865,547.02501986242
6,0,2001036,1935504,AlPatch_2_0,266.21515348938,266.3139156797
6,0,2001035,1935504,AlPatch_2_0,266.21515348938,266.30664727183
6,0,2001070,1933070,AlPatch_1_1,7083.6611490816,7083.7525707913
6,0,2001069,1933070,AlPatch_1_1,7083.6611490816,7083.7590798937
6,0,2001160,1927658,AlPatch_2_0,7252.7682646141,7252.8590827065
6,0,2001159,1927658,AlPatch_2_0,7252.7682646141,7252.857787166
6,0,2001262,1921381,AlPatch_2_0,14045.210916272,14045.30700478
6,0,2001261,1921381,AlPatch_2_0,14045.210916272,14045.305724419
6,0,2001360,1913724,AlPatch_1_0,10992.768529194,10992.854227521
6,0,2001359,1913724,AlPatch_1_0,10992.768529194,10992.867501281
6,0,2002212,1860114,AlPatch_2_1,7301.3901834387,7301.4756977211
6,0,2002211,1860114,AlPatch_2_1,7301.3901834387,7301.4816367785
6,0,2002218,1859998,AlPatch_2_0,11508.675853524,11508.775692728
6,0,2002217,1859998,AlPatch_2_0,11508.675853524,11508.765168262
6,0,2002288,1855706,AlPatch_1_0,9918.3494454168,9918.4465725604
6,0,2002287,1855706,AlPatch_1_0,9918.3494454168,9918.4443300454
6,0,2002532,1842912,AlPatch_0_0,16003.550833056,16003.639962645
6,0,2002531,1842912,AlPatch_0_0,16003.550833056,16003.638150761
6,0,2002566,1840937,AlPatch_2_1,4346.9599574674,4347.0561550017
6,0,2002565,1840937,AlPatch_2_1,4346.9599574674,4347.0557435395
6,0,2003038,1812248,AlPatch_0_1,14952.710596049,14952.804606953
6,0,2003037,1812248,AlPatch_0_1,14952.71059605,14952.805796421
6,0,2003252,1798362,AlPatch_1_0,14484.400907751,14484.500893211
6,0,2003251,1798362,AlPatch_1_0,14484.400907751,14484.493940163
6,0,2003768,1766321,AlPatch_1_1,13283.051845241,13283.144187318
6,0,2003767,1766321,AlPatch_1_1,13283.051845241,13283.145605391
6,0,2003972,1753938,AlPatch_0_0,16842.929885715,16843.019138627
6,0,2003971,1753938,AlPatch_0_0,16842.929885715,16843.018881054
6,0,2004004,1752487,AlPatch_0_1,9372.7420995777,9372.8422504365
6,0,2004003,1752487,AlPatch_0_1,9372.7420995777,9372.8275448698
6,0,2004460,1725868,AlPatch_1_1,5458.994109856,5459.0893826945
6,0,2004459,1725868,AlPatch_1_1,5458.994109856,5459.0889709578
6,0,2004476,1725280,AlPatch_0_1,8685.4332198138,8685.5209480772
6,0,2004475,1725280,AlPatch_0_1,8685.4332198138,8685.5332795857
6,0,2004654,1713360,AlPatch_1_1,10342.676387298,10342.776791578
6,0,2004653,1713360,AlPatch_1_1,10342.676387298,10342.764029146
6,0,2004774,1707228,AlPatch_2_0,1061.925402414,1062.0127289027
6,0,2004773,1707228,AlPatch_2_0,1061.925402414,1062.0183326445
6,0,2004778,1707054,AlPatch_1_1,12442.986592512,12443.079360081
6,0,2004777,1707054,AlPatch_1_1,12442.986592512,12443.081856614
6,0,2005080,1690027,AlPatch_2_1,1551.1846896101,1551.281068065
6,0,2005079,1690027,AlPatch_2_1,1551.1846896101,1551.2794319052
6,0,2005174,1683736,AlPatch_0_1,6500.8124248591,6500.8987766908
6,0,2005173,1683736,AlPatch_0_1,6500.8124248591,6500.904952879
6,0,2005894,1638063,AlPatch_2_0,10999.330882483,10999.422670721
6,0,2005893,1638063,AlPatch_2_0,10999.330882483,10999.428558274
6,0,2006300,1615133,AlPatch_1_0,3654.444840811,3654.5351368263
6,0,2006299,1615133,AlPatch_1_0,3654.444840811,3654.5433569207
6,0,2006510,1602725,AlPatch_2_1,5058.1486506479,5058.2501029241
6,0,2006509,1602725,AlPatch_2_1,5058.1486506479,5058.2375133898
6,0,2006578,1599803,AlPatch_0_0,3775.3801508896,3775.4661045505
6,0,2006577,1599803,AlPatch_0_0,3775.3801508896,3775.4674701146
6,0,2007034,1573467,AlPatch_1_1,24474.931910049,24475.030592573
6,0,2007033,1573467,AlPatch_1_1,24474.931910049,24475.022235829
6,0,2007662,1533549,AlPatch_2_0,423.46262735723,423.55959231159
6,0,2007661,1533549,AlPatch_2_0,423.46262735723,423.55984718718
6,0,2007798,1524002,AlPatch_2_0,853.70654618137,853.79570754406
6,0,2007797,1524002,AlPatch_2_0,853.70654618137,853.80694151402
6,0,2008134,1503728,AlPatch_0_0,9565.7891795279,9565.8892725911
6,0,2008133,1503728,AlPatch_0_0,9565.7891795279,9565.8915069792
6,0,2008144,1503102,AlPatch_1_0,10786.351828641,10786.437485357
6,0,2008143,1503102,AlPatch_1_0,10786.351828641,10786.437500708
6,0,2008208,1499245,AlPatch_1_1,10482.193160839,10482.281388671
6,0,2008207,1499245,AlPatch_1_1,10482.193160839,10482.278929671
6,0,2008448,1485589,AlPatch_2_0,17422.27774436,17422.375765733
6,0,2008447,1485589,AlPatch_2_0,17422.27774436,17422.371454045
6,0,2009520,1420697,AlPatch_1_0,773.67223072009,773.77158196964
6,0,2009519,1420697,AlPatch_1_0,773.67223072009,773.76691287664
6,0,2009764,1410080,AlPatch_2_1,3280.801408766,3280.8982201589
6,0,2009763,1410080,AlPatch_2_1,3280.801408766,3280.8933006118
6,0,2009828,1406910,AlPatch_2_1,16541.235503226,16541.32290557
6,0,2009827,1406910,AlPatch_2_1,16541.235503226,16541.336343913
6,0,2009894,1402208,AlPatch_2_0,1103.8334029491,1103.9239907373
6,0,2009893,1402208,AlPatch_2_0,1103.8334029491,1103.9229164228
6,0,2010252,1382021,AlPatch_2_0,15302.413117482,15302.500948727
6,0,2010251,1382021,AlPatch_2_0,15302.413117482,15302.501632003
6,0,2010392,1373966,AlPatch_0_1,1559.6186210267,1559.7089658877
6,0,2010391,1373966,AlPatch_0_1,1559.6186210267,1559.7092719231
6,0,2010402,1373448,AlPatch_2_1,3131.8871645019,3131.9758496116
6,0,2010401,1373448,AlPatch_2_1,3131.8871645019,3131.9876167447
6,0,2010444,1370662,AlPatch_2_0,6603.576078068,6603.6739159978
6,0,2010443,1370662,AlPatch_2_0,6603.576078068,6603.6626127225
6,0,2010606,1362465,AlPatch_2_0,912.27437258421,912.37503001508
6,0,2010605,1362465,AlPatch_2_0,912.27437258421,912.36787578672
6,0,2010866,1347826,AlPatch_0_0,5353.4763311045,5353.5697652961
6,0,2010865,1347826,AlPatch_0_0,5353.4763311045,5353.5763636424
6,0,2011078,1333222,AlPatch_2_0,1175.777905916,1175.8713046671
6,0,2011077,1333222,AlPatch_2_0,1175.777905916,1175.8691119853
6,0,2011268,1322282,AlPatch_0_1,9672.7721022359,9672.8700354715
6,0,2011267,1322282,AlPatch_0_1,9672.7721022359,9672.8619885974
6,0,2012788,1229180,AlPatch_2_1,2256.8716931627,2256.9617724459
6,0,2012787,1229180,AlPatch_2_1,2256.8716931627,2256.96269405
6,0,2012790,1228934,AlPatch_0_1,8599.0687408793,8599.1548234118
6,0,2012789,1228934,AlPatch_0_1,8599.0687408793,8599.1547388984
6,0,2012822,1226763,AlPatch_2_0,690.18317308604,690.2872060317
6,0,2012821,1226763,AlPatch_2_0,690.18317308604,690.27604992716
6,0,2012836,1226173,AlPatch_1_0,8866.9003029999,8867.0024640891
6,0,2012835,1226173,AlPatch_1_0,8866.9003029999,8866.9884909627
6,0,2012916,1220583,AlPatch_0_0,13863.480633792,13863.57183065
6,0,2012915,1220583,AlPatch_0_0,13863.480633792,13863.570982431
6,0,2013412,1190402,AlPatch_2_0,10424.672794782,10424.767880456
6,0,2013411,1190402,AlPatch_2_0,10424.672794782,10424.766331822
6,0,2013506,1185413,AlPatch_1_1,18223.021941491,18223.112876138
6,0,2013505,1185413,AlPatch_1_1,18223.021941491,18223.11023561
6,0,2013638,1176868,AlPatch_1_0,9474.2456205567,9474.3375649551
6,0,2013637,1176868,AlPatch_1_0,9474.2456205567,9474.3432168195
6,0,2013656,1175825,AlPatch_2_0,20277.417076637,20277.51155434
6,0,2013655,1175825,AlPatch_2_0,20277.417076637,20277.513118755
6,0,2013722,1172006,AlPatch_1_1,11443.198808254,11443.292046851
6,0,2013721,1172006,AlPatch_1_1,11443.198808254,11443.297166767
6,0,2013802,1168934,AlPatch_2_0,263.62269976906,263.71655623136
6,0,2013801,1168934,AlPatch_2_0,263.62269976906,263.7151289098
6,0,2013890,1163630,AlPatch_2_1,6622.7301926244,6622.8188334404
6,0,2013889,1163630,AlPatch_2_1,6622.7301926244,6622.819161652
6,0,2014430,1132467,AlPatch_2_1,8371.308839839,8371.4065362163
6,0,2014429,1132467,AlPatch_2_1,8371.308839839,8371.402515522
6,0,2014474,1130163,AlPatch_2_1,20831.909835229,20832.004425862
6,0,2014473,1130163,AlPatch_2_1,20831.909835229,20832.002949263
6,0,2014778,1113867,AlPatch_0_1,11753.158827934,11753.259498097
6,0,2014777,1113867,AlPatch_0_1,11753.158827934,11753.251717485
6,0,2014854,1108740,AlPatch_0_1,3191.9944498318,3192.082527895
6,0,2014853,1108740,AlPatch_0_1,3191.9944498318,3192.0842203669
6,0,2014866,1108412,AlPatch_2_0,600.19404176094,600.29374599014
6,0,2014865,1108412,AlPatch_2_0,600.19404176094,600.28522593091
6,0,2015030,1100132,AlPatch_2_0,13587.536525781,13587.631293759
6,0,2015029,1100132,AlPatch_2_0,13587.536525781,13587.630347364
6,0,2015052,1098917,AlPatch_2_1,9386.1877254773,9386.2804582397
6,0,2015051,1098917,AlPatch_2_1,9386.1877254772,9386.2854201106
6,0,2015230,1090570,AlPatch_1_0,6695.9423849794,6696.0459305999
6,0,2015229,1090570,AlPatch_1_0,6695.9423849794,6696.0360174785
6,0,2015742,1061020,AlPatch_0_0,16501.164406841,16501.262910125
6,0,2015741,1061020,AlPatch_0_0,16501.164406841,16501.257134705
6,0,2015832,1055665,AlPatch_1_0,1970.810593854,1970.9080543258
6,0,2015831,1055665,AlPatch_1_0,1970.810593854,1970.8990988204
6,0,2015846,1054544,AlPatch_2_0,411.18804754171,411.2898213346
6,0,2015845,1054544,AlPatch_2_0,411.18804754171,411.29155625892
6,0,2015944,1049015,AlPatch_1_0,741.94034949783,742.02602817511
6,0,2015943,1049015,AlPatch_1_0,741.94034949783,742.03459109979
6,0,2015968,1046913,AlPatch_0_0,7041.2788541252,7041.3740096768
6,0,2015967,1046913,AlPatch_0_0,7041.2788541252,7041.3656351868
6,0,2016108,1037787,AlPatch_1_1,3308.7689174424,3308.8666037298
6,0,2016107,1037787,AlPatch_1_1,3308.7689174424,3308.8701021402
6,0,2016142,1034639,AlPatch_2_1,15675.047923269,15675.136146869
6,0,2016141,1034639,AlPatch_2_1,15675.047923269,15675.136034812
6,0,2016152,1034280,AlPatch_2_0,2571.0303916459,2571.1198010703
6,0,2016151,1034280,AlPatch_2_0,2571.0303916459,2571.1170177794
6,0,2016158,1034059,AlPatch_0_1,9932.3526473717,9932.438205117
6,0,2016157,1034059,AlPatch_0_1,9932.3526473717,9932.4385372533
6,0,2016326,1023853,AlPatch_2_0,18261.370720678,18261.464695794
6,0,2016325,1023853,AlPatch_2_0,18261.370720678,18261.460714927
6,0,2016438,1017787,AlPatch_1_0,3153.0424179277,3153.1371138223
6,0,2016437,1017787,AlPatch_1_0,3153.0424179277,3153.1341916675
6,0,2016718,1003221,AlPatch_2_0,513.89735986383,513.99214404567
6,0,2016717,1003221,AlPatch_2_0,513.89735986383,513.98605655349
6,0,2017018,985978,AlPatch_2_0,7999.6755784129,7999.7710797136
6,0,2017017,985978,AlPatch_2_0,7999.6755784129,7999.7653060698
6,0,2017192,974670,AlPatch_2_1,13996.82460529,13996.910138269
6,0,2017191,974670,AlPatch_2_1,13996.82460529,13996.91110826
6,0,2017212,973786,AlPatch_0_1,21717.862620154,21717.956923193
6,0,2017211,973786,AlPatch_0_1,21717.862620154,21717.95293102
6,0,2017454,959179,AlPatch_2_1,4415.7700028194,4415.8710105562
6,0,2017453,959179,AlPatch_2_1,4415.7700028194,4415.8570280828
6,0,2017650,947123,AlPatch_2_0,3416.8374887544,3416.9300714155
6,0,2017649,947123,AlPatch_2_0,3416.8374887544,3416.9313224285
6,0,2017658,946712,AlPatch_2_0,14130.411307025,14130.510053878
6,0,2017657,946712,AlPatch_2_0,14130.411307025,14130.499941542
6,0,2017848,935296,AlPatch_0_1,3282.3471682796,3282.4335752885
6,0,2017847,935296,AlPatch_0_1,3282.3471682796,3282.4535899739
6,0,2018790,876795,AlPatch_1_1,4259.1710945358,4259.2712207541
6,0,2018789,876795,AlPatch_1_1,4259.1710945358,4259.2629375053
6,0,2019064,858180,AlPatch_2_1,21106.126979207,21106.225508208
6,0,2019063,858180,AlPatch_2_1,21106.126979207,21106.226095465
6,0,2019248,849082,AlPatch_1_1,9400.8309911404,9400.9250990952
6,0,2019247,849082,AlPatch_1_1,9400.8309911404,9400.927780258
6,0,2019298,846839,AlPatch_1_1,11873.335138218,11873.434385418
6,0,2019297,846839,AlPatch_1_1,11873.335138218,11873.437513161
6,0,2019776,819115,AlPatch_0_0,16117.734467085,16117.826745272
6,0,2019775,819115,AlPatch_0_0,16117.734467085,16117.824138197
6,0,2019900,812752,AlPatch_2_0,1100.6292638694,1100.7181636655
6,0,2019899,812752,AlPatch_2_0,1100.6292638694,1100.7285205997
6,0,2019998,808591,AlPatch_2_0,666.57789554288,666.66392882387
6,0,2019997,808591,AlPatch_2_0,666.57789554288,666.67851575388
6,0,2020316,789027,AlPatch_2_0,4218.2041543574,4218.3090171294
6,0,2020315,789027,AlPatch_2_0,4218.2041543574,4218.2948135117
6,0,2020330,788459,AlPatch_1_1,13254.567545525,13254.662197508
6,0,2020329,788459,AlPatch_1_1,13254.567545525,13254.664754561
6,0,2020698,763531,AlPatch_1_1,19296.54328732,19296.634648772
6,0,2020697,763531,AlPatch_1_1,19296.54328732,19296.63454714
6,0,2020700,763167,AlPatch_2_0,1007.7237030806,1007.8164642693
6,0,2020699,763167,AlPatch_2_0,1007.7237030806,1007.8106137992
6,0,2020770,760183,AlPatch_0_0,14027.729704967,14027.824150724
6,0,2020769,760183,AlPatch_0_0,14027.729704967,14027.821689154
6,0,2020896,754086,AlPatch_2_1,11247.427608151,11247.528637155
6,0,2020895,754086,AlPatch_2_1,11247.427608151,11247.518292809
6,0,2021178,736804,AlPatch_2_0,8191.8910008407,8191.9775920447
6,0,2021177,736804,AlPatch_2_0,8191.8910008407,8191.976505529
6,0,2021226,734452,AlPatch_1_0,9781.8613826916,9781.9501340107
6,0,2021225,734452,AlPatch_1_0,9781.8613826916,9781.9584605527
6,0,2021464,721491,AlPatch_0_0,4977.9517362399,4978.0402834091
6,0,2021463,721491,AlPatch_0_0,4977.9517362399,4978.0445492246
6,0,2021748,706608,AlPatch_2_0,1056.2940593386,1056.383289057
6,0,2021747,706608,AlPatch_2_0,1056.2940593386,1056.3917486774
6,0,2021856,698706,AlPatch_0_0,8498.2591026612,8498.3477060693
6,0,2021855,698706,AlPatch_0_0,8498.2591026612,8498.3556514028
6,0,2021930,694076,AlPatch_2_0,1984.3570870107,1984.4538684252
6,0,2021929,694076,AlPatch_2_0,1984.3570870107,1984.446065351
6,0,2022170,681136,AlPatch_0_1,12981.461536842,12981.554213804
6,0,2022169,681136,AlPatch_0_1,12981.461536842,12981.5550434
6,0,2023702,591909,AlPatch_1_0,4816.5255996178,4816.6128054614
6,0,2023701,591909,AlPatch_1_0,4816.5255996178,4816.6149242399
6,0,2023858,583835,AlPatch_2_1,12540.055157551,12540.145244008
6,0,2023857,583835,AlPatch_2_1,12540.055157551,12540.144034114
6,0,2024044,571903,AlPatch_2_1,7657.9415384438,7658.0372442839
6,0,2024043,571903,AlPatch_2_1,7657.9415384438,7658.0347139978
6,0,2024100,567339,AlPatch_2_1,2215.3583122366,2215.4536033133
6,0,2024099,567339,AlPatch_2_1,2215.3583122366,2215.4569588792
6,0,2024486,544194,AlPatch_1_0,1025.3613337872,1025.4639227116
6,0,2024485,544194,AlPatch_1_0,1025.3613337872,1025.460394001
6,0,2024606,538169,AlPatch_2_0,263.39636908383,263.48615614798
6,0,2024605,538169,AlPatch_2_0,263.39636908383,263.48752675512
6,0,2024944,515286,AlPatch_1_1,4316.3021114084,4316.3914116523
6,0,2024943,515286,AlPatch_1_1,4316.3021114084,4316.4021279775
6,0,2025278,496105,AlPatch_1_0,15514.494227455,15514.58499489
6,0,2025277,496105,AlPatch_1_0,15514.494227455,15514.590178912
6,0,2025310,493967,AlPatch_0_1,15446.967054651,15447.06627445
6,0,2025309,493967,AlPatch_0_1,15446.967054651,15447.056422211
6,0,2025404,488853,AlPatch_2_0,17128.058799626,17128.159509359
6,0,2025403,488853,AlPatch_2_0,17128.058799626,17128.148539407
6,0,2025454,486072,AlPatch_0_0,13380.570023154,13380.670979133
6,0,2025453,486072,AlPatch_0_0,13380.570023154,13380.674955197
6,0,2025966,456961,AlPatch_2_1,2539.1357156561,2539.2281087134
6,0,2025965,456961,AlPatch_2_1,2539.1357156561,2539.2327860375
6,0,2026138,447547,AlPatch_0_0,4706.3129827259,4706.4075699541
6,0,2026137,447547,AlPatch_0_0,4706.3129827259,4706.412988283
6,0,2026450,428513,AlPatch_1_0,16365.995999925,16366.090367095
6,0,2026449,428513,AlPatch_1_0,16365.995999925,16366.086432995
6,0,2026784,408849,AlPatch_0_1,7531.2634872457,7531.364182109
6,0,2026783,408849,AlPatch_0_1,7531.2634872457,7531.3533635441
6,0,2026982,396694,AlPatch_0_0,11897.044538714,11897.130849989
6,0,2026981,396694,AlPatch_0_0,11897.044538714,11897.142907149
6,0,2027306,378133,AlPatch_2_0,3143.3495471769,3143.4354005617
6,0,2027305,378133,AlPatch_2_0,3143.3495471769,3143.4357975824
6,0,2027708,354231,AlPatch_2_1,13362.720382856,13362.819407898
6,0,2027707,354231,AlPatch_2_1,13362.720382856,13362.810743364
6,0,2027926,341713,AlPatch_2_1,992.56774186767,992.66333057858
6,0,2027925,341713,AlPatch_2_1,992.56774186767,992.65413179909
6,0,2027946,340966,AlPatch_0_0,6064.1209879327,6064.2198343576
6,0,2027945,340966,AlPatch_0_0,6064.1209879327,6064.2073370905
6,0,2027948,340946,AlPatch_0_1,10471.845749373,10471.946429627
6,0,2027947,340946,AlPatch_0_1,10471.845749373,10471.945378229
6,0,2028082,334338,AlPatch_2_1,497.59144195941,497.68251436908
6,0,2028081,334338,AlPatch_2_1,497.59144195941,497.69555667467
6,0,2028922,284763,AlPatch_2_0,14613.566394286,14613.662670232
6,0,2028921,284763,AlPatch_2_0,14613.566394286,14613.668802197
6,0,2028938,284283,AlPatch_2_0,863.60009361014,863.68676259032
6,0,2028937,284283,AlPatch_2_0,863.60009361014,863.69466706162
6,0,2029424,252421,AlPatch_0_1,9942.3841295026,9942.4698643238
6,0,2029423,252421,AlPatch_0_1,9942.3841295026,9942.4694433438
6,0,2030288,202799,AlPatch_2_0,5391.0201316051,5391.1057523828
6,0,2030287,202799,AlPatch_2_0,5391.0201316051,5391.1132083436
6,0,2030992,162304,AlPatch_0_0,8304.5699827677,8304.6686090794
6,0,2030991,162304,AlPatch_0_0,8304.5699827677,8304.6655930524
6,0,2031108,154360,AlPatch_2_1,1727.0136064234,1727.1056192776
6,0,2031107,154360,AlPatch_2_1,1727.0136064234,1727.1109807144
6,0,2031220,147793,AlPatch_0_1,1741.1854919403,1741.2798454044
6,0,2031219,147793,AlPatch_0_1,1741.1854919403,1741.2827413471
6,0,2031510,130973,AlPatch_0_1,8004.287004446,8004.3759342098
6,0,2031509,130973,AlPatch_0_1,8004.287004446,8004.3847261009
6,0,2031806,115151,AlPatch_0_0,10722.108319847,10722.208448306
6,0,2031805,115151,AlPatch_0_0,10722.108319847,10722.199689856
6,0,2031816,114782,AlPatch_0_0,6064.2427113951,6064.3355005828
6,0,2031815,114782,AlPatch_0_0,6064.2427113951,6064.3377953625
6,0,2031912,109424,AlPatch_0_1,10771.182856388,10771.272943886
6,0,2031911,109424,AlPatch_0_1,10771.182856388,10771.273596208
6,0,2031916,109315,AlPatch_2_1,2167.3504733709,2167.4387537191
6,0,2031915,109315,AlPatch_2_1,2167.3504733709,2167.4379613933
6,0,2032412,81091,AlPatch_1_1,14914.326819735,14914.417866693
6,0,2032411,81091,AlPatch_1_1,14914.326819735,14914.42393718
6,0,2032586,69892,AlPatch_0_0,7224.7494994144,7224.8364579122
6,0,2032585,69892,AlPatch_0_0,7224.7494994144,7224.8525733076
6,0,2032610,68292,AlPatch_0_0,12653.126335987,12653.222675563
6,0,2032609,68292,AlPatch_0_0,12653.126335987,12653.228781176
6,0,2032792,56785,AlPatch_2_0,11432.983675808,11433.072315806
6,0,2032791,56785,AlPatch_2_0,11432.983675808,11433.070358615
6,0,2032804,56285,AlPatch_0_1,8976.7519452849,8976.8430265244
6,0,2032803,56285,AlPatch_0_1,8976.7519452849,8976.8434058091
6,0,2032832,54090,AlPatch_1_0,5840.5744578961,5840.6651174784
6,0,2032831,54090,AlPatch_1_0,5840.5744578961,5840.6716357313
6,0,2033104,37961,AlPatch_2_1,915.97598288059,916.06299382761
6,0,2033103,37961,AlPatch_2_1,915.97598288059,916.07118456041
6,0,2033414,17055,AlPatch_1_1,2342.0507923192,2342.1412216622
6,0,2033413,17055,AlPatch_1_1,2342.0507923192,2342.1521953148
6,0,2033514,12474,AlPatch_1_0,3456.0921200593,3456.1858197787
6,0,2033513,12474,AlPatch_1_0,3456.0921200593,3456.1871702307
6,0,2033526,11725,AlPatch_2_0,494.07439322453,494.16915525783
6,0,2033525,11725,AlPatch_2_0,494.07439322453,494.16003228048
6,0,2033624,6186,AlPatch_1_0,19339.229100984,19339.323034058
6,0,2033623,6186,AlPatch_1_0,19339.229100984,19339.321683307
7,0,2000068,1995226,AlPatch_1_1,8656.2560642437,8656.3470725459
7,0,2000067,1995226,AlPatch_1_1,8656.2560642437,8656.3491501252
7,0,2000186,1987438,AlPatch_2_1,6276.0102846689,6276.0982725873
7,0,2000185,1987438,AlPatch_2_1,6276.0102846689,6276.1001504125
7,0,2000270,1982582,AlPatch_0_1,3940.0936318304,3940.1911096934
7,0,2000269,1982582,AlPatch_0_1,3940.0936318304,3940.1804327213
7,0,2000448,1969557,AlPatch_0_1,12014.509902724,12014.596357001
7,0,2000447,1969557,AlPatch_0_1,12014.509902724,12014.613040114
7,0,2000484,1967329,AlPatch_1_0,18109.99344365,18110.080666997
7,0,2000483,1967329,AlPatch_1_0,18109.99344365,18110.089516794
7,0,2000526,1965008,AlPatch_1_1,3929.4310989699,3929.5234289959
7,0,2000525,1965008,AlPatch_1_1,3929.4310989699,3929.5308235485
7,0,2000548,1963517,AlPatch_2_1,1219.650802694,1219.7405186865
7,0,2000547,1963517,AlPatch_2_1,1219.650802694,1219.7409094162
7,0,2000722,1952671,AlPatch_2_1,11784.072800159,11784.159163524
7,0,2000721,1952671,AlPatch_2_1,11784.072800159,11784.158845534
7,0,2001128,1929340,AlPatch_0_1,3316.2778270147,3316.3640431729
7,0,2001127,1929340,AlPatch_0_1,3316.2778270147,3316.3818221854
7,0,2001308,1919578,AlPatch_1_0,726.27845633113,726.38071060947
7,0,2001307,1919578,AlPatch_1_0,726.27845633113,726.37742567127
7,0,2001346,1917588,AlPatch_1_0,8712.3365996953,8712.4352080617
7,0,2001345,1917588,AlPatch_1_0,8712.3365996953,8712.4371076252
7,0,2001670,1899685,AlPatch_0_1,6764.0306004347,6764.1194508195
7,0,2001669,1899685,AlPatch_0_1,6764.0306004347,6764.1174370051
7,0,2001686,1898926,AlPatch_2_0,1389.8687475721,1389.9594984054
7,0,2001685,1898926,AlPatch_2_0,1389.8687475721,1389.9707381849
7,0,2001764,1895353,AlPatch_1_0,3068.4626623775,3068.5487366431
7,0,2001763,1895353,AlPatch_1_0,3068.4626623775,3068.5660631661
7,0,2001864,1889698,AlPatch_0_0,17037.253281414,17037.340023687
7,0,2001863,1889698,AlPatch_0_0,17037.253281414,17037.353179058
7,0,2001890,1888662,AlPatch_0_1,13265.839934175,13265.941829492
7,0,2001889,1888662,AlPatch_0_1,13265.839934175,13265.925847744
7,0,2002076,1875818,AlPatch_0_0,12133.805792272,12133.892924697
7,0,2002075,1875818,AlPatch_0_0,12133.805792272,12133.893991653
7,0,2002162,1870852,AlPatch_1_1,6330.8967749709,6330.9884909932
7,0,2002161,1870852,AlPatch_1_1,6330.8967749709,6330.9889236386
7,0,2002300,1861343,AlPatch_2_0,1317.7977628994,1317.8837386776
7,0,2002299,1861343,AlPatch_2_0,1317.7977628994,1317.8972620916
7,0,2002308,1861006,AlPatch_2_1,10361.447110825,10361.549992855
7,0,2002307,1861006,AlPatch_2_1,10361.447110825,10361.533096542
7,0,2002390,1856342,AlPatch_2_1,8989.13271378,8989.231053974
7,0,2002389,1856342,AlPatch_2_1,8989.13271378,8989.2233133302
7,0,2002574,1845078,AlPatch_0_1,10671.308454817,10671.397992275
7,0,2002573,1845078,AlPatch_0_1,10671.308454817,10671.408210831
7,0,2003080,1814748,AlPatch_0_0,6241.2194636997,6241.3066334401
7,0,2003079,1814748,AlPatch_0_0,6241.2194636997,6241.3047698285
7,0,2003094,1814147,AlPatch_2_1,2182.7060826588,2182.8067713275
7,0,2003093,1814147,AlPatch_2_1,2182.7060826588,2182.7953654045
7,0,2003508,1790188,AlPatch_2_1,20273.396856472,20273.489042346
7,0,2003507,1790188,AlPatch_2_1,20273.396856472,20273.494751188
7,0,2004080,1754060,AlPatch_0_1,2464.1638770675,2464.2513175304
7,0,2004079,1754060,AlPatch_0_1,2464.1638770675,2464.251706626
7,0,2004152,1748322,AlPatch_0_1,15447.397396358,15447.483108836
7,0,2004151,1748322,AlPatch_0_1,15447.397396358,15447.485168684
7,0,2004246,1741376,AlPatch_2_0,2225.9860717281,2226.0795330198
7,0,2004245,1741376,AlPatch_2_0,2225.9860717281,2226.0797492816
7,0,2005434,1669020,AlPatch_0_0,16156.379126327,16156.479352877
7,0,2005433,1669020,AlPatch_0_0,16156.379126327,16156.467896204
7,0,2005462,1667479,AlPatch_2_0,9858.0527594136,9858.1384021546
7,0,2005461,1667479,AlPatch_2_0,9858.0527594136,9858.1380023216
7,0,2005744,1651439,AlPatch_1_1,10665.49071529,10665.576123398
7,0,2005743,1651439,AlPatch_1_1,10665.49071529,10665.576449454
7,0,2005970,1637206,AlPatch_1_0,1195.2743103294,1195.3668397985
7,0,2005969,1637206,AlPatch_1_0,1195.2743103294,1195.3750669232
7,0,2006054,1631626,AlPatch_2_1,1946.5260890382,1946.6114699711
7,0,2006053,1631626,AlPatch_2_1,1946.5260890382,1946.6307866852
7,0,2006086,1629586,AlPatch_2_0,1212.7898238849,1212.8773984942
7,0,2006085,1629586,AlPatch_2_0,1212.7898238849,1212.8769408742
7,0,2006550,1603561,AlPatch_1_0,15587.610293892,15587.711254678
7,0,2006549,1603561,AlPatch_1_0,15587.610293892,15587.696103509
7,0,2006672,1595802,AlPatch_1_1,14938.208068227,14938.296086019
7,0,2006671,1595802,AlPatch_1_1,14938.208068227,14938.298773157
7,0,2006862,1584840,AlPatch_0_0,12354.881418633,12354.97611701
7,0,2006861,1584840,AlPatch_0_0,12354.881418633,12354.982027163
7,0,2006930,1580360,AlPatch_1_1,10500.521684169,10500.610145118
7,0,2006929,1580360,AlPatch_1_1,10500.521684169,10500.622864931
7,0,2007054,1572635,AlPatch_1_0,3261.5020508829,3261.5928887797
7,0,2007053,1572635,AlPatch_1_0,3261.5020508829,3261.5935108378
7,0,2007396,1552879,AlPatch_0_1,11303.450313066,11303.539122392
7,0,2007395,1552879,AlPatch_0_1,11303.450313066,11303.549315034
7,0,2007418,1551807,AlPatch_0_1,3322.1222470426,3322.213828324
7,0,2007417,1551807,AlPatch_0_1,3322.1222470426,3322.2193750972
7,0,2007654,1536773,AlPatch_1_1,10206.335643619,10206.431224648
7,0,2007653,1536773,AlPatch_1_1,10206.335643619,10206.431290255
7,0,2007718,1531245,AlPatch_0_1,8748.1388126588,8748.2360853895
7,0,2007717,1531245,AlPatch_0_1,8748.1388126588,8748.2356402426
7,0,2007810,1525329,AlPatch_1_1,9242.5614813598,9242.651850571
7,0,2007809,1525329,AlPatch_1_1,9242.5614813598,9242.6540058252
7,0,2008662,1475151,AlPatch_2_0,4919.5750834446,4919.6701386825
7,0,2008661,1475151,AlPatch_2_0,4919.5750834446,4919.6700471545
7,0,2008760,1470805,AlPatch_1_1,1736.1769587119,1736.2704277783
7,0,2008759,1470805,AlPatch_1_1,1736.1769587119,1736.2714844049
7,0,2009038,1451510,AlPatch_0_1,7133.6190470183,7133.723092622
7,0,2009037,1451510,AlPatch_0_1,7133.6190470183,7133.7227719448
7,0,2009262,1437607,AlPatch_1_1,10388.135836381,10388.230168943
7,0,2009261,1437607,AlPatch_1_1,10388.135836381,10388.224890603
7,0,2009268,1437290,AlPatch_1_1,10314.384805397,10314.479822957
7,0,2009267,1437290,AlPatch_1_1,10314.384805397,10314.479225787
7,0,2009290,1436264,AlPatch_1_1,9077.9137307037,9078.0074942787
7,0,2009289,1436264,AlPatch_1_1,9077.9137307037,9078.0085896412
7,0,2009590,1420180,AlPatch_0_1,5985.4691246154,5985.5621444264
7,0,2009589,1420180,AlPatch_0_1,5985.4691246154,5985.5595913376
7,0,2009926,1397879,AlPatch_2_1,6188.919614609,6189.0072707282
7,0,2009925,1397879,AlPatch_2_1,6188.919614609,6189.0084933163
7,0,2010278,1377010,AlPatch_2_0,7235.9506020156,7236.0380514422
7,0,2010277,1377010,AlPatch_2_0,7235.9506020156,7236.0415646915
7,0,2010420,1368820,AlPatch_1_1,18566.023052347,18566.114391532
7,0,2010419,1368820,AlPatch_1_1,18566.023052347,18566.109831174
7,0,2010544,1361702,AlPatch_0_0,10856.797501982,10856.883785428
7,0,2010543,1361702,AlPatch_0_0,10856.797501982,10856.89719042
7,0,2010584,1359019,AlPatch_2_0,461.07804961979,461.17422996705
7,0,2010583,1359019,AlPatch_2_0,461.07804961979,461.17539132627
7,0,2010714,1351803,AlPatch_1_0,4009.6501181471,4009.7420421854
7,0,2010713,1351803,AlPatch_1_0,4009.6501181471,4009.7368644128
7,0,2010994,1336111,AlPatch_0_0,2933.6311946276,2933.7251827369
7,0,2010993,1336111,AlPatch_0_0,2933.6311946276,2933.7324606395
7,0,2011124,1328077,AlPatch_2_0,2935.9921835715,2936.0905254166
7,0,2011123,1328077,AlPatch_2_0,2935.9921835715,2936.0820805822
7,0,2011250,1320789,AlPatch_1_0,10094.595897075,10094.69592241
7,0,2011249,1320789,AlPatch_1_0,10094.595897075,10094.68473675
7,0,2011260,1320349,AlPatch_2_0,259.04503469455,259.14003738558
7,0,2011259,1320349,AlPatch_2_0,259.04503469455,259.14690030213
7,0,2011268,1320016,AlPatch_2_0,12561.237799574,12561.331078925
7,0,2011267,1320016,AlPatch_2_0,12561.237799574,12561.332467543
7,0,2011672,1297266,AlPatch_1_1,5692.0976660712,5692.1929010643
7,0,2011671,1297266,AlPatch_1_1,5692.0976660712,5692.2003303397
7,0,2011936,1280873,AlPatch_2_0,993.60636478514,993.69314387799
7,0,2011935,1280873,AlPatch_2_0,993.60636478514,993.69549898367
7,0,2012070,1273801,AlPatch_2_0,4486.4914637373,4486.5945600782
7,0,2012069,1273801,AlPatch_2_0,4486.4914637373,4486.5785488091
7,0,2012480,1247144,AlPatch_1_1,3409.8064985951,3409.8923620507
7,0,2012479,1247144,AlPatch_1_1,3409.8064985951,3409.8919822949
7,0,2012746,1231013,AlPatch_2_0,499.07483252698,499.16171147965
7,0,2012745,1231013,AlPatch_2_0,499.07483252698,499.16205046435
7,0,2012994,1216857,AlPatch_0_0,9249.9558685042,9250.054057161
7,0,2012993,1216857,AlPatch_0_0,9249.9558685042,9250.0516502572
7,0,2013144,1208119,AlPatch_0_1,19785.192396142,19785.27814383
7,0,2013143,1208119,AlPatch_0_1,19785.192396142,19785.294477934
7,0,2013310,1197927,AlPatch_2_1,4858.0737328653,4858.1665042745
7,0,2013309,1197927,AlPatch_2_1,4858.0737328653,4858.1641047366
7,0,2013322,1197526,AlPatch_2_1,10691.023432588,10691.119354365
7,0,2013321,1197526,AlPatch_2_1,10691.023432588,10691.125678342
7,0,2013636,1178592,AlPatch_2_1,11657.414478938,11657.5136994
7,0,2013635,1178592,AlPatch_2_1,11657.414478938,11657.50513286
7,0,2014336,1134833,AlPatch_1_1,2701.7219745183,2701.8112937599
7,0,2014335,1134833,AlPatch_1_1,2701.7219745183,2701.8206340336
7,0,2014342,1134490,AlPatch_2_1,19783.847747006,19783.943819843
7,0,2014341,1134490,AlPatch_2_1,19783.847747006,19783.943972894
7,0,2014412,1130463,AlPatch_0_1,10102.905798015,10103.000350352
7,0,2014411,1130463,AlPatch_0_1,10102.905798015,10102.999470644
7,0,2015208,1081588,AlPatch_2_0,12580.465072516,12580.553777213
7,0,2015207,1081588,AlPatch_2_0,12580.465072516,12580.559013412
7,0,2015242,1079058,AlPatch_2_1,3452.6241738234,3452.7128660833
7,0,2015241,1079058,AlPatch_2_1,3452.6241738234,3452.724558853
7,0,2015412,1068747,AlPatch_0_0,18428.081105733,18428.168787355
7,0,2015411,1068747,AlPatch_0_0,18428.081105733,18428.168886001
7,0,2015620,1054057,AlPatch_2_0,539.01963782318,539.10703984581
7,0,2015619,1054057,AlPatch_2_0,539.01963782318,539.11335831363
7,0,2015694,1047659,AlPatch_2_1,3925.6114265107,3925.7087862485
7,0,2015693,1047659,AlPatch_2_1,3925.6114265107,3925.7021592714
7,0,2016032,1027508,AlPatch_1_0,1906.5877988822,1906.6916469684
7,0,2016031,1027508,AlPatch_1_0,1906.5877988822,1906.682161244
7,0,2016058,1025622,AlPatch_2_1,6039.6056747584,6039.6927366673
7,0,2016057,1025622,AlPatch_2_1,6039.6056747584,6039.6921363043
7,0,2016294,1010897,AlPatch_0_0,10825.145838437,10825.238716362
7,0,2016293,1010897,AlPatch_0_0,10825.145838437,10825.234669513
7,0,2016608,993328,AlPatch_2_0,4594.1944100069,4594.2822628518
7,0,2016607,993328,AlPatch_2_0,4594.1944100069,4594.293913531
7,0,2016706,988240,AlPatch_1_0,1927.8921090445,1927.9967844484
7,0,2016705,988240,AlPatch_1_0,1927.8921090445,1927.9862644078
7,0,2016908,974987,AlPatch_1_1,15331.825216744,15331.916584335
7,0,2016907,974987,AlPatch_1_1,15331.825216744,15331.91653233
7,0,2016956,971673,AlPatch_1_1,5209.5555730921,5209.6459282983
7,0,2016955,971673,AlPatch_1_1,5209.5555730921,5209.6533440756
7,0,2016960,971482,AlPatch_2_0,1758.6534612033,1758.7464506996
7,0,2016959,971482,AlPatch_2_0,1758.6534612033,1758.746806487
7,0,2016978,970318,AlPatch_2_0,12291.097731627,12291.18402521
7,0,2016977,970318,AlPatch_2_0,12291.097731627,12291.2000574
7,0,2017142,961649,AlPatch_2_0,7452.4972877399,7452.5955371906
7,0,2017141,961649,AlPatch_2_0,7452.4972877399,7452.5906354185
7,0,2017438,946067,AlPatch_1_0,5635.5416242634,5635.6360417031
7,0,2017437,946067,AlPatch_1_0,5635.5416242634,5635.6364490941
7,0,2017450,945550,AlPatch_2_1,9045.5779984736,9045.6666792243
7,0,2017449,945550,AlPatch_2_1,9045.5779984736,9045.6664689944
7,0,2017552,938925,AlPatch_2_0,5826.7672499925,5826.856636317
7,0,2017551,938925,AlPatch_2_0,5826.7672499925,5826.8560792085
7,0,2017990,912258,AlPatch_2_1,17620.784365771,17620.873168629
7,0,2017989,912258,AlPatch_2_1,17620.784365771,17620.879288133
7,0,2017996,911905,AlPatch_2_1,13739.16151225,13739.250030188
7,0,2017995,911905,AlPatch_2_1,13739.16151225,13739.255143679
7,0,2018004,911634,AlPatch_1_1,3114.2586681227,3114.3443473004
7,0,2018003,911634,AlPatch_1_1,3114.2586681227,3114.3580090173
7,0,2018164,902447,AlPatch_0_0,4069.2777425187,4069.3778189565
7,0,2018163,902447,AlPatch_0_0,4069.2777425187,4069.3654324138
7,0,2018660,870484,AlPatch_0_0,18513.493004019,18513.580000409
7,0,2018659,870484,AlPatch_0_0,18513.493004019,18513.595655516
7,0,2018726,865932,AlPatch_1_1,25140.467198795,25140.560931346
7,0,2018725,865932,AlPatch_1_1,25140.467198795,25140.560183043
7,0,2018748,865013,AlPatch_0_0,6218.6434285449,6218.7313474496
7,0,2018747,865013,AlPatch_0_0,6218.6434285449,6218.7337387365
7,0,2018946,853785,AlPatch_1_0,2347.1211224947,2347.2125143555
7,0,2018945,853785,AlPatch_1_0,2347.1211224947,2347.2122446933
7,0,2019156,838943,AlPatch_2_0,4867.0385981088,4867.1441558047
7,0,2019155,838943,AlPatch_2_0,4867.0385981088,4867.1421960214
7,0,2019734,801154,AlPatch_1_1,24725.652634072,24725.743562198
7,0,2019733,801154,AlPatch_1_1,24725.652634072,24725.743122694
7,0,2019772,799023,AlPatch_2_0,10020.972829032,10021.07319163
7,0,2019771,799023,AlPatch_2_0,10020.972829032,10021.06678034
7,0,2019948,787750,AlPatch_2_0,253.88459865773,253.98197344305
7,0,2019947,787750,AlPatch_2_0,253.88459865773,253.98850032022
7,0,2020080,780168,AlPatch_0_1,7117.7962175807,7117.8822973314
7,0,2020079,780168,AlPatch_0_1,7117.7962175807,7117.8822790966
7,0,2020220,771879,AlPatch_0_0,5371.7487996343,5371.8407228815
7,0,2020219,771879,AlPatch_0_0,5371.7487996343,5371.8429622656
7,0,2020334,766307,AlPatch_1_1,5684.5486721996,5684.6409652359
7,0,2020333,766307,AlPatch_1_1,5684.5486721996,5684.6394503871
7,0,2020362,764248,AlPatch_2_1,11403.986848286,11404.076911565
7,0,2020361,764248,AlPatch_2_1,11403.986848286,11404.084999134
7,0,2020892,734003,AlPatch_0_0,11058.570933762,11058.669801226
7,0,2020891,734003,AlPatch_0_0,11058.570933762,11058.665656673
7,0,2020984,728960,AlPatch_0_0,3048.9833692227,3049.0778573396
7,0,2020983,728960,AlPatch_0_0,3048.9833692227,3049.0758329195
7,0,2021024,726764,AlPatch_0_0,14285.829835439,14285.92341381
7,0,2021023,726764,AlPatch_0_0,14285.829835439,14285.924254106
7,0,2021220,714836,AlPatch_0_0,7011.3319658275,7011.4251028023
7,0,2021219,714836,AlPatch_0_0,7011.3319658275,7011.4206060944
7,0,2021256,712658,AlPatch_0_1,15046.847407473,15046.93849933
7,0,2021255,712658,AlPatch_0_1,15046.847407473,15046.94470816
7,0,2021812,681072,AlPatch_2_1,4847.2586839132,4847.3486491916
7,0,2021811,681072,AlPatch_2_1,4847.2586839132,4847.355113785
7,0,2021860,678690,AlPatch_0_1,14101.458596962,14101.556520234
7,0,2021859,678690,AlPatch_0_1,14101.458596962,14101.547809079
7,0,2022206,655547,AlPatch_2_1,3244.765152166,3244.8520927833
7,0,2022205,655547,AlPatch_2_1,3244.765152166,3244.8702003931
7,0,2022462,640790,AlPatch_1_0,2453.0566678091,2453.1550274118
7,0,2022461,640790,AlPatch_1_0,2453.0566678091,2453.1544000764
7,0,2022700,627855,AlPatch_0_1,11428.159697683,11428.256318175
7,0,2022699,627855,AlPatch_0_1,11428.159697683,11428.255201944
7,0,2022878,615918,AlPatch_2_1,16230.533916949,16230.626579605
7,0,2022877,615918,AlPatch_2_1,16230.533916949,16230.62734001
7,0,2023008,608197,AlPatch_2_0,2521.7227604781,2521.8101834905
7,0,2023007,608197,AlPatch_2_0,2521.7227604781,2521.819361189
7,0,2023278,591400,AlPatch_2_0,13459.818569657,13459.912646875
7,0,2023277,591400,AlPatch_2_0,13459.818569657,13459.909766034
7,0,2023416,584581,AlPatch_2_0,255.61131513434,255.7015900309
7,0,2023415,584581,AlPatch_2_0,255.61131513434,255.70669850439
7,0,2023676,568680,AlPatch_0_0,16272.352783304,16272.441551987
7,0,2023675,568680,AlPatch_0_0,16272.352783304,16272.457260479
7,0,2024028,550284,AlPatch_0_0,10733.435565204,10733.522035932
7,0,2024027,550284,AlPatch_0_0,10733.435565204,10733.532953657
7,0,2024192,540160,AlPatch_0_0,10963.37723264,10963.469795666
7,0,2024191,540160,AlPatch_0_0,10963.37723264,10963.463404581
7,0,2024468,523321,AlPatch_2_1,924.27891583194,924.37355592165
7,0,2024467,523321,AlPatch_2_1,924.27891583194,924.37296232123
7,0,2024474,523047,AlPatch_1_1,15859.405210292,15859.503383665
7,0,2024473,523047,AlPatch_1_1,15859.405210292,15859.493689629
7,0,2024718,507181,AlPatch_2_1,11519.369442021,11519.46721639
7,0,2024717,507181,AlPatch_2_1,11519.369442021,11519.468264487
7,0,2024798,503709,AlPatch_1_0,8253.7129683241,8253.8024978227
7,0,2024797,503709,AlPatch_1_0,8253.7129683241,8253.816239062
7,0,2025128,482525,AlPatch_2_0,5939.1366540205,5939.2273378807
7,0,2025127,482525,AlPatch_2_0,5939.1366540205,5939.2282997271
7,0,2025364,468764,AlPatch_2_0,15736.887320993,15736.972767934
7,0,2025363,468764,AlPatch_2_0,15736.887320993,15736.979334587
7,0,2025430,465203,AlPatch_0_0,4691.7323988022,4691.8180555876
7,0,2025429,465203,AlPatch_0_0,4691.7323988022,4691.8360269011
7,0,2025464,462361,AlPatch_1_1,8867.9901210787,8868.0798611037
7,0,2025463,462361,AlPatch_1_1,8867.9901210787,8868.0834811159
7,0,2025648,450102,AlPatch_0_1,4892.0437353908,4892.1450617318
7,0,2025647,450102,AlPatch_0_1,4892.0437353908,4892.1376317548
7,0,2025660,449947,AlPatch_1_0,10015.793465274,10015.897182759
7,0,2025659,449947,AlPatch_1_0,10015.793465274,10015.879683531
7,0,2025714,446619,AlPatch_0_1,17068.191934593,17068.288603107
7,0,2025713,446619,AlPatch_0_1,17068.191934593,17068.294456613
7,0,2026346,405836,AlPatch_1_0,10170.813041409,10170.902869374
7,0,2026345,405836,AlPatch_1_0,10170.813041409,10170.902167703
7,0,2026670,387619,AlPatch_0_1,6946.6733308876,6946.7666401922
7,0,2026669,387619,AlPatch_0_1,6946.6733308876,6946.7763417367
7,0,2026690,386216,AlPatch_0_0,11682.687213408,11682.790786571
7,0,2026689,386216,AlPatch_0_0,11682.687213408,11682.774377177
7,0,2026806,379649,AlPatch_1_0,2748.185488709,2748.2756002343
7,0,2026805,379649,AlPatch_1_0,2748.185488709,2748.2850529551
7,0,2027238,351965,AlPatch_2_0,10978.776819764,10978.864558938
7,0,2027237,351965,AlPatch_2_0,10978.776819764,10978.878263259
7,0,2027412,342385,AlPatch_0_1,5646.9963863252,5647.0988906696
7,0,2027411,342385,AlPatch_0_1,5646.9963863252,5647.0937685966
7,0,2027434,340814,AlPatch_2_1,15172.216858342,15172.305083528
7,0,2027433,340814,AlPatch_2_1,15172.216858342,15172.318000275
7,0,2027444,340228,AlPatch_2_1,2558.43471626,2558.525210388
7,0,2027443,340228,AlPatch_2_1,2558.43471626,2558.5316693704
7,0,2027486,336565,AlPatch_1_1,2700.0213796988,2700.1237384489
7,0,2027485,336565,AlPatch_1_1,2700.0213796988,2700.12228411
7,0,2027494,336229,AlPatch_1_0,16217.352004094,16217.446682912
7,0,2027493,336229,AlPatch_1_0,16217.352004094,16217.446370232
7,0,2027676,325889,AlPatch_0_1,6763.1470056993,6763.2365590792
7,0,2027675,325889,AlPatch_0_1,6763.1470056993,6763.2472613237
7,0,2027850,317795,AlPatch_2_0,5886.5311258614,5886.6233538299
7,0,2027849,317795,AlPatch_2_0,5886.5311258614,5886.624162305
7,0,2027996,309418,AlPatch_2_0,12623.587131971,12623.677505471
7,0,2027995,309418,AlPatch_2_0,12623.587131971,12623.68037481
7,0,2028058,305348,AlPatch_2_1,10249.325776342,10249.421852354
7,0,2028057,305348,AlPatch_2_1,10249.325776342,10249.419537411
7,0,2028296,291330,AlPatch_2_1,4763.988847984,4764.0847608081
7,0,2028295,291330,AlPatch_2_1,4763.988847984,4764.0821282668
7,0,2028298,290983,AlPatch_2_0,727.51525770137,727.61024834255
7,0,2028297,290983,AlPatch_2_0,727.51525770137,727.60630868426
7,0,2028540,276205,AlPatch_0_1,1787.193855336,1787.2884540749
7,0,2028539,276205,AlPatch_0_1,1787.193855336,1787.2876003959
7,0,2028908,254804,AlPatch_2_0,1141.6107261849,1141.7044085867
7,0,2028907,254804,AlPatch_2_0,1141.6107261849,1141.7051510532
7,0,2029484,220190,AlPatch_1_1,1127.3483148352,1127.4402431631
7,0,2029483,220190,AlPatch_1_1,1127.3483148352,1127.434249701
7,0,2029520,217558,AlPatch_1_0,1851.2759919274,1851.3698761157
7,0,2029519,217558,AlPatch_1_0,1851.2759919274,1851.3711485817
7,0,2029624,211144,AlPatch_0_0,2940.3293083909,2940.4242442567
7,0,2029623,211144,AlPatch_0_0,2940.3293083909,2940.4223429973
7,0,2030286,169633,AlPatch_1_1,1100.7561011509,1100.8576517318
7,0,2030285,169633,AlPatch_1_1,1100.7561011509,1100.8444883698
7,0,2030748,139174,AlPatch_1_0,12650.063910101,12650.163175829
7,0,2030747,139174,AlPatch_1_0,12650.063910101,12650.154035742
7,0,2030796,136933,AlPatch_2_0,9765.3302977902,9765.4323002418
7,0,2030795,136933,AlPatch_2_0,9765.3302977902,9765.4311503908
7,0,2031050,120893,AlPatch_2_1,18456.183844428,18456.271367025
7,0,2031049,120893,AlPatch_2_1,18456.183844428,18456.273091748
7,0,2031768,78001,AlPatch_2_0,1918.4695039318,1918.5551166607
7,0,2031767,78001,AlPatch_2_0,1918.4695039318,1918.5554305092
7,0,2031924,69160,AlPatch_2_0,12495.816713458,12495.910389346
7,0,2031923,69160,AlPatch_2_0,12495.816713458,12495.913231209
7,0,2031996,63534,AlPatch_2_1,5829.2977765178,5829.3945382692
7,0,2031995,63534,AlPatch_2_1,5829.2977765178,5829.3900384077
7,0,2032110,55498,AlPatch_1_0,1187.040799181,1187.1261188137
7,0,2032109,55498,AlPatch_1_0,1187.040799181,1187.1358083013
7,0,2032180,50758,AlPatch_0_1,6857.3245631302,6857.4172671677
7,0,2032179,50758,AlPatch_0_1,6857.3245631302,6857.4250729792
7,0,2032360,39895,AlPatch_0_1,9654.3741404215,9654.4767076697
7,0,2032359,39895,AlPatch_0_1,9654.3741404215,9654.4671347083
7,0,2032390,38240,AlPatch_2_0,1556.6199918591,1556.7143493725
7,0,2032389,38240,AlPatch_2_0,1556.6199918591,1556.7136424606
7,0,2032606,25217,AlPatch_1_0,3318.1796269733,3318.2656824879
7,0,2032605,25217,AlPatch_1_0,3318.1796269733,3318.2654438152
7,0,2032626,24055,AlPatch_2_1,16708.053946187,16708.145371228
7,0,2032625,24055,AlPatch_2_1,16708.053946187,16708.143558499
7,0,2032858,9914,AlPatch_2_0,252.2618672494,252.35235936979
7,0,2032857,9914,AlPatch_2_0,252.2618672494,252.35230181372
7,0,2032888,8099,AlPatch_2_1,16071.305116074,16071.395193328
7,0,2032887,8099,AlPatch_2_1,16071.305116074,16071.39594666
8,0,2000054,1995948,AlPatch_0_0,5795.8542729445,5795.944653828
8,0,2000053,1995948,AlPatch_0_0,5795.8542729445,5795.9532152764
8,0,2000242,1985050,AlPatch_2_0,268.73379635332,268.82568740031
8,0,2000241,1985050,AlPatch_2_0,268.73379635332,268.82834438392
8,0,2000540,1969120,AlPatch_1_1,9786.7554601078,9786.8422220703
8,0,2000539,1969120,AlPatch_1_1,9786.7554601078,9786.8427835003
8,0,2000872,1949116,AlPatch_2_1,11180.275387218,11180.36243976
8,0,2000871,1949116,AlPatch_2_1,11180.275387218,11180.377108914
8,0,2000888,1948444,AlPatch_0_1,14907.104131798,14907.20048703
8,0,2000887,1948444,AlPatch_0_1,14907.104131798,14907.200741787
8,0,2001640,1899042,AlPatch_0_1,10211.199266795,10211.29438053
8,0,2001639,1899042,AlPatch_0_1,10211.199266795,10211.295569205
8,0,2001724,1893475,AlPatch_2_0,713.61322598384,713.70039710435
8,0,2001723,1893475,AlPatch_2_0,713.61322598384,713.70090033137
8,0,2001920,1882119,AlPatch_1_1,8705.6784533563,8705.7677172064
8,0,2001919,1882119,AlPatch_1_1,8705.6784533563,8705.7709118794
8,0,2001928,1881896,AlPatch_1_1,13883.609904841,13883.70468146
8,0,2001927,1881896,AlPatch_1_1,13883.609904841,13883.705737465
8,0,2002038,1875034,AlPatch_2_0,12832.698781771,12832.792496982
8,0,2002037,1875034,AlPatch_2_0,12832.698781771,12832.800266114
8,0,2002114,1869765,AlPatch_0_0,9382.4521621953,9382.560922624
8,0,2002113,1869765,AlPatch_0_0,9382.4521621953,9382.5373950073
8,0,2002128,1869357,AlPatch_2_1,4296.3346054626,4296.4373072131
8,0,2002127,1869357,AlPatch_2_1,4296.3346054626,4296.4368737206
8,0,2002462,1848941,AlPatch_2_0,6968.4821172265,6968.5840368518
8,0,2002461,1848941,AlPatch_2_0,6968.4821172265,6968.5679741032
8,0,2002624,1837449,AlPatch_2_0,1722.7581401493,1722.8656741701
8,0,2002623,1837449,AlPatch_2_0,1722.7581401493,1722.8437809382
8,0,2003168,1805019,AlPatch_0_0,11045.1640307,11045.258937606
8,0,2003167,1805019,AlPatch_0_0,11045.1640307,11045.249757483
8,0,2003418,1791357,AlPatch_2_1,12026.584036317,12026.67864309
8,0,2003417,1791357,AlPatch_2_1,12026.584036317,12026.687632149
8,0,2003488,1787676,AlPatch_1_0,1452.3311713679,1452.4252917911
8,0,2003487,1787676,AlPatch_1_0,1452.3311713679,1452.4264567118
8,0,2003620,1779160,AlPatch_1_0,1498.3937806625,1498.4857971233
8,0,2003619,1779160,AlPatch_1_0,1498.3937806625,1498.4879762076
8,0,2003804,1767965,AlPatch_0_1,12460.600197463,12460.696687099
8,0,2003803,1767965,AlPatch_0_1,12460.600197463,12460.686629764
8,0,2004338,1738025,AlPatch_2_0,1785.2449123068,1785.3339975379
8,0,2004337,1738025,AlPatch_2_0,1785.2449123068,1785.3430509861
8,0,2004528,1726579,AlPatch_2_0,4644.553376626,4644.6503497127
8,0,2004527,1726579,AlPatch_2_0,4644.553376626,4644.647080122
8,0,2005056,1695319,AlPatch_2_1,3334.4833557059,3334.569692786
8,0,2005055,1695319,AlPatch_2_1,3334.4833557059,3334.5708220087
8,0,2005102,1692357,AlPatch_1_1,1193.0682088366,1193.1631217003
8,0,2005101,1692357,AlPatch_1_1,1193.0682088366,1193.1636740327
8,0,2005108,1691627,AlPatch_0_1,8744.0387701467,8744.1274397719
8,0,2005107,1691627,AlPatch_0_1,8744.0387701467,8744.128203339
8,0,2005168,1687037,AlPatch_1_0,1173.8324878024,1173.9337007309
8,0,2005167,1687037,AlPatch_1_0,1173.8324878024,1173.9360855667
8,0,2005192,1686372,AlPatch_0_0,10343.293557307,10343.393330091
8,0,2005191,1686372,AlPatch_0_0,10343.293557307,10343.392113461
8,0,2005208,1685176,AlPatch_1_1,1538.9204794091,1539.0143276006
8,0,2005207,1685176,AlPatch_1_1,1538.9204794091,1539.0146420078
8,0,2005424,1671811,AlPatch_2_0,6181.5498689127,6181.6427292072
8,0,2005423,1671811,AlPatch_2_0,6181.5498689127,6181.6427682093
8,0,2005950,1640474,AlPatch_2_1,2110.2520683358,2110.3417510212
8,0,2005949,1640474,AlPatch_2_1,2110.2520683358,2110.345158872
8,0,2006246,1623064,AlPatch_2_1,1193.9623340264,1194.0525551564
8,0,2006245,1623064,AlPatch_2_1,1193.9623340264,1194.0514111808
8,0,2006272,1620149,AlPatch_2_0,7307.5130659253,7307.6066245334
8,0,2006271,1620149,AlPatch_2_0,7307.5130659253,7307.600668044
8,0,2006360,1615882,AlPatch_0_0,7631.1944785329,7631.280773364
8,0,2006359,1615882,AlPatch_0_0,7631.1944785329,7631.2799026538
8,0,2006390,1614236,AlPatch_0_1,9185.8325934937,9185.9304039554
8,0,2006389,1614236,AlPatch_0_1,9185.8325934937,9185.9309361726
8,0,2006986,1576918,AlPatch_1_1,1644.2415798678,1644.3385412268
8,0,2006985,1576918,AlPatch_1_1,1644.2415798678,1644.3351619438
8,0,2007016,1575672,AlPatch_2_1,5734.3323236462,5734.4226634938
8,0,2007015,1575672,AlPatch_2_1,5734.3323236462,5734.4374081431
8,0,2007374,1554752,AlPatch_0_0,6935.2098770606,6935.2973425372
8,0,2007373,1554752,AlPatch_0_0,6935.2098770606,6935.2962854681
8,0,2007686,1538983,AlPatch_2_1,12037.334666802,12037.434476283
8,0,2007685,1538983,AlPatch_2_1,12037.334666802,12037.431675619
8,0,2007736,1536261,AlPatch_2_1,16294.483337913,16294.573723686
8,0,2007735,1536261,AlPatch_2_1,16294.483337913,16294.573138749
8,0,2007792,1533094,AlPatch_2_1,9715.1794383704,9715.2681678886
8,0,2007791,1533094,AlPatch_2_1,9715.1794383704,9715.2672738711
8,0,2008236,1506736,AlPatch_0_0,10958.022021988,10958.114425918
8,0,2008235,1506736,AlPatch_0_0,10958.022021988,10958.114106141
8,0,2008406,1495638,AlPatch_0_0,6506.0512738323,6506.1548187574
8,0,2008405,1495638,AlPatch_0_0,6506.0512738323,6506.1378511807
8,0,2008712,1477680,AlPatch_2_0,1366.6342381336,1366.7336220253
8,0,2008711,1477680,AlPatch_2_0,1366.6342381336,1366.7199388185
8,0,2008960,1463749,AlPatch_2_0,17621.416397271,17621.516500642
8,0,2008959,1463749,AlPatch_2_0,17621.416397271,17621.519488657
8,0,2009130,1454064,AlPatch_2_0,265.85449605276,265.95646523104
8,0,2009129,1454064,AlPatch_2_0,265.85449605276,265.94547296724
8,0,2009300,1443550,AlPatch_1_1,3908.8116351819,3908.8972079873
8,0,2009299,1443550,AlPatch_1_1,3908.8116351819,3908.9113290184
8,0,2009406,1437472,AlPatch_2_0,14452.448724009,14452.54291357
8,0,2009405,1437472,AlPatch_2_0,14452.448724009,14452.536145741
8,0,2009452,1434302,AlPatch_2_0,3473.8295078495,3473.9217990471
8,0,2009451,1434302,AlPatch_2_0,3473.8295078495,3473.9184255631
8,0,2009778,1414735,AlPatch_1_0,6444.4697992998,6444.5681608401
8,0,2009777,1414735,AlPatch_1_0,6444.4697992998,6444.5595028049
8,0,2009962,1403703,AlPatch_2_1,12807.318600703,12807.406921223
8,0,2009961,1403703,AlPatch_2_1,12807.318600703,12807.420427687
8,0,2010842,1346589,AlPatch_1_1,3992.0921878641,3992.1936371745
8,0,2010841,1346589,AlPatch_1_1,3992.0921878641,3992.1923535769
8,0,2010910,1342725,AlPatch_2_1,5442.6512981907,5442.7419076364
8,0,2010909,1342725,AlPatch_2_1,5442.6512981907,5442.7510404272
8,0,2011200,1325349,AlPatch_2_1,1754.3398096899,1754.4363192755
8,0,2011199,1325349,AlPatch_2_1,1754.3398096899,1754.4350539654
8,0,2011238,1321936,AlPatch_2_1,9739.3724075728,9739.4713354885
8,0,2011237,1321936,AlPatch_2_1,9739.3724075728,9739.4731641541
8,0,2011864,1285287,AlPatch_1_0,16100.528211694,16100.618287264
8,0,2011863,1285287,AlPatch_1_0,16100.528211694,16100.622445018
8,0,2011928,1282823,AlPatch_2_1,1245.9969611519,1246.0900077113
8,0,2011927,1282823,AlPatch_2_1,1245.9969611519,1246.0842396366
8,0,2012002,1277474,AlPatch_2_0,689.20744904789,689.29372703897
8,0,2012001,1277474,AlPatch_2_0,689.20744904789,689.2952043212
8,0,2012272,1262952,AlPatch_2_0,2338.5853315603,2338.6898094235
8,0,2012271,1262952,AlPatch_2_0,2338.5853315603,2338.6801666283
8,0,2012456,1251433,AlPatch_1_0,14822.581020888,14822.6737234
8,0,2012455,1251433,AlPatch_1_0,14822.581020888,14822.679924212
8,0,2013004,1222309,AlPatch_1_1,14663.927783238,14664.029416458
8,0,2013003,1222309,AlPatch_1_1,14663.927783238,14664.014675881
8,0,2013014,1221816,AlPatch_0_0,10888.708428935,10888.798574488
8,0,2013013,1221816,AlPatch_0_0,10888.708428935,10888.804351099
8,0,2013052,1219136,AlPatch_0_1,9971.2241270648,9971.3114600332
8,0,2013051,1219136,AlPatch_0_1,9971.2241270648,9971.3119137291
8,0,2013060,1218915,AlPatch_1_0,3295.3492492978,3295.4355996623
8,0,2013059,1218915,AlPatch_1_0,3295.3492492978,3295.4385025775
8,0,2013242,1207621,AlPatch_0_0,2975.4931438029,2975.5794615549
8,0,2013241,1207621,AlPatch_0_0,2975.4931438029,2975.579893778
8,0,2013612,1183799,AlPatch_2_0,941.39154694577,941.48705460767
8,0,2013611,1183799,AlPatch_2_0,941.39154694577,941.48651493663
8,0,2013650,1180755,AlPatch_0_1,5519.8697419679,5519.961970615
8,0,2013649,1180755,AlPatch_0_1,5519.8697419679,5519.9568693622
8,0,2014108,1156252,AlPatch_2_0,257.67245924691,257.77376121337
8,0,2014107,1156252,AlPatch_2_0,257.67245924691,257.76921356799
8,0,2014450,1136196,AlPatch_2_0,555.99561778785,556.0956371082
8,0,2014449,1136196,AlPatch_2_0,555.99561778785,556.08688849055
8,0,2014980,1105238,AlPatch_0_1,4507.1028088271,4507.1977178652
8,0,2014979,1105238,AlPatch_0_1,4507.1028088271,4507.1987094502
8,0,2015318,1082264,AlPatch_1_0,12158.643729411,12158.733452056
8,0,2015317,1082264,AlPatch_1_0,12158.643729411,12158.732474039
8,0,2015980,1042061,AlPatch_1_1,16725.851581047,16725.941514854
8,0,2015979,1042061,AlPatch_1_1,16725.851581047,16725.941064138
8,0,2016028,1039217,AlPatch_0_1,13217.296869887,13217.395678014
8,0,2016027,1039217,AlPatch_0_1,13217.296869887,13217.39723495
8,0,2016260,1026062,AlPatch_2_0,1975.6590417898,1975.7524248556
8,0,2016259,1026062,AlPatch_2_0,1975.6590417898,1975.7482003067
8,0,2016556,1009549,AlPatch_0_0,10049.12855685,10049.22061205
8,0,2016555,1009549,AlPatch_0_0,10049.12855685,10049.219357014
8,0,2017038,981522,AlPatch_0_0,4580.4447480165,4580.5315826293
8,0,2017037,981522,AlPatch_0_0,4580.4447480165,4580.5365143533
8,0,2017188,971309,AlPatch_1_1,12269.045856864,12269.133408277
8,0,2017187,971309,AlPatch_1_1,12269.045856864,12269.132847198
8,0,2017502,953755,AlPatch_0_1,15015.996998184,15016.08744838
8,0,2017501,953755,AlPatch_0_1,15015.996998184,15016.088326993
8,0,2017648,944157,AlPatch_0_1,7938.2871814806,7938.383697196
8,0,2017647,944157,AlPatch_0_1,7938.2871814806,7938.3825524685
8,0,2017700,940998,AlPatch_1_1,11452.051612091,11452.144845007
8,0,2017699,940998,AlPatch_1_1,11452.051612091,11452.147260698
8,0,2017806,934981,AlPatch_1_0,6918.1228035066,6918.2105478149
8,0,2017805,934981,AlPatch_1_0,6918.1228035066,6918.2086763283
8,0,2017824,933925,AlPatch_0_0,17892.712138332,17892.81210078
8,0,2017823,933925,AlPatch_0_0,17892.712138332,17892.814246506
8,0,2018440,897109,AlPatch_0_0,2852.1164282549,2852.2054834336
8,0,2018439,897109,AlPatch_0_0,2852.1164282549,2852.2176359986
8,0,2018466,895929,AlPatch_0_1,10344.711936684,10344.797667454
8,0,2018465,895929,AlPatch_0_1,10344.711936684,10344.814428519
8,0,2018758,878435,AlPatch_1_0,13672.953706509,13673.052042185
8,0,2018757,878435,AlPatch_1_0,13672.953706509,13673.044628999
8,0,2019542,830428,AlPatch_0_1,2701.6942474643,2701.7819117617
8,0,2019541,830428,AlPatch_0_1,2701.6942474643,2701.7795655134
8,0,2019786,815037,AlPatch_2_0,812.45291595937,812.54922617548
8,0,2019785,815037,AlPatch_2_0,812.45291595937,812.55492074982
8,0,2019852,810519,AlPatch_2_0,1138.6707431379,1138.7649163492
8,0,2019851,810519,AlPatch_2_0,1138.6707431379,1138.7587315238
8,0,2020308,783762,AlPatch_2_0,2455.4435004136,2455.5418602391
8,0,2020307,783762,AlPatch_2_0,2455.4435004136,2455.5440621293
8,0,2020906,750040,AlPatch_1_1,1755.0607031404,1755.1535191538
8,0,2020905,750040,AlPatch_1_1,1755.0607031404,1755.1574519898
8,0,2020942,748176,AlPatch_2_0,8227.7079298142,8227.7975029672
8,0,2020941,748176,AlPatch_2_0,8227.7079298142,8227.8001835761
8,0,2020974,746184,AlPatch_2_0,253.62772130143,253.7270352936
8,0,2020973,746184,AlPatch_2_0,253.62772130143,253.71719146998
8,0,2021004,744115,AlPatch_2_0,10719.999163704,10720.096628922
8,0,2021003,744115,AlPatch_2_0,10719.999163704,10720.093077591
8,0,2021114,737005,AlPatch_0_1,18737.764782148,18737.852830485
8,0,2021113,737005,AlPatch_0_1,18737.764782148,18737.854302013
8,0,2021744,701200,AlPatch_0_0,9818.9774839513,9819.0664818991
8,0,2021743,701200,AlPatch_0_0,9818.9774839513,9819.0808791758
8,0,2021834,694752,AlPatch_2_1,1297.6829108639,1297.7731567255
8,0,2021833,694752,AlPatch_2_1,1297.6829108639,1297.7820481049
8,0,2022050,683040,AlPatch_1_0,15578.477691271,15578.578941976
8,0,2022049,683040,AlPatch_1_0,15578.477691271,15578.564233338
8,0,2022214,673287,AlPatch_0_0,8405.2951610987,8405.389566038
8,0,2022213,673287,AlPatch_0_0,8405.2951610987,8405.3827670045
8,0,2022606,649119,AlPatch_2_1,6483.0286910314,6483.1203073381
8,0,2022605,649119,AlPatch_2_1,6483.0286910314,6483.1183120201
8,0,2022652,646187,AlPatch_2_0,19966.798475412,19966.890681355
8,0,2022651,646187,AlPatch_2_0,19966.798475412,19966.892826216
8,0,2022832,636978,AlPatch_2_0,7069.3183188998,7069.4186661377
8,0,2022831,636978,AlPatch_2_0,7069.3183188998,7069.4060574828
8,0,2023200,615019,AlPatch_1_0,5003.14789136,5003.2336345462
8,0,2023199,615019,AlPatch_1_0,5003.14789136,5003.2344939226
8,0,2024104,559173,AlPatch_0_1,3953.3919034682,3953.4983743992
8,0,2024103,559173,AlPatch_0_1,3953.3919034682,3953.497373682
8,0,2024396,541642,AlPatch_2_0,10562.122775876,10562.213106012
8,0,2024395,541642,AlPatch_2_0,10562.122775876,10562.210418636
8,0,2024606,528262,AlPatch_0_0,4545.6571484582,4545.749018907
8,0,2024605,528262,AlPatch_0_0,4545.6571484582,4545.7468764763
8,0,2024630,527183,AlPatch_2_1,1708.5926201613,1708.6813707633
8,0,2024629,527183,AlPatch_2_1,1708.5926201613,1708.6880229693
8,0,2024700,522172,AlPatch_2_0,2116.4302296755,2116.5318222629
8,0,2024699,522172,AlPatch_2_0,2116.4302296755,2116.5206809272
8,0,2025086,502669,AlPatch_2_1,17671.317716016,17671.419940386
8,0,2025085,502669,AlPatch_2_1,17671.317716016,17671.419061502
8,0,2025502,481056,AlPatch_1_1,6288.2263835347,6288.3189606124
8,0,2025501,481056,AlPatch_1_1,6288.2263835347,6288.3222168205
8,0,2025778,462024,AlPatch_1_1,1689.5212069708,1689.6070828753
8,0,2025777,462024,AlPatch_1_1,1689.5212069708,1689.6070605801
8,0,2026324,427966,AlPatch_0_0,12573.985393164,12574.073745625
8,0,2026323,427966,AlPatch_0_0,12573.985393164,12574.074733446
8,0,2026460,421660,AlPatch_0_0,8823.3243642298,8823.4110998167
8,0,2026459,421660,AlPatch_0_0,8823.3243642298,8823.4102478383
8,0,2026598,412699,AlPatch_2_0,9848.4907626404,9848.5934126018
8,0,2026597,412699,AlPatch_2_0,9848.4907626404,9848.5824946261
8,0,2027014,388810,AlPatch_2_0,431.1098404229,431.19639897666
8,0,2027013,388810,AlPatch_2_0,431.1098404229,431.20325124842
8,0,2027096,384218,AlPatch_2_1,2269.9052596375,2269.9928791659
8,0,2027095,384218,AlPatch_2_1,2269.9052596375,2269.9926022778
8,0,2027394,368396,AlPatch_2_1,13266.467106137,13266.569339499
8,0,2027393,368396,AlPatch_2_1,13266.467106137,13266.553989487
8,0,2027426,366474,AlPatch_1_1,8511.5528301243,8511.6560552774
8,0,2027425,366474,AlPatch_1_1,8511.5528301243,8511.6543738692
8,0,2027650,353089,AlPatch_0_0,8322.0240215605,8322.1181395097
8,0,2027649,353089,AlPatch_0_0,8322.0240215605,8322.1177760642
8,0,2027942,335723,AlPatch_0_0,22508.336777237,22508.423589696
8,0,2027941,335723,AlPatch_0_0,22508.336777237,22508.42385353
8,0,2028108,326024,AlPatch_2_0,582.81239409271,582.90127067996
8,0,2028107,326024,AlPatch_2_0,582.81239409271,582.90088502106
8,0,2028296,316087,AlPatch_1_1,5387.0021123908,5387.1039671641
8,0,2028295,316087,AlPatch_1_1,5387.0021123908,5387.1018086265
8,0,2028472,305338,AlPatch_1_0,11604.232518635,11604.324738758
8,0,2028471,305338,AlPatch_1_0,11604.232518635,11604.334560594
8,0,2028740,289959,AlPatch_2_0,9527.0715578115,9527.1685032562
8,0,2028739,289959,AlPatch_2_0,9527.0715578115,9527.1679817985
8,0,2028750,289560,AlPatch_2_0,851.06193273501,851.15429930946
8,0,2028749,289560,AlPatch_2_0,851.06193273501,851.15650244154
8,0,2029162,266804,AlPatch_0_1,10959.949554922,10960.0398
8,0,2029161,266804,AlPatch_0_1,10959.949554922,10960.044947497
8,0,2029646,238109,AlPatch_1_1,17782.846082359,17782.941481812
8,0,2029645,238109,AlPatch_1_1,17782.846082359,17782.941380309
8,0,2030150,208303,AlPatch_1_0,10968.021494671,10968.110521751
8,0,2030149,208303,AlPatch_1_0,10968.021494671,10968.1113713
8,0,2030550,185768,AlPatch_1_1,17441.260635667,17441.349380191
8,0,2030549,185768,AlPatch_1_1,17441.260635667,17441.359740529
8,0,2030584,183580,AlPatch_0_1,6366.7902540866,6366.8917649779
8,0,2030583,183580,AlPatch_0_1,6366.7902540866,6366.8771013967
8,0,2030870,166987,AlPatch_2_1,3801.5491357855,3801.6507351337
8,0,2030869,166987,AlPatch_2_1,3801.5491357855,3801.6392660738
8,0,2031014,157413,AlPatch_2_1,1157.277577229,1157.3751958227
8,0,2031013,157413,AlPatch_2_1,1157.277577229,1157.3740207751
8,0,2031938,102075,AlPatch_2_0,4546.4004256718,4546.5006129424
8,0,2031937,102075,AlPatch_2_0,4546.4004256718,4546.5022244756
8,0,2032560,65607,AlPatch_1_0,4389.2065192224,4389.3068498874
8,0,2032559,65607,AlPatch_1_0,4389.2065192224,4389.3064416827
8,0,2032692,56782,AlPatch_1_0,23286.188634421,23286.278337825
8,0,2032691,56782,AlPatch_1_0,23286.188634421,23286.285439814
8,0,2033238,21395,AlPatch_0_0,7720.5802239027,7720.681177512
8,0,2033237,21395,AlPatch_0_0,7720.5802239027,7720.6671864963
9,0,2000086,1995194,AlPatch_1_0,14522.689797481,14522.776889872
9,0,2000085,1995194,AlPatch_1_0,14522.689797481,14522.791892655
9,0,2000188,1988957,AlPatch_1_0,7979.8486866993,7979.9343192263
9,0,2000187,1988957,AlPatch_1_0,7979.8486866993,7979.9341716937
9,0,2000358,1978676,AlPatch_0_0,18407.216131,18407.310014148
9,0,2000357,1978676,AlPatch_0_0,18407.216131,18407.303334414
9,0,2000490,1972829,AlPatch_1_1,4130.6618725331,4130.7498623798
9,0,2000489,1972829,AlPatch_1_1,4130.6618725331,4130.7568602968
9,0,2000728,1957353,AlPatch_1_0,15933.024758426,15933.118845817
9,0,2000727,1957353,AlPatch_1_0,15933.024758426,15933.124325888
9,0,2000762,1955365,AlPatch_2_0,7078.9623283621,7079.0600774704
9,0,2000761,1955365,AlPatch_2_0,7078.9623283621,7079.0476300857
9,0,2000828,1950887,AlPatch_0_1,2241.6768600437,2241.7689663415
9,0,2000827,1950887,AlPatch_0_1,2241.6768600437,2241.7656363072
9,0,2000872,1948730,AlPatch_1_1,5738.3598409115,5738.4620110873
9,0,2000871,1948730,AlPatch_1_1,5738.3598409115,5738.4629081677
9,0,2000950,1944099,AlPatch_2_0,14034.592798109,14034.679434887
9,0,2000949,1944099,AlPatch_2_0,14034.592798109,14034.678840085
9,0,2001228,1927565,AlPatch_0_1,2614.5051759669,2614.5964398264
9,0,2001227,1927565,AlPatch_0_1,2614.5051759669,2614.595524879
9,0,2001682,1898540,AlPatch_1_1,6873.9953571413,6874.0839806352
9,0,2001681,1898540,AlPatch_1_1,6873.9953571413,6874.0831571359
9,0,2001868,1886897,AlPatch_1_1,14431.172519668,14431.272620188
9,0,2001867,1886897,AlPatch_1_1,14431.172519668,14431.275083613
9,0,2002126,1871538,AlPatch_1_0,3065.9359733045,3066.0222478562
9,0,2002125,1871538,AlPatch_1_0,3065.9359733045,3066.0226839998
9,0,2002478,1848306,AlPatch_0_1,5656.6959618433,5656.7923022008
9,0,2002477,1848306,AlPatch_0_1,5656.6959618433,5656.7881665343
9,0,2002816,1830008,AlPatch_2_1,5558.4473401697,5558.537577281
9,0,2002815,1830008,AlPatch_2_1,5558.4473401697,5558.5407507106
9,0,2003040,1817561,AlPatch_0_1,12446.812877746,12446.904238771
9,0,2003039,1817561,AlPatch_0_1,12446.812877746,12446.905474201
9,0,2003386,1793793,AlPatch_2_0,702.9366526146,703.02809467478
9,0,2003385,1793793,AlPatch_2_0,702.9366526146,703.03204027005
9,0,2003444,1790855,AlPatch_1_1,5664.8907507909,5664.9792548546
9,0,2003443,1790855,AlPatch_1_1,5664.8907507909,5664.9770600578
9,0,2003936,1758898,AlPatch_2_0,9728.342723109,9728.4307766547
9,0,2003935,1758898,AlPatch_2_0,9728.342723109,9728.4315289844
9,0,2003958,1757457,AlPatch_0_0,13712.42271901,13712.514990253
9,0,2003957,1757457,AlPatch_0_0,13712.42271901,13712.523432195
9,0,2004012,1753807,AlPatch_0_0,6865.919573355,6866.0076295619
9,0,2004011,1753807,AlPatch_0_0,6865.919573355,6866.0066187715
9,0,2004254,1737573,AlPatch_0_1,21704.544650808,21704.63523891
9,0,2004253,1737573,AlPatch_0_1,21704.544650808,21704.643189635
9,0,2004546,1721608,AlPatch_2_0,1306.6137866002,1306.7050980349
9,0,2004545,1721608,AlPatch_2_0,1306.6137866002,1306.7036255934
9,0,2004576,1719784,AlPatch_0_0,8886.0227417692,8886.1199865635
9,0,2004575,1719784,AlPatch_0_0,8886.0227417692,8886.1139162136
9,0,2004582,1719492,AlPatch_0_1,9332.4852873807,9332.5751643832
9,0,2004581,1719492,AlPatch_0_1,9332.4852873807,9332.5773602498
9,0,2004666,1713425,AlPatch_2_0,253.3230877875,253.41121050005
9,0,2004665,1713425,AlPatch_2_0,253.3230877875,253.41266350729
9,0,2004770,1706858,AlPatch_2_0,5873.002306853,5873.0964199801
9,0,2004769,1706858,AlPatch_2_0,5873.002306853,5873.1017592301
9,0,2004832,1702241,AlPatch_2_0,258.99517136303,259.09476259001
9,0,2004831,1702241,AlPatch_2_0,258.99517136303,259.08915247847
9,0,2005420,1665064,AlPatch_2_0,5922.4917313771,5922.5893989957
9,0,2005419,1665064,AlPatch_2_0,5922.4917313771,5922.5933087771
9,0,2005554,1658352,AlPatch_2_0,5304.6526231182,5304.7475011239
9,0,2005553,1658352,AlPatch_2_0,5304.6526231182,5304.746589739
9,0,2005718,1646278,AlPatch_2_1,9976.0171865548,9976.1170500959
9,0,2005717,1646278,AlPatch_2_1,9976.0171865548,9976.1044453804
9,0,2006184,1621012,AlPatch_0_1,8885.6972895879,8885.7861459197
9,0,2006183,1621012,AlPatch_0_1,8885.6972895879,8885.7865580656
9,0,2006220,1618790,AlPatch_0_0,2237.6155499436,2237.7161761578
9,0,2006219,1618790,AlPatch_0_0,2237.6155499436,2237.7044522612
9,0,2006406,1608410,AlPatch_2_1,11401.75798364,11401.844104005
9,0,2006405,1608410,AlPatch_2_1,11401.75798364,11401.861200744
9,0,2006424,1607540,AlPatch_1_1,15230.288138721,15230.374751803
9,0,2006423,1607540,AlPatch_1_1,15230.288138721,15230.374642974
9,0,2006586,1598600,AlPatch_2_1,1747.3117717634,1747.4140665158
9,0,2006585,1598600,AlPatch_2_1,1747.3117717634,1747.3996014959
9,0,2006636,1595685,AlPatch_2_1,15183.359042127,15183.451475222
9,0,2006635,1595685,AlPatch_2_1,15183.359042127,15183.464017989
9,0,2007910,1514291,AlPatch_2_0,5342.0839113788,5342.1774627791
9,0,2007909,1514291,AlPatch_2_0,5342.0839113788,5342.1794000438
9,0,2008342,1488552,AlPatch_1_0,3992.1061829386,3992.1969416657
9,0,2008341,1488552,AlPatch_1_0,3992.1061829386,3992.2058834117
9,0,2008362,1486758,AlPatch_1_0,2374.1708437467,2374.2668784515
9,0,2008361,1486758,AlPatch_1_0,2374.1708437467,2374.2673723748
9,0,2008996,1447048,AlPatch_0_1,4942.6904867398,4942.7943525168
9,0,2008995,1447048,AlPatch_0_1,4942.6904867398,4942.7840403075
9,0,2009246,1433170,AlPatch_2_0,7840.4697557399,7840.5584951973
9,0,2009245,1433170,AlPatch_2_0,7840.4697557399,7840.5572096472
9,0,2009358,1427605,AlPatch_1_0,2094.2251176399,2094.3187610496
9,0,2009357,1427605,AlPatch_1_0,2094.2251176399,2094.3206720596
9,0,2009370,1427152,AlPatch_2_1,7979.9395833415,7980.0360835586
9,0,2009369,1427152,AlPatch_2_1,7979.9395833415,7980.0262743584
9,0,2009672,1407346,AlPatch_1_0,9383.4664219001,9383.5554707978
9,0,2009671,1407346,AlPatch_1_0,9383.4664219001,9383.5571450978
9,0,2009974,1390662,AlPatch_0_1,6660.3348015894,6660.4256285214
9,0,2009973,1390662,AlPatch_0_1,6660.3348015894,6660.424891594
9,0,2010054,1384812,AlPatch_2_1,18892.272693521,18892.358067244
9,0,2010053,1384812,AlPatch_2_1,18892.272693521,18892.358012793
9,0,2010400,1365119,AlPatch_2_0,268.80083844518,268.89797686788
9,0,2010399,1365119,AlPatch_2_0,268.80083844518,268.8936416052
9,0,2010720,1346470,AlPatch_0_0,14358.492520287,14358.591256999
9,0,2010719,1346470,AlPatch_0_0,14358.492520287,14358.590296043
9,0,2010764,1344182,AlPatch_0_0,10870.586091045,10870.678804082
9,0,2010763,1344182,AlPatch_0_0,10870.586091045,10870.676462983
9,0,2010836,1340963,AlPatch_0_1,14187.397133776,14187.491825403
9,0,2010835,1340963,AlPatch_0_1,14187.397133776,14187.484989565
9,0,2011022,1329932,AlPatch_2_0,453.29169407214,453.38305958176
9,0,2011021,1329932,AlPatch_2_0,453.29169407214,453.38745179394
9,0,2011444,1305540,AlPatch_1_1,6250.7244257952,6250.8189823629
9,0,2011443,1305540,AlPatch_1_1,6250.7244257952,6250.8164337401
9,0,2011762,1287248,AlPatch_0_1,4103.8809587781,4103.9717224437
9,0,2011761,1287248,AlPatch_0_1,4103.8809587781,4103.9691481459
9,0,2011834,1282330,AlPatch_2_0,253.514609673,253.61063226235
9,0,2011833,1282330,AlPatch_2_0,253.514609673,253.61129668147
9,0,2012218,1259226,AlPatch_0_0,3277.0979175531,3277.1874844911
9,0,2012217,1259226,AlPatch_0_0,3277.0979175531,3277.1961272733
9,0,2012308,1252615,AlPatch_2_1,7234.1234071912,7234.2136711346
9,0,2012307,1252615,AlPatch_2_1,7234.1234071912,7234.2178831256
9,0,2012500,1239786,AlPatch_2_0,12375.559089737,12375.653002025
9,0,2012499,1239786,AlPatch_2_0,12375.559089737,12375.661722408
9,0,2012510,1239371,AlPatch_1_1,10615.866014869,10615.961673702
9,0,2012509,1239371,AlPatch_1_1,10615.866014869,10615.967271056
9,0,2013326,1192748,AlPatch_2_1,17903.211244919,17903.29965801
9,0,2013325,1192748,AlPatch_2_1,17903.211244919,17903.298409488
9,0,2013426,1184996,AlPatch_0_0,12556.218871635,12556.314822973
9,0,2013425,1184996,AlPatch_0_0,12556.218871635,12556.308568719
9,0,2013964,1151456,AlPatch_0_1,9554.3400301093,9554.4255489046
9,0,2013963,1151456,AlPatch_0_1,9554.3400301093,9554.4259723422
9,0,2014380,1127046,AlPatch_2_0,415.4096851513,415.51069021631
9,0,2014379,1127046,AlPatch_2_0,415.4096851513,415.50341636667
9,0,2014418,1124673,AlPatch_0_1,2034.5017053253,2034.597528386
9,0,2014417,1124673,AlPatch_0_1,2034.5017053253,2034.5914510166
9,0,2014458,1121115,AlPatch_1_1,12043.285727357,12043.376326788
9,0,2014457,1121115,AlPatch_1_1,12043.285727357,12043.381320649
9,0,2014512,1118366,AlPatch_2_0,2576.8054723636,2576.9021164331
9,0,2014511,1118366,AlPatch_2_0,2576.8054723636,2576.9079909458
9,0,2014622,1112400,AlPatch_2_0,414.99447266489,415.09273252016
9,0,2014621,1112400,AlPatch_2_0,414.99447266489,415.09651263668
9,0,2014668,1110274,AlPatch_1_0,3634.7011512551,3634.7955952665
9,0,2014667,1110274,AlPatch_1_0,3634.7011512551,3634.7938375863
9,0,2015134,1082385,AlPatch_2_0,17315.024756299,17315.115666443
9,0,2015133,1082385,AlPatch_2_0,17315.024756299,17315.122569092
9,0,2015138,1082162,AlPatch_2_0,2375.5173438577,2375.6172836536
9,0,2015137,1082162,AlPatch_2_0,2375.5173438577,2375.6058210754
9,0,2015164,1080667,AlPatch_2_0,449.31511080548,449.42123847188
9,0,2015163,1080667,AlPatch_2_0,449.31511080548,449.40113700483
9,0,2015242,1075871,AlPatch_0_1,1514.2785870373,1514.3755808677
9,0,2015241,1075871,AlPatch_0_1,1514.2785870373,1514.3735413794
9,0,2015480,1063069,AlPatch_2_0,251.98005442169,252.08143436378
9,0,2015479,1063069,AlPatch_2_0,251.98005442169,252.06867810495
9,0,2015736,1047309,AlPatch_0_0,9696.4106439445,9696.5069622081
9,0,2015735,1047309,AlPatch_0_0,9696.4106439445,9696.5073606539
9,0,2016406,1008631,AlPatch_2_0,9670.0718642188,9670.1586583586
9,0,2016405,1008631,AlPatch_2_0,9670.0718642188,9670.1584583998
9,0,2016566,999632,AlPatch_2_0,2074.1004115332,2074.1948054959
9,0,2016565,999632,AlPatch_2_0,2074.1004115332,2074.1942316442
9,0,2016672,995166,AlPatch_1_1,2801.7925614598,2801.8917554739
9,0,2016671,995166,AlPatch_1_1,2801.7925614598,2801.8920134046
9,0,2016910,980026,AlPatch_2_0,480.05404625838,480.15144298915
9,0,2016909,980026,AlPatch_2_0,480.05404625838,480.14494819684
9,0,2016944,978282,AlPatch_2_0,13585.839537639,13585.932937649
9,0,2016943,978282,AlPatch_2_0,13585.839537639,13585.931519501
9,0,2017002,975870,AlPatch_1_1,4720.3069404249,4720.4069446842
9,0,2017001,975870,AlPatch_1_1,4720.3069404249,4720.3961661192
9,0,2017100,969007,AlPatch_1_1,5889.0708753657,5889.1742656783
9,0,2017099,969007,AlPatch_1_1,5889.0708753657,5889.1659265042
9,0,2017902,918355,AlPatch_2_0,3490.9142277997,3491.0150609339
9,0,2017901,918355,AlPatch_2_0,3490.9142277997,3491.0177678453
9,0,2018304,895825,AlPatch_2_1,12848.914308153,12849.003285287
9,0,2018303,895825,AlPatch_2_1,12848.914308153,12849.000858775
9,0,2018344,892873,AlPatch_0_0,4702.0832450307,4702.1800388089
9,0,2018343,892873,AlPatch_0_0,4702.0832450307,4702.1745259157
9,0,2018486,883781,AlPatch_0_0,4070.467325776,4070.5699344289
9,0,2018485,883781,AlPatch_0_0,4070.467325776,4070.5574506265
9,0,2018826,862304,AlPatch_2_0,1192.1906636732,1192.2910568156
9,0,2018825,862304,AlPatch_2_0,1192.1906636732,1192.282248574
9,0,2018842,861475,AlPatch_2_0,1991.1030531258,1991.1890244949
9,0,2018841,861475,AlPatch_2_0,1991.1030531258,1991.1912325763
9,0,2018854,860515,AlPatch_2_1,3428.0990765397,3428.1961288078
9,0,2018853,860515,AlPatch_2_1,3428.0990765397,3428.1964680815
9,0,2019156,842974,AlPatch_2_1,9597.1175151025,9597.2158706758
9,0,2019155,842974,AlPatch_2_1,9597.1175151025,9597.2192628322
9,0,2019306,833782,AlPatch_2_1,17152.18488562,17152.288440705
9,0,2019305,833782,AlPatch_2_1,17152.18488562,17152.270546544
9,0,2019308,833549,AlPatch_2_0,1791.6186336077,1791.7106500487
9,0,2019307,833549,AlPatch_2_0,1791.6186336077,1791.7108915996
9,0,2019350,831218,AlPatch_2_1,505.40025047262,505.50230398534
9,0,2019349,831218,AlPatch_2_1,505.40025047262,505.48596131947
9,0,2019464,824737,AlPatch_2_0,14049.065131363,14049.164955675
9,0,2019463,824737,AlPatch_2_0,14049.065131363,14049.154099507
9,0,2019932,798835,AlPatch_0_0,8070.5741815181,8070.6743334235
9,0,2019931,798835,AlPatch_0_0,8070.5741815181,8070.6640994353
9,0,2020086,789508,AlPatch_1_1,1707.1439864275,1707.2440115304
9,0,2020085,789508,AlPatch_1_1,1707.1439864275,1707.2346630518
9,0,2020108,788325,AlPatch_1_0,13777.055407087,13777.154105335
9,0,2020107,788325,AlPatch_1_0,13777.055407087,13777.154848875
9,0,2020536,763230,AlPatch_0_0,11030.75499109,11030.844991637
9,0,2020535,763230,AlPatch_0_0,11030.75499109,11030.840867397
9,0,2021256,716275,AlPatch_2_0,526.20040243363,526.28797070257
9,0,2021255,716275,AlPatch_2_0,526.20040243363,526.28762311573
9,0,2021324,712536,AlPatch_2_1,14381.207141655,14381.302215506
9,0,2021323,712536,AlPatch_2_1,14381.207141655,14381.305833319
9,0,2021528,701071,AlPatch_0_1,13242.800393211,13242.887985807
9,0,2021527,701071,AlPatch_0_1,13242.800393211,13242.888420552
9,0,2021696,691192,AlPatch_0_0,6286.2909700875,6286.385853038
9,0,2021695,691192,AlPatch_0_0,6286.2909700875,6286.3858225759
9,0,2022002,674387,AlPatch_2_1,631.95584684172,632.04256963256
9,0,2022001,674387,AlPatch_2_1,631.95584684173,632.05041070194
9,0,2022130,666915,AlPatch_2_0,11011.806837944,11011.897944432
9,0,2022129,666915,AlPatch_2_0,11011.806837944,11011.894048289
9,0,2022144,665537,AlPatch_2_0,11747.389826406,11747.475342306
9,0,2022143,665537,AlPatch_2_0,11747.389826406,11747.476714829
9,0,2022148,665468,AlPatch_2_0,2659.9942653733,2660.0863219487
9,0,2022147,665468,AlPatch_2_0,2659.9942653733,2660.0809646869
9,0,2022180,663448,AlPatch_1_1,7816.4566432429,7816.5455106375
9,0,2022179,663448,AlPatch_1_1,7816.4566432429,7816.5607086036
9,0,2022192,663089,AlPatch_2_0,8451.1567586675,8451.255081969
9,0,2022191,663089,AlPatch_2_0,8451.1567586675,8451.246841547
9,0,2022304,657428,AlPatch_1_1,2627.2917562309,2627.3877176729
9,0,2022303,657428,AlPatch_1_1,2627.2917562309,2627.3863885852
9,0,2022922,621980,AlPatch_2_0,256.17626758599,256.27061134884
9,0,2022921,621980,AlPatch_2_0,256.17626758599,256.27621704431
9,0,2023372,595845,AlPatch_1_0,8336.9409830144,8337.0337900416
9,0,2023371,595845,AlPatch_1_0,8336.9409830144,8337.0300707973
9,0,2023522,586643,AlPatch_2_1,18319.916682356,18320.011705148
9,0,2023521,586643,AlPatch_2_1,18319.916682356,18320.017366417
9,0,2023700,574901,AlPatch_2_0,962.12300764407,962.21851989309
9,0,2023699,574901,AlPatch_2_0,962.12300764407,962.21664999721
9,0,2023714,573137,AlPatch_2_0,8367.5403485904,8367.6400438347
9,0,2023713,573137,AlPatch_2_0,8367.5403485904,8367.6396880888
9,0,2024602,522799,AlPatch_2_0,436.5619789471,436.64886669094
9,0,2024601,522799,AlPatch_2_0,436.5619789471,436.64905192106
9,0,2025720,457379,AlPatch_2_1,7762.8454222527,7762.9367421029
9,0,2025719,457379,AlPatch_2_1,7762.8454222527,7762.9355413308
9,0,2027254,362037,AlPatch_2_1,1724.0128809334,1724.0981097708
9,0,2027253,362037,AlPatch_2_1,1724.0128809334,1724.1049191125
9,0,2027318,357795,AlPatch_0_1,14142.969005387,14143.058027781
9,0,2027317,357795,AlPatch_0_1,14142.969005387,14143.0728979
9,0,2027320,357757,AlPatch_1_1,12787.482641015,12787.585199441
9,0,2027319,357757,AlPatch_1_1,12787.482641015,12787.580035556
9,0,2027338,356878,AlPatch_1_1,8228.8679774086,8228.9605513204
9,0,2027337,356878,AlPatch_1_1,8228.8679774086,8228.9637664427
9,0,2027502,345251,AlPatch_0_1,4171.5455446632,4171.6319733542
9,0,2027501,345251,AlPatch_0_1,4171.5455446632,4171.64990279
9,0,2027606,340098,AlPatch_2_1,8651.9625106124,8652.0511368185
9,0,2027605,340098,AlPatch_2_1,8651.9625106124,8652.0491612879
9,0,2027798,327738,AlPatch_1_1,2727.7849687816,2727.8767011562
9,0,2027797,327738,AlPatch_1_1,2727.7849687816,2727.883635821
9,0,2028206,303450,AlPatch_1_1,6816.1907081552,6816.2932742087
9,0,2028205,303450,AlPatch_1_1,6816.1907081552,6816.2786599666
9,0,2028772,269446,AlPatch_2_0,4752.8862175014,4752.9755319012
9,0,2028771,269446,AlPatch_2_0,4752.8862175014,4752.982057493
9,0,2028938,260323,AlPatch_2_1,1628.3519512207,1628.4420807988
9,0,2028937,260323,AlPatch_2_1,1628.3519512207,1628.4500837642
9,0,2029386,237759,AlPatch_2_1,6742.8136331515,6742.8994407379
9,0,2029385,237759,AlPatch_2_1,6742.8136331515,6742.9148689732
9,0,2029396,237317,AlPatch_0_0,15486.364795295,15486.468321208
9,0,2029395,237317,AlPatch_0_0,15486.364795295,15486.455102661
9,0,2030022,205245,AlPatch_0_0,12876.295092562,12876.390971629
9,0,2030021,205245,AlPatch_0_0,12876.295092562,12876.386603404
9,0,2030422,182064,AlPatch_1_0,3029.2626291504,3029.3554726703
9,0,2030421,182064,AlPatch_1_0,3029.2626291504,3029.364901618
9,0,2030440,180926,AlPatch_2_0,2542.9820590733,2543.0776089538
9,0,2030439,180926,AlPatch_2_0,2542.9820590733,2543.0798458314
9,0,2030512,177159,AlPatch_2_0,13041.570710557,13041.663522829
9,0,2030511,177159,AlPatch_2_0,13041.570710557,13041.661225578
9,0,2030890,155738,AlPatch_2_0,2744.3491685364,2744.43739867
9,0,2030889,155738,AlPatch_2_0,2744.3491685364,2744.4498120879
9,0,2030960,151666,AlPatch_1_0,2076.1444718698,2076.2463922506
9,0,2030959,151666,AlPatch_1_0,2076.1444718698,2076.2390782768
9,0,2031500,120284,AlPatch_2_0,645.20212944302,645.2882812235
9,0,2031499,120284,AlPatch_2_0,645.20212944302,645.30911971452
9,0,2031508,118884,AlPatch_1_0,4685.487074326,4685.5886958709
9,0,2031507,118884,AlPatch_1_0,4685.487074326,4685.5829995658
9,0,2031536,117731,AlPatch_1_1,6764.6558016627,6764.756231547
9,0,2031535,117731,AlPatch_1_1,6764.6558016627,6764.7433653835
9,0,2032408,64774,AlPatch_2_1,3876.8578504363,3876.9524176108
9,0,2032407,64774,AlPatch_2_1,3876.8578504363,3876.943452069
9,0,2032496,59049,AlPatch_2_0,2706.9391791755,2707.0308128776
9,0,2032495,59049,AlPatch_2_0,2706.9391791755,2707.0306728613
9,0,2032546,56408,AlPatch_2_1,2752.8241186578,2752.9133630695
9,0,2032545,56408,AlPatch_2_1,2752.8241186578,2752.913519822
9,0,2032778,43846,AlPatch_0_1,4314.9885965033,4315.0779753424
9,0,2032777,43846,AlPatch_0_1,4314.9885965033,4315.0888723732
9,0,2033226,14491,AlPatch_2_1,968.59159773022,968.68212059546
9,0,2033225,14491,AlPatch_2_1,968.59159773022,968.68131894419
9,0,2033254,12946,AlPatch_1_1,12268.619709921,12268.706007872
9,0,2033253,12946,AlPatch_1_1,12268.619709921,12268.705104065
